Scientific,Date,Zone,Latitude,Longitude,Source
Cathartes aura,2010-05-22,0,48.942,-123.51,Hunterston Farm Stewardship Report: A Review of the 2010 BioBlitz
Branta canadensis,2010-05-22,1,48.944,-123.51,Hunterston Farm Stewardship Report: A Review of the 2010 BioBlitz
Anagallis arvensis,2010-05-22,1,48.944,-123.51,Hunterston Farm Stewardship Report: A Review of the 2010 BioBlitz
Bavista plumbea,2010-05-22,1,48.944,-123.51,Hunterston Farm Stewardship Report: A Review of the 2010 BioBlitz
Bellis perennis,2010-05-22,1,48.944,-123.51,Hunterston Farm Stewardship Report: A Review of the 2010 BioBlitz
Blechnum spicant,2010-05-22,1,48.944,-123.51,Hunterston Farm Stewardship Report: A Review of the 2010 BioBlitz
Bromus tectorum,2010-05-22,1,48.944,-123.51,Hunterston Farm Stewardship Report: A Review of the 2010 BioBlitz
Capsella bursa-pastoris,2010-05-22,1,48.944,-123.51,Hunterston Farm Stewardship Report: A Review of the 2010 BioBlitz
Carduelis pinus,2010-05-22,1,48.944,-123.51,Hunterston Farm Stewardship Report: A Review of the 2010 BioBlitz
Carduelis tristis,2010-05-22,1,48.944,-123.51,Hunterston Farm Stewardship Report: A Review of the 2010 BioBlitz
Carpodacus mexicanus,2010-05-22,1,48.944,-123.51,Hunterston Farm Stewardship Report: A Review of the 2010 BioBlitz
Celastrina echo,2010-05-22,1,48.944,-123.51,Hunterston Farm Stewardship Report: A Review of the 2010 BioBlitz
Cerastium sp.,2010-05-22,1,48.944,-123.51,Hunterston Farm Stewardship Report: A Review of the 2010 BioBlitz
Cirsium vulgare,2010-05-22,1,48.944,-123.51,Hunterston Farm Stewardship Report: A Review of the 2010 BioBlitz
Dactylis glomerata,2010-05-22,1,48.944,-123.51,Hunterston Farm Stewardship Report: A Review of the 2010 BioBlitz
Dryocopus pileatus,2010-05-22,1,48.944,-123.51,Hunterston Farm Stewardship Report: A Review of the 2010 BioBlitz
Eleocharis palostris,2010-05-22,1,48.944,-123.51,Hunterston Farm Stewardship Report: A Review of the 2010 BioBlitz
Geranium dissectum,2010-05-22,1,48.944,-123.51,Hunterston Farm Stewardship Report: A Review of the 2010 BioBlitz
Geranium robertianum,2010-05-22,1,48.944,-123.51,Hunterston Farm Stewardship Report: A Review of the 2010 BioBlitz
Holcus lanatus,2010-05-22,1,48.944,-123.51,Hunterston Farm Stewardship Report: A Review of the 2010 BioBlitz
Hypochaeris,2010-05-22,1,48.944,-123.51,Hunterston Farm Stewardship Report: A Review of the 2010 BioBlitz
Lactuca muralis,2010-05-22,1,48.944,-123.51,Hunterston Farm Stewardship Report: A Review of the 2010 BioBlitz
Malva neglecta,2010-05-22,1,48.944,-123.51,Hunterston Farm Stewardship Report: A Review of the 2010 BioBlitz
Marasmius oreades,2010-05-22,1,48.944,-123.51,Hunterston Farm Stewardship Report: A Review of the 2010 BioBlitz
Melospiza melodius,2010-05-22,1,48.944,-123.51,Hunterston Farm Stewardship Report: A Review of the 2010 BioBlitz
Poa annua,2010-05-22,1,48.944,-123.51,Hunterston Farm Stewardship Report: A Review of the 2010 BioBlitz
Pseudacris regilla,2010-05-22,1,48.944,-123.51,Hunterston Farm Stewardship Report: A Review of the 2010 BioBlitz
Rana aurora,2010-05-22,1,48.944,-123.51,Hunterston Farm Stewardship Report: A Review of the 2010 BioBlitz
Ranunculus occidentelis,2010-05-22,1,48.944,-123.51,Hunterston Farm Stewardship Report: A Review of the 2010 BioBlitz
Roa pratensis,2010-05-22,1,48.944,-123.51,Hunterston Farm Stewardship Report: A Review of the 2010 BioBlitz
Rorripa sp.,2010-05-22,1,48.944,-123.51,Hunterston Farm Stewardship Report: A Review of the 2010 BioBlitz
Sedum spathulifolium,2010-05-22,1,48.944,-123.51,Hunterston Farm Stewardship Report: A Review of the 2010 BioBlitz
Selasphorus rufus,2010-05-22,1,48.944,-123.51,Hunterston Farm Stewardship Report: A Review of the 2010 BioBlitz
Sonchus oleraceus,2010-05-22,1,48.944,-123.51,Hunterston Farm Stewardship Report: A Review of the 2010 BioBlitz
Sphyrapicus ruber,2010-05-22,1,48.944,-123.51,Hunterston Farm Stewardship Report: A Review of the 2010 BioBlitz
Spizella passerina,2010-05-22,1,48.944,-123.51,Hunterston Farm Stewardship Report: A Review of the 2010 BioBlitz
Syrphidae,2010-05-22,1,48.944,-123.51,Hunterston Farm Stewardship Report: A Review of the 2010 BioBlitz
Tachycineta thalassina,2010-05-22,1,48.944,-123.51,Hunterston Farm Stewardship Report: A Review of the 2010 BioBlitz
Thlaspi arvense,2010-05-22,1,48.944,-123.51,Hunterston Farm Stewardship Report: A Review of the 2010 BioBlitz
Trifolium repens,2010-05-22,1,48.944,-123.51,Hunterston Farm Stewardship Report: A Review of the 2010 BioBlitz
Turdus migratorius,2010-05-22,1,48.944,-123.51,Hunterston Farm Stewardship Report: A Review of the 2010 BioBlitz
Veronica beccabunga,2010-05-22,1,48.944,-123.51,Hunterston Farm Stewardship Report: A Review of the 2010 BioBlitz
Veronica serpyllifolia,2010-05-22,1,48.944,-123.51,Hunterston Farm Stewardship Report: A Review of the 2010 BioBlitz
Viola aduner,2010-05-22,1,48.944,-123.51,Hunterston Farm Stewardship Report: A Review of the 2010 BioBlitz
Vireo huttoni,2010-05-22,1,48.944,-123.51,Hunterston Farm Stewardship Report: A Review of the 2010 BioBlitz
Zonotrichia leucophrys,2010-05-22,1,48.944,-123.51,Hunterston Farm Stewardship Report: A Review of the 2010 BioBlitz
Molothrus ater,2010-05-22,1,48.944,-123.51,Hunterston Farm Stewardship Report: A Review of the 2010 BioBlitz
Achillea millefolium,2010-05-22,2,48.943,-123.51,Hunterston Farm Stewardship Report: A Review of the 2010 BioBlitz
Agoseris sp.,2010-05-22,2,48.943,-123.51,Hunterston Farm Stewardship Report: A Review of the 2010 BioBlitz
Aira praecox,2010-05-22,2,48.943,-123.51,Hunterston Farm Stewardship Report: A Review of the 2010 BioBlitz
Allium cernuum,2010-05-22,2,48.943,-123.51,Hunterston Farm Stewardship Report: A Review of the 2010 BioBlitz
Amarrita pantherina,2010-05-22,2,48.943,-123.51,Hunterston Farm Stewardship Report: A Review of the 2010 BioBlitz
Amsmakia sp.,2010-05-22,2,48.943,-123.51,Hunterston Farm Stewardship Report: A Review of the 2010 BioBlitz
Anthocharis sara flora,2010-05-22,2,48.943,-123.51,Hunterston Farm Stewardship Report: A Review of the 2010 BioBlitz
Anthoxanthum odoratum,2010-05-22,2,48.943,-123.51,Hunterston Farm Stewardship Report: A Review of the 2010 BioBlitz
Asparagus,2010-05-22,2,48.943,-123.51,Hunterston Farm Stewardship Report: A Review of the 2010 BioBlitz
Berberis nervosa,2010-05-22,2,48.943,-123.51,Hunterston Farm Stewardship Report: A Review of the 2010 BioBlitz
Camassia,2010-05-22,2,48.943,-123.51,Hunterston Farm Stewardship Report: A Review of the 2010 BioBlitz
Cardamine oligosperma,2010-05-22,2,48.943,-123.51,Hunterston Farm Stewardship Report: A Review of the 2010 BioBlitz
Castilleja hispida,2010-05-22,2,48.943,-123.51,Hunterston Farm Stewardship Report: A Review of the 2010 BioBlitz
Castilleja miniata,2010-05-22,2,48.943,-123.51,Hunterston Farm Stewardship Report: A Review of the 2010 BioBlitz
Cerastium arvanse,2010-05-22,2,48.943,-123.51,Hunterston Farm Stewardship Report: A Review of the 2010 BioBlitz
Cerastium sp.,2010-05-22,2,48.943,-123.51,Hunterston Farm Stewardship Report: A Review of the 2010 BioBlitz
Certhia americana,2010-05-22,2,48.943,-123.51,Hunterston Farm Stewardship Report: A Review of the 2010 BioBlitz
Claytonia perfoliata,2010-05-22,2,48.943,-123.51,Hunterston Farm Stewardship Report: A Review of the 2010 BioBlitz
Cynosurus echinatus,2010-05-22,2,48.943,-123.51,Hunterston Farm Stewardship Report: A Review of the 2010 BioBlitz
Cytisus scoparius,2010-05-22,2,48.943,-123.51,Hunterston Farm Stewardship Report: A Review of the 2010 BioBlitz
Danthonia intermedia,2010-05-22,2,48.943,-123.51,Hunterston Farm Stewardship Report: A Review of the 2010 BioBlitz
Delphinium menziesii,2010-05-22,2,48.943,-123.51,Hunterston Farm Stewardship Report: A Review of the 2010 BioBlitz
Elymus glaucus,2010-05-22,2,48.943,-123.51,Hunterston Farm Stewardship Report: A Review of the 2010 BioBlitz
Epilobium sp.,2010-05-22,2,48.943,-123.51,Hunterston Farm Stewardship Report: A Review of the 2010 BioBlitz
Erodium,2010-05-22,2,48.943,-123.51,Hunterston Farm Stewardship Report: A Review of the 2010 BioBlitz
Erynnis propertius,2010-05-22,2,48.943,-123.51,Hunterston Farm Stewardship Report: A Review of the 2010 BioBlitz
Festuca sp.,2010-05-22,2,48.943,-123.51,Hunterston Farm Stewardship Report: A Review of the 2010 BioBlitz
Fritillaria lanceolata,2010-05-22,2,48.943,-123.51,Hunterston Farm Stewardship Report: A Review of the 2010 BioBlitz
Goodyera oblongifolia,2010-05-22,2,48.943,-123.51,Hunterston Farm Stewardship Report: A Review of the 2010 BioBlitz
Grindelia,2010-05-22,2,48.943,-123.51,Hunterston Farm Stewardship Report: A Review of the 2010 BioBlitz
Haliaeetus leucocephalus,2010-05-22,2,48.943,-123.51,Hunterston Farm Stewardship Report: A Review of the 2010 BioBlitz
Hieracium albiflorum,2010-05-22,2,48.943,-123.51,Hunterston Farm Stewardship Report: A Review of the 2010 BioBlitz
Junco hyemalis,2010-05-22,2,48.943,-123.51,Hunterston Farm Stewardship Report: A Review of the 2010 BioBlitz
Lathyrus latifolius,2010-05-22,2,48.943,-123.51,Hunterston Farm Stewardship Report: A Review of the 2010 BioBlitz
Lathyrus nevadensis,2010-05-22,2,48.943,-123.51,Hunterston Farm Stewardship Report: A Review of the 2010 BioBlitz
Lonicera ciliosa,2010-05-22,2,48.943,-123.51,Hunterston Farm Stewardship Report: A Review of the 2010 BioBlitz
Lophocampa argentata,2010-05-22,2,48.943,-123.51,Hunterston Farm Stewardship Report: A Review of the 2010 BioBlitz
Luzula multiflora,2010-05-22,2,48.943,-123.51,Hunterston Farm Stewardship Report: A Review of the 2010 BioBlitz
Lysichiton americanum,2010-05-22,2,48.943,-123.51,Hunterston Farm Stewardship Report: A Review of the 2010 BioBlitz
Mimulus alsinoides,2010-05-22,2,48.943,-123.51,Hunterston Farm Stewardship Report: A Review of the 2010 BioBlitz
Montia parvifolia,2010-05-22,2,48.943,-123.51,Hunterston Farm Stewardship Report: A Review of the 2010 BioBlitz
Myosotis laxa,2010-05-22,2,48.943,-123.51,Hunterston Farm Stewardship Report: A Review of the 2010 BioBlitz
Orobanche uniflora,2010-05-22,2,48.943,-123.51,Hunterston Farm Stewardship Report: A Review of the 2010 BioBlitz
Pachistima myrsinites,2010-05-22,2,48.943,-123.51,Hunterston Farm Stewardship Report: A Review of the 2010 BioBlitz
Pentagramma triangularis,2010-05-22,2,48.943,-123.51,Hunterston Farm Stewardship Report: A Review of the 2010 BioBlitz
Pipilo maculatus,2010-05-22,2,48.943,-123.51,Hunterston Farm Stewardship Report: A Review of the 2010 BioBlitz
Plantago lanceolata,2010-05-22,2,48.943,-123.51,Hunterston Farm Stewardship Report: A Review of the 2010 BioBlitz
Platanthera sp.,2010-05-22,2,48.943,-123.51,Hunterston Farm Stewardship Report: A Review of the 2010 BioBlitz
Poecile rufescens,2010-05-22,2,48.943,-123.51,Hunterston Farm Stewardship Report: A Review of the 2010 BioBlitz
Polypodium glycyrrhiza,2010-05-22,2,48.943,-123.51,Hunterston Farm Stewardship Report: A Review of the 2010 BioBlitz
Rosa gymnocarpa,2010-05-22,2,48.943,-123.51,Hunterston Farm Stewardship Report: A Review of the 2010 BioBlitz
Rosa nutkana,2010-05-22,2,48.943,-123.51,Hunterston Farm Stewardship Report: A Review of the 2010 BioBlitz
Rubus discolor,2010-05-22,2,48.943,-123.51,Hunterston Farm Stewardship Report: A Review of the 2010 BioBlitz
Rubus parviflorus,2010-05-22,2,48.943,-123.51,Hunterston Farm Stewardship Report: A Review of the 2010 BioBlitz
Rumex acetosella,2010-05-22,2,48.943,-123.51,Hunterston Farm Stewardship Report: A Review of the 2010 BioBlitz
Salicornia virginica,2010-05-22,2,48.943,-123.51,Hunterston Farm Stewardship Report: A Review of the 2010 BioBlitz
Sambucus racemosa,2010-05-22,2,48.943,-123.51,Hunterston Farm Stewardship Report: A Review of the 2010 BioBlitz
Satureja douglassii,2010-05-22,2,48.943,-123.51,Hunterston Farm Stewardship Report: A Review of the 2010 BioBlitz
Selaginella oregana,2010-05-22,2,48.943,-123.51,Hunterston Farm Stewardship Report: A Review of the 2010 BioBlitz
Senecio jacobea,2010-05-22,2,48.943,-123.51,Hunterston Farm Stewardship Report: A Review of the 2010 BioBlitz
Silene sp.,2010-05-22,2,48.943,-123.51,Hunterston Farm Stewardship Report: A Review of the 2010 BioBlitz
Sisymbrium officinale,2010-05-22,2,48.943,-123.51,Hunterston Farm Stewardship Report: A Review of the 2010 BioBlitz
Sitta canadensis,2010-05-22,2,48.943,-123.51,Hunterston Farm Stewardship Report: A Review of the 2010 BioBlitz
Stellaria media,2010-05-22,2,48.943,-123.51,Hunterston Farm Stewardship Report: A Review of the 2010 BioBlitz
Tachycineta thalassina,2010-05-22,2,48.943,-123.51,Hunterston Farm Stewardship Report: A Review of the 2010 BioBlitz
Taraxarum officinale,2010-05-22,2,48.943,-123.51,Hunterston Farm Stewardship Report: A Review of the 2010 BioBlitz
Trisetum spicatum,2010-05-22,2,48.943,-123.51,Hunterston Farm Stewardship Report: A Review of the 2010 BioBlitz
Triteleia hyacinthinia,2010-05-22,2,48.943,-123.51,Hunterston Farm Stewardship Report: A Review of the 2010 BioBlitz
Troglodytes aedon,2010-05-22,2,48.943,-123.51,Hunterston Farm Stewardship Report: A Review of the 2010 BioBlitz
Turdus migratorius,2010-05-22,2,48.943,-123.51,Hunterston Farm Stewardship Report: A Review of the 2010 BioBlitz
Urtica dioica,2010-05-22,2,48.943,-123.51,Hunterston Farm Stewardship Report: A Review of the 2010 BioBlitz
Vermivora celata,2010-05-22,2,48.943,-123.51,Hunterston Farm Stewardship Report: A Review of the 2010 BioBlitz
Vicia americana,2010-05-22,2,48.943,-123.51,Hunterston Farm Stewardship Report: A Review of the 2010 BioBlitz
Vicia gigantea,2010-05-22,2,48.943,-123.51,Hunterston Farm Stewardship Report: A Review of the 2010 BioBlitz
Vicia hirsuta,2010-05-22,2,48.943,-123.51,Hunterston Farm Stewardship Report: A Review of the 2010 BioBlitz
Vicia sativa,2010-05-22,2,48.943,-123.51,Hunterston Farm Stewardship Report: A Review of the 2010 BioBlitz
Vulpia,2010-05-22,2,48.943,-123.51,Hunterston Farm Stewardship Report: A Review of the 2010 BioBlitz
Zigadenus venenosus,2010-05-22,2,48.943,-123.51,Hunterston Farm Stewardship Report: A Review of the 2010 BioBlitz
Selasphorus rufus,2010-05-22,2,48.943,-123.51,Hunterston Farm Stewardship Report: A Review of the 2010 BioBlitz
Berberis nervosa,2010-05-22,3,48.943,-123.51,Hunterston Farm Stewardship Report: A Review of the 2010 BioBlitz
Lonicera ciliosa,2010-05-22,3,48.943,-123.51,Hunterston Farm Stewardship Report: A Review of the 2010 BioBlitz
Platanthera sp.,2010-05-22,3,48.943,-123.51,Hunterston Farm Stewardship Report: A Review of the 2010 BioBlitz
Rosa gymnocarpa,2010-05-22,3,48.943,-123.51,Hunterston Farm Stewardship Report: A Review of the 2010 BioBlitz
Rosa nutkana,2010-05-22,3,48.943,-123.51,Hunterston Farm Stewardship Report: A Review of the 2010 BioBlitz
Rubus parviflorus,2010-05-22,3,48.943,-123.51,Hunterston Farm Stewardship Report: A Review of the 2010 BioBlitz
Satureja douglassii,2010-05-22,3,48.943,-123.51,Hunterston Farm Stewardship Report: A Review of the 2010 BioBlitz
Vicia sativa,2010-05-22,3,48.943,-123.51,Hunterston Farm Stewardship Report: A Review of the 2010 BioBlitz
Achlys triphylla,2010-05-22,3,48.943,-123.51,Hunterston Farm Stewardship Report: A Review of the 2010 BioBlitz
Alnus rubra,2010-05-22,3,48.943,-123.51,Hunterston Farm Stewardship Report: A Review of the 2010 BioBlitz
Ambystoma macrodactylum,2010-05-22,3,48.943,-123.51,Hunterston Farm Stewardship Report: A Review of the 2010 BioBlitz
Amelanchior alnifolia,2010-05-22,3,48.943,-123.51,Hunterston Farm Stewardship Report: A Review of the 2010 BioBlitz
Arbutus menziesii,2010-05-22,3,48.943,-123.51,Hunterston Farm Stewardship Report: A Review of the 2010 BioBlitz
Arctostaphylos uva-ursi,2010-05-22,3,48.943,-123.51,Hunterston Farm Stewardship Report: A Review of the 2010 BioBlitz
Bellis perennis,2010-05-22,3,48.943,-123.51,Hunterston Farm Stewardship Report: A Review of the 2010 BioBlitz
Berberis aquifolium,2010-05-22,3,48.943,-123.51,Hunterston Farm Stewardship Report: A Review of the 2010 BioBlitz
Bombus spp (? Bombidae),2010-05-22,3,48.943,-123.51,Hunterston Farm Stewardship Report: A Review of the 2010 BioBlitz
Catharus ustulatus,2010-05-22,3,48.943,-123.51,Hunterston Farm Stewardship Report: A Review of the 2010 BioBlitz
Circaea alpina,2010-05-22,3,48.943,-123.51,Hunterston Farm Stewardship Report: A Review of the 2010 BioBlitz
Corallorhiza sp.,2010-05-22,3,48.943,-123.51,Hunterston Farm Stewardship Report: A Review of the 2010 BioBlitz
Dendroica nigrescens,2010-05-22,3,48.943,-123.51,Hunterston Farm Stewardship Report: A Review of the 2010 BioBlitz
Elgaria coerulea,2010-05-22,3,48.943,-123.51,Hunterston Farm Stewardship Report: A Review of the 2010 BioBlitz
Fomitopsis pinicola,2010-05-22,3,48.943,-123.51,Hunterston Farm Stewardship Report: A Review of the 2010 BioBlitz
Fragaria vesca,2010-05-22,3,48.943,-123.51,Hunterston Farm Stewardship Report: A Review of the 2010 BioBlitz
Galium aparine,2010-05-22,3,48.943,-123.51,Hunterston Farm Stewardship Report: A Review of the 2010 BioBlitz
Galium triflorum,2010-05-22,3,48.943,-123.51,Hunterston Farm Stewardship Report: A Review of the 2010 BioBlitz
Gerarnium molle,2010-05-22,3,48.943,-123.51,Hunterston Farm Stewardship Report: A Review of the 2010 BioBlitz
Heuchera micrantha,2010-05-22,3,48.943,-123.51,Hunterston Farm Stewardship Report: A Review of the 2010 BioBlitz
Hypochaeris radicata,2010-05-22,3,48.943,-123.51,Hunterston Farm Stewardship Report: A Review of the 2010 BioBlitz
Linnea borealis,2010-05-22,3,48.943,-123.51,Hunterston Farm Stewardship Report: A Review of the 2010 BioBlitz
Lotus micranthus,2010-05-22,3,48.943,-123.51,Hunterston Farm Stewardship Report: A Review of the 2010 BioBlitz
Moerhingia macrophylla,2010-05-22,3,48.943,-123.51,Hunterston Farm Stewardship Report: A Review of the 2010 BioBlitz
Monadenia fidelis,2010-05-22,3,48.943,-123.51,Hunterston Farm Stewardship Report: A Review of the 2010 BioBlitz
Odocoileus hemionus,2010-05-22,3,48.943,-123.51,Hunterston Farm Stewardship Report: A Review of the 2010 BioBlitz
Pholaris arundinacea,2010-05-22,3,48.943,-123.51,Hunterston Farm Stewardship Report: A Review of the 2010 BioBlitz
Poa annua,2010-05-22,3,48.943,-123.51,Hunterston Farm Stewardship Report: A Review of the 2010 BioBlitz
Pseudotsuga menziesii,2010-05-22,3,48.943,-123.51,Hunterston Farm Stewardship Report: A Review of the 2010 BioBlitz
Pteridium aquilinum,2010-05-22,3,48.943,-123.51,Hunterston Farm Stewardship Report: A Review of the 2010 BioBlitz
Ribes sanguineam,2010-05-22,3,48.943,-123.51,Hunterston Farm Stewardship Report: A Review of the 2010 BioBlitz
Rubus ursinus,2010-05-22,3,48.943,-123.51,Hunterston Farm Stewardship Report: A Review of the 2010 BioBlitz
Salix lucida,2010-05-22,3,48.943,-123.51,Hunterston Farm Stewardship Report: A Review of the 2010 BioBlitz
Salix scouleriana,2010-05-22,3,48.943,-123.51,Hunterston Farm Stewardship Report: A Review of the 2010 BioBlitz
Thuja plicata,2010-05-22,3,48.943,-123.51,Hunterston Farm Stewardship Report: A Review of the 2010 BioBlitz
Trametes hirsuta,2010-05-22,3,48.943,-123.51,Hunterston Farm Stewardship Report: A Review of the 2010 BioBlitz
Trifolium dubium,2010-05-22,3,48.943,-123.51,Hunterston Farm Stewardship Report: A Review of the 2010 BioBlitz
Vaccinium ovatum,2010-05-22,3,48.943,-123.51,Hunterston Farm Stewardship Report: A Review of the 2010 BioBlitz
Vaccinium parvifolium,2010-05-22,3,48.943,-123.51,Hunterston Farm Stewardship Report: A Review of the 2010 BioBlitz
Veronica peregrina,2010-05-22,3,48.943,-123.51,Hunterston Farm Stewardship Report: A Review of the 2010 BioBlitz
Vireo gilvus,2010-05-22,3,48.943,-123.51,Hunterston Farm Stewardship Report: A Review of the 2010 BioBlitz
Tamiasciurus hudsonicus,2010-05-22,3,48.943,-123.51,Hunterston Farm Stewardship Report: A Review of the 2010 BioBlitz
Berberis nervosa,2010-05-22,4,48.944,-123.51,Hunterston Farm Stewardship Report: A Review of the 2010 BioBlitz
Lonicera ciliosa,2010-05-22,4,48.944,-123.51,Hunterston Farm Stewardship Report: A Review of the 2010 BioBlitz
Platanthera sp.,2010-05-22,4,48.944,-123.51,Hunterston Farm Stewardship Report: A Review of the 2010 BioBlitz
Rosa gymnocarpa,2010-05-22,4,48.944,-123.51,Hunterston Farm Stewardship Report: A Review of the 2010 BioBlitz
Rubus parviflorus,2010-05-22,4,48.944,-123.51,Hunterston Farm Stewardship Report: A Review of the 2010 BioBlitz
Clinopodium douglasii,2010-05-22,4,48.944,-123.51,Hunterston Farm Stewardship Report: A Review of the 2010 BioBlitz
Amelanchier alnifolia,2010-05-22,4,48.944,-123.51,Hunterston Farm Stewardship Report: A Review of the 2010 BioBlitz
Arbutus menziesii,2010-05-22,4,48.944,-123.51,Hunterston Farm Stewardship Report: A Review of the 2010 BioBlitz
Bellis perennis,2010-05-22,4,48.944,-123.51,Hunterston Farm Stewardship Report: A Review of the 2010 BioBlitz
Catharus ustulatus,2010-05-22,4,48.944,-123.51,Hunterston Farm Stewardship Report: A Review of the 2010 BioBlitz
Fragaria vesca,2010-05-22,4,48.944,-123.51,Hunterston Farm Stewardship Report: A Review of the 2010 BioBlitz
Galium aparine,2010-05-22,4,48.944,-123.51,Hunterston Farm Stewardship Report: A Review of the 2010 BioBlitz
Galium triflorum,2010-05-22,4,48.944,-123.51,Hunterston Farm Stewardship Report: A Review of the 2010 BioBlitz
Pseudotsuga menziesii,2010-05-22,4,48.944,-123.51,Hunterston Farm Stewardship Report: A Review of the 2010 BioBlitz
Rubus ursinus,2010-05-22,4,48.944,-123.51,Hunterston Farm Stewardship Report: A Review of the 2010 BioBlitz
Thuja plicata,2010-05-22,4,48.944,-123.51,Hunterston Farm Stewardship Report: A Review of the 2010 BioBlitz
Vaccinium ovatum,2010-05-22,4,48.944,-123.51,Hunterston Farm Stewardship Report: A Review of the 2010 BioBlitz
Goodyera oblongifolia,2010-05-22,4,48.944,-123.51,Hunterston Farm Stewardship Report: A Review of the 2010 BioBlitz
Montia parvifolia,2010-05-22,4,48.944,-123.51,Hunterston Farm Stewardship Report: A Review of the 2010 BioBlitz
Polypodium glycyrrhiza,2010-05-22,4,48.944,-123.51,Hunterston Farm Stewardship Report: A Review of the 2010 BioBlitz
Sitta canadensis,2010-05-22,4,48.944,-123.51,Hunterston Farm Stewardship Report: A Review of the 2010 BioBlitz
Columba fasciata,2010-05-22,4,48.944,-123.51,Hunterston Farm Stewardship Report: A Review of the 2010 BioBlitz
Contopus cooperi,2010-05-22,4,48.944,-123.51,Hunterston Farm Stewardship Report: A Review of the 2010 BioBlitz
Corallorhiza maculata,2010-05-22,4,48.944,-123.51,Hunterston Farm Stewardship Report: A Review of the 2010 BioBlitz
Dicranum fuscescens,2010-05-22,4,48.944,-123.51,Hunterston Farm Stewardship Report: A Review of the 2010 BioBlitz
Gaultheria shallon,2010-05-22,4,48.944,-123.51,Hunterston Farm Stewardship Report: A Review of the 2010 BioBlitz
Holodiscus discolor,2010-05-22,4,48.944,-123.51,Hunterston Farm Stewardship Report: A Review of the 2010 BioBlitz
Hylocomium splendens,2010-05-22,4,48.944,-123.51,Hunterston Farm Stewardship Report: A Review of the 2010 BioBlitz
Kindbergia oregana,2010-05-22,4,48.944,-123.51,Hunterston Farm Stewardship Report: A Review of the 2010 BioBlitz
Lactuca muralis,2010-05-22,4,48.944,-123.51,Hunterston Farm Stewardship Report: A Review of the 2010 BioBlitz
Leucolopis acanthoneura,2010-05-22,4,48.944,-123.51,Hunterston Farm Stewardship Report: A Review of the 2010 BioBlitz
Peltigera neopolydactyla,2010-05-22,4,48.944,-123.51,Hunterston Farm Stewardship Report: A Review of the 2010 BioBlitz
Plagiomnium insigne,2010-05-22,4,48.944,-123.51,Hunterston Farm Stewardship Report: A Review of the 2010 BioBlitz
Polystichum munitum,2010-05-22,4,48.944,-123.51,Hunterston Farm Stewardship Report: A Review of the 2010 BioBlitz
Polytrichum juniperinum,2010-05-22,4,48.944,-123.51,Hunterston Farm Stewardship Report: A Review of the 2010 BioBlitz
Ranunculus occidentelis,2010-05-22,4,48.944,-123.51,Hunterston Farm Stewardship Report: A Review of the 2010 BioBlitz
Ranunculus urcinatus,2010-05-22,4,48.944,-123.51,Hunterston Farm Stewardship Report: A Review of the 2010 BioBlitz
Rhizomnium glabrescens,2010-05-22,4,48.944,-123.51,Hunterston Farm Stewardship Report: A Review of the 2010 BioBlitz
Rhytidiadelphus triquetris,2010-05-22,4,48.944,-123.51,Hunterston Farm Stewardship Report: A Review of the 2010 BioBlitz
Salix sitchensis,2010-05-22,4,48.944,-123.51,Hunterston Farm Stewardship Report: A Review of the 2010 BioBlitz
Sedum spathulifolium,2010-05-22,4,48.944,-123.51,Hunterston Farm Stewardship Report: A Review of the 2010 BioBlitz
Sphyrapicus ruber,2010-05-22,4,48.944,-123.51,Hunterston Farm Stewardship Report: A Review of the 2010 BioBlitz
Taxus brevifolia,2010-05-22,4,48.944,-123.51,Hunterston Farm Stewardship Report: A Review of the 2010 BioBlitz
Tellima grandiflora,2010-05-22,4,48.944,-123.51,Hunterston Farm Stewardship Report: A Review of the 2010 BioBlitz
Trientalis latifolia,2010-05-22,4,48.944,-123.51,Hunterston Farm Stewardship Report: A Review of the 2010 BioBlitz
Usnea sp.,2010-05-22,4,48.944,-123.51,Hunterston Farm Stewardship Report: A Review of the 2010 BioBlitz
Acer macrophyllum,2010-05-22,5,48.943,-123.51,Hunterston Farm Stewardship Report: A Review of the 2010 BioBlitz
Adenocaulon bicolor,2010-05-22,5,48.943,-123.51,Hunterston Farm Stewardship Report: A Review of the 2010 BioBlitz
Alnus rubra,2010-05-22,5,48.943,-123.51,Hunterston Farm Stewardship Report: A Review of the 2010 BioBlitz
Arbutus menziesii,2010-05-22,5,48.943,-123.51,Hunterston Farm Stewardship Report: A Review of the 2010 BioBlitz
Bellis perennis,2010-05-22,5,48.943,-123.51,Hunterston Farm Stewardship Report: A Review of the 2010 BioBlitz
Berberis aquifolium,2010-05-22,5,48.943,-123.51,Hunterston Farm Stewardship Report: A Review of the 2010 BioBlitz
Berberis nervosa,2010-05-22,5,48.943,-123.51,Hunterston Farm Stewardship Report: A Review of the 2010 BioBlitz
Bromus sitchensis,2010-05-22,5,48.943,-123.51,Hunterston Farm Stewardship Report: A Review of the 2010 BioBlitz
Cardamine occidentalis,2010-05-22,5,48.943,-123.51,Hunterston Farm Stewardship Report: A Review of the 2010 BioBlitz
Cardamine sp.,2010-05-22,5,48.943,-123.51,Hunterston Farm Stewardship Report: A Review of the 2010 BioBlitz
Catharus ustulatus,2010-05-22,5,48.943,-123.51,Hunterston Farm Stewardship Report: A Review of the 2010 BioBlitz
Claytonia perfoliata,2010-05-22,5,48.943,-123.51,Hunterston Farm Stewardship Report: A Review of the 2010 BioBlitz
Claytonia sibirica,2010-05-22,5,48.943,-123.51,Hunterston Farm Stewardship Report: A Review of the 2010 BioBlitz
Columba fasciata,2010-05-22,5,48.943,-123.51,Hunterston Farm Stewardship Report: A Review of the 2010 BioBlitz
Cryptoporus volvatus,2010-05-22,5,48.943,-123.51,Hunterston Farm Stewardship Report: A Review of the 2010 BioBlitz
Daphne laureola,2010-05-22,5,48.943,-123.51,Hunterston Farm Stewardship Report: A Review of the 2010 BioBlitz
Dryopteris expansa,2010-05-22,5,48.943,-123.51,Hunterston Farm Stewardship Report: A Review of the 2010 BioBlitz
Empidonax difficilis,2010-05-22,5,48.943,-123.51,Hunterston Farm Stewardship Report: A Review of the 2010 BioBlitz
Fragaria chiloensis,2010-05-22,5,48.943,-123.51,Hunterston Farm Stewardship Report: A Review of the 2010 BioBlitz
Galium aparine,2010-05-22,5,48.943,-123.51,Hunterston Farm Stewardship Report: A Review of the 2010 BioBlitz
Galium triflorum,2010-05-22,5,48.943,-123.51,Hunterston Farm Stewardship Report: A Review of the 2010 BioBlitz
Gaultheria shallon,2010-05-22,5,48.943,-123.51,Hunterston Farm Stewardship Report: A Review of the 2010 BioBlitz
Gerarnium molle,2010-05-22,5,48.943,-123.51,Hunterston Farm Stewardship Report: A Review of the 2010 BioBlitz
Hebeloma crustuslimiforme,2010-05-22,5,48.943,-123.51,Hunterston Farm Stewardship Report: A Review of the 2010 BioBlitz
Helvella compressa,2010-05-22,5,48.943,-123.51,Hunterston Farm Stewardship Report: A Review of the 2010 BioBlitz
Holodiscus discolor,2010-05-22,5,48.943,-123.51,Hunterston Farm Stewardship Report: A Review of the 2010 BioBlitz
Hypochaeris radicata,2010-05-22,5,48.943,-123.51,Hunterston Farm Stewardship Report: A Review of the 2010 BioBlitz
Ilex aquifolium,2010-05-22,5,48.943,-123.51,Hunterston Farm Stewardship Report: A Review of the 2010 BioBlitz
Lactuca muralis,2010-05-22,5,48.943,-123.51,Hunterston Farm Stewardship Report: A Review of the 2010 BioBlitz
Lonicera ciliosa,2010-05-22,5,48.943,-123.51,Hunterston Farm Stewardship Report: A Review of the 2010 BioBlitz
Madia sativa,2010-05-22,5,48.943,-123.51,Hunterston Farm Stewardship Report: A Review of the 2010 BioBlitz
Melospiza melodius,2010-05-22,5,48.943,-123.51,Hunterston Farm Stewardship Report: A Review of the 2010 BioBlitz
Myosotis (?) palustris,2010-05-22,5,48.943,-123.51,Hunterston Farm Stewardship Report: A Review of the 2010 BioBlitz
Osmorhiza chilensis,2010-05-22,5,48.943,-123.51,Hunterston Farm Stewardship Report: A Review of the 2010 BioBlitz
Picoides villosus,2010-05-22,5,48.943,-123.51,Hunterston Farm Stewardship Report: A Review of the 2010 BioBlitz
Pleurotus ostreatus,2010-05-22,5,48.943,-123.51,Hunterston Farm Stewardship Report: A Review of the 2010 BioBlitz
Poecile rufescens,2010-05-22,5,48.943,-123.51,Hunterston Farm Stewardship Report: A Review of the 2010 BioBlitz
Polychaeta,2010-05-22,5,48.943,-123.51,Hunterston Farm Stewardship Report: A Review of the 2010 BioBlitz
Polypodium glycyrrhiza,2010-05-22,5,48.943,-123.51,Hunterston Farm Stewardship Report: A Review of the 2010 BioBlitz
Polyporus badius,2010-05-22,5,48.943,-123.51,Hunterston Farm Stewardship Report: A Review of the 2010 BioBlitz
Polystichum munitum,2010-05-22,5,48.943,-123.51,Hunterston Farm Stewardship Report: A Review of the 2010 BioBlitz
Prunella vulgaris,2010-05-22,5,48.943,-123.51,Hunterston Farm Stewardship Report: A Review of the 2010 BioBlitz
Pseudotsuga menziesii,2010-05-22,5,48.943,-123.51,Hunterston Farm Stewardship Report: A Review of the 2010 BioBlitz
Pteridium aquilinum,2010-05-22,5,48.943,-123.51,Hunterston Farm Stewardship Report: A Review of the 2010 BioBlitz
Rana aurora,2010-05-22,5,48.943,-123.51,Hunterston Farm Stewardship Report: A Review of the 2010 BioBlitz
Ranunculus occidentelis,2010-05-22,5,48.943,-123.51,Hunterston Farm Stewardship Report: A Review of the 2010 BioBlitz
Ribes lacustre,2010-05-22,5,48.943,-123.51,Hunterston Farm Stewardship Report: A Review of the 2010 BioBlitz
Rosa gymnocarpa,2010-05-22,5,48.943,-123.51,Hunterston Farm Stewardship Report: A Review of the 2010 BioBlitz
Rubus spectabilis,2010-05-22,5,48.943,-123.51,Hunterston Farm Stewardship Report: A Review of the 2010 BioBlitz
Rubus ursinus,2010-05-22,5,48.943,-123.51,Hunterston Farm Stewardship Report: A Review of the 2010 BioBlitz
Salix sitchensis,2010-05-22,5,48.943,-123.51,Hunterston Farm Stewardship Report: A Review of the 2010 BioBlitz
Stellaria crispa,2010-05-22,5,48.943,-123.51,Hunterston Farm Stewardship Report: A Review of the 2010 BioBlitz
Stellaria media,2010-05-22,5,48.943,-123.51,Hunterston Farm Stewardship Report: A Review of the 2010 BioBlitz
Thamnophis sirtalis,2010-05-22,5,48.943,-123.51,Hunterston Farm Stewardship Report: A Review of the 2010 BioBlitz
Thuja plicata,2010-05-22,5,48.943,-123.51,Hunterston Farm Stewardship Report: A Review of the 2010 BioBlitz
Trametes versicolor,2010-05-22,5,48.943,-123.51,Hunterston Farm Stewardship Report: A Review of the 2010 BioBlitz
Trientalis latifolia,2010-05-22,5,48.943,-123.51,Hunterston Farm Stewardship Report: A Review of the 2010 BioBlitz
Turdus migratorius,2010-05-22,5,48.943,-123.51,Hunterston Farm Stewardship Report: A Review of the 2010 BioBlitz
Vaccinium parvifolium,2010-05-22,5,48.943,-123.51,Hunterston Farm Stewardship Report: A Review of the 2010 BioBlitz
Vermivora celata,2010-05-22,5,48.943,-123.51,Hunterston Farm Stewardship Report: A Review of the 2010 BioBlitz
Veronica sp.,2010-05-22,5,48.943,-123.51,Hunterston Farm Stewardship Report: A Review of the 2010 BioBlitz
Vireo cassinii,2010-05-22,5,48.943,-123.51,Hunterston Farm Stewardship Report: A Review of the 2010 BioBlitz
Vireo gilvus,2010-05-22,5,48.943,-123.51,Hunterston Farm Stewardship Report: A Review of the 2010 BioBlitz
Wilsonia pusilla,2010-05-22,5,48.943,-123.51,Hunterston Farm Stewardship Report: A Review of the 2010 BioBlitz
Agrocybe praecox,2010-05-22,6,48.945,-123.51,Hunterston Farm Stewardship Report: A Review of the 2010 BioBlitz
Amarrita pantherina,2010-05-22,6,48.945,-123.51,Hunterston Farm Stewardship Report: A Review of the 2010 BioBlitz
Aphanes sp.,2010-05-22,6,48.945,-123.51,Hunterston Farm Stewardship Report: A Review of the 2010 BioBlitz
Bellis perennis,2010-05-22,6,48.945,-123.51,Hunterston Farm Stewardship Report: A Review of the 2010 BioBlitz
Calypso bulbosa,2010-05-22,6,48.945,-123.51,Hunterston Farm Stewardship Report: A Review of the 2010 BioBlitz
Carduelis pinus,2010-05-22,6,48.945,-123.51,Hunterston Farm Stewardship Report: A Review of the 2010 BioBlitz
Carpodacus mexicanus,2010-05-22,6,48.945,-123.51,Hunterston Farm Stewardship Report: A Review of the 2010 BioBlitz
Catharus ustulatus,2010-05-22,6,48.945,-123.51,Hunterston Farm Stewardship Report: A Review of the 2010 BioBlitz
Certhia americana,2010-05-22,6,48.945,-123.51,Hunterston Farm Stewardship Report: A Review of the 2010 BioBlitz
Claytonia perfoliata,2010-05-22,6,48.945,-123.51,Hunterston Farm Stewardship Report: A Review of the 2010 BioBlitz
Colaptes auratus,2010-05-22,6,48.945,-123.51,Hunterston Farm Stewardship Report: A Review of the 2010 BioBlitz
Corvus corax,2010-05-22,6,48.945,-123.51,Hunterston Farm Stewardship Report: A Review of the 2010 BioBlitz
Dendroica coronata,2010-05-22,6,48.945,-123.51,Hunterston Farm Stewardship Report: A Review of the 2010 BioBlitz
Dendroica townsendi,2010-05-22,6,48.945,-123.51,Hunterston Farm Stewardship Report: A Review of the 2010 BioBlitz
Empidonax difficilis,2010-05-22,6,48.945,-123.51,Hunterston Farm Stewardship Report: A Review of the 2010 BioBlitz
Fomes fomentarius,2010-05-22,6,48.945,-123.51,Hunterston Farm Stewardship Report: A Review of the 2010 BioBlitz
Fomitopsis cajanderi,2010-05-22,6,48.945,-123.51,Hunterston Farm Stewardship Report: A Review of the 2010 BioBlitz
Galium aparine,2010-05-22,6,48.945,-123.51,Hunterston Farm Stewardship Report: A Review of the 2010 BioBlitz
Galium triflorum,2010-05-22,6,48.945,-123.51,Hunterston Farm Stewardship Report: A Review of the 2010 BioBlitz
Ganoderma applanatum,2010-05-22,6,48.945,-123.51,Hunterston Farm Stewardship Report: A Review of the 2010 BioBlitz
Gaultheria shallon,2010-05-22,6,48.945,-123.51,Hunterston Farm Stewardship Report: A Review of the 2010 BioBlitz
Geastrum quadrifidum,2010-05-22,6,48.945,-123.51,Hunterston Farm Stewardship Report: A Review of the 2010 BioBlitz
Geranium molle,2010-05-22,6,48.945,-123.51,Hunterston Farm Stewardship Report: A Review of the 2010 BioBlitz
Hylocomium splendens,2010-05-22,6,48.945,-123.51,Hunterston Farm Stewardship Report: A Review of the 2010 BioBlitz
Inocybe sp.,2010-05-22,6,48.945,-123.51,Hunterston Farm Stewardship Report: A Review of the 2010 BioBlitz
Junco hyemalis,2010-05-22,6,48.945,-123.51,Hunterston Farm Stewardship Report: A Review of the 2010 BioBlitz
Laccania lacata,2010-05-22,6,48.945,-123.51,Hunterston Farm Stewardship Report: A Review of the 2010 BioBlitz
Lactuca muralis,2010-05-22,6,48.945,-123.51,Hunterston Farm Stewardship Report: A Review of the 2010 BioBlitz
Leucolopis sp. (Climacium dendroides),2010-05-22,6,48.945,-123.51,Hunterston Farm Stewardship Report: A Review of the 2010 BioBlitz
Loxia curvirostra,2010-05-22,6,48.945,-123.51,Hunterston Farm Stewardship Report: A Review of the 2010 BioBlitz
Matricaria sp.,2010-05-22,6,48.945,-123.51,Hunterston Farm Stewardship Report: A Review of the 2010 BioBlitz
Mustela vison,2010-05-22,6,48.945,-123.51,Hunterston Farm Stewardship Report: A Review of the 2010 BioBlitz
Nolanea Serives,2010-05-22,6,48.945,-123.51,Hunterston Farm Stewardship Report: A Review of the 2010 BioBlitz
Odocoileus hemionus,2010-05-22,6,48.945,-123.51,Hunterston Farm Stewardship Report: A Review of the 2010 BioBlitz
Omphalina chrysophylla,2010-05-22,6,48.945,-123.51,Hunterston Farm Stewardship Report: A Review of the 2010 BioBlitz
Omphalina ericetorum,2010-05-22,6,48.945,-123.51,Hunterston Farm Stewardship Report: A Review of the 2010 BioBlitz
Osmorhiza chilensis,2010-05-22,6,48.945,-123.51,Hunterston Farm Stewardship Report: A Review of the 2010 BioBlitz
Perermiporia subacida,2010-05-22,6,48.945,-123.51,Hunterston Farm Stewardship Report: A Review of the 2010 BioBlitz
Pipilo maculatus,2010-05-22,6,48.945,-123.51,Hunterston Farm Stewardship Report: A Review of the 2010 BioBlitz
Piranga ludoviciana,2010-05-22,6,48.945,-123.51,Hunterston Farm Stewardship Report: A Review of the 2010 BioBlitz
Pleurotus ostreatus,2010-05-22,6,48.945,-123.51,Hunterston Farm Stewardship Report: A Review of the 2010 BioBlitz
Pluteus cerrinus,2010-05-22,6,48.945,-123.51,Hunterston Farm Stewardship Report: A Review of the 2010 BioBlitz
Poecile rufescens,2010-05-22,6,48.945,-123.51,Hunterston Farm Stewardship Report: A Review of the 2010 BioBlitz
Polychaeta,2010-05-22,6,48.945,-123.51,Hunterston Farm Stewardship Report: A Review of the 2010 BioBlitz
Polystichum munitum,2010-05-22,6,48.945,-123.51,Hunterston Farm Stewardship Report: A Review of the 2010 BioBlitz
Pseudotsuga menziesii,2010-05-22,6,48.945,-123.51,Hunterston Farm Stewardship Report: A Review of the 2010 BioBlitz
Ranunculus repens,2010-05-22,6,48.945,-123.51,Hunterston Farm Stewardship Report: A Review of the 2010 BioBlitz
Regulus satrapa,2010-05-22,6,48.945,-123.51,Hunterston Farm Stewardship Report: A Review of the 2010 BioBlitz
Rhytidiadelphus triquetris,2010-05-22,6,48.945,-123.51,Hunterston Farm Stewardship Report: A Review of the 2010 BioBlitz
Selasphorus rufus,2010-05-22,6,48.945,-123.51,Hunterston Farm Stewardship Report: A Review of the 2010 BioBlitz
Sitta canadensis,2010-05-22,6,48.945,-123.51,Hunterston Farm Stewardship Report: A Review of the 2010 BioBlitz
Spizella passerina,2010-05-22,6,48.945,-123.51,Hunterston Farm Stewardship Report: A Review of the 2010 BioBlitz
Stellaria media,2010-05-22,6,48.945,-123.51,Hunterston Farm Stewardship Report: A Review of the 2010 BioBlitz
Trichaptrum abietinus,2010-05-22,6,48.945,-123.51,Hunterston Farm Stewardship Report: A Review of the 2010 BioBlitz
Tricholoma sp.,2010-05-22,6,48.945,-123.51,Hunterston Farm Stewardship Report: A Review of the 2010 BioBlitz
Trientalis latifolia,2010-05-22,6,48.945,-123.51,Hunterston Farm Stewardship Report: A Review of the 2010 BioBlitz
Trifolium dubium,2010-05-22,6,48.945,-123.51,Hunterston Farm Stewardship Report: A Review of the 2010 BioBlitz
Trifolium repens,2010-05-22,6,48.945,-123.51,Hunterston Farm Stewardship Report: A Review of the 2010 BioBlitz
Troglodytes aedon,2010-05-22,6,48.945,-123.51,Hunterston Farm Stewardship Report: A Review of the 2010 BioBlitz
Turdus migratorius,2010-05-22,6,48.945,-123.51,Hunterston Farm Stewardship Report: A Review of the 2010 BioBlitz
Ujua sativa,2010-05-22,6,48.945,-123.51,Hunterston Farm Stewardship Report: A Review of the 2010 BioBlitz
Vireo cassinii,2010-05-22,6,48.945,-123.51,Hunterston Farm Stewardship Report: A Review of the 2010 BioBlitz
Vireo gilvus,2010-05-22,6,48.945,-123.51,Hunterston Farm Stewardship Report: A Review of the 2010 BioBlitz
Poecile rufescens,2010-05-22,7,48.943,-123.51,Hunterston Farm Stewardship Report: A Review of the 2010 BioBlitz
Turdus migratorius,2010-05-22,7,48.943,-123.51,Hunterston Farm Stewardship Report: A Review of the 2010 BioBlitz
Junco hyemalis,2010-05-22,7,48.943,-123.51,Hunterston Farm Stewardship Report: A Review of the 2010 BioBlitz
Taxus brevifolia,2010-05-22,7,48.943,-123.51,Hunterston Farm Stewardship Report: A Review of the 2010 BioBlitz
Asplenium trichomanes,2010-05-22,7,48.943,-123.51,Hunterston Farm Stewardship Report: A Review of the 2010 BioBlitz
Ctenicera callida,2010-05-22,7,48.943,-123.51,Hunterston Farm Stewardship Report: A Review of the 2010 BioBlitz
Plectritis congesta,2010-05-22,7,48.943,-123.51,Hunterston Farm Stewardship Report: A Review of the 2010 BioBlitz
Thryomanes bewickii,2010-05-22,7,48.943,-123.51,Hunterston Farm Stewardship Report: A Review of the 2010 BioBlitz
Empidonax difficilis,2010-05-22,7,48.943,-123.51,Hunterston Farm Stewardship Report: A Review of the 2010 BioBlitz
Abies grandis,2010-05-22,8,48.945,-123.51,Hunterston Farm Stewardship Report: A Review of the 2010 BioBlitz
Acer macrophyllum,2010-05-22,8,48.945,-123.51,Hunterston Farm Stewardship Report: A Review of the 2010 BioBlitz
Adenocaulon bicolor,2010-05-22,8,48.945,-123.51,Hunterston Farm Stewardship Report: A Review of the 2010 BioBlitz
Alnus rubra,2010-05-22,8,48.945,-123.51,Hunterston Farm Stewardship Report: A Review of the 2010 BioBlitz
Arbutus menziesii,2010-05-22,8,48.945,-123.51,Hunterston Farm Stewardship Report: A Review of the 2010 BioBlitz
Berberis nervosa,2010-05-22,8,48.945,-123.51,Hunterston Farm Stewardship Report: A Review of the 2010 BioBlitz
Cardamine oligosperma,2010-05-22,8,48.945,-123.51,Hunterston Farm Stewardship Report: A Review of the 2010 BioBlitz
Cirsium arvense,2010-05-22,8,48.945,-123.51,Hunterston Farm Stewardship Report: A Review of the 2010 BioBlitz
Claytonia perfoliata,2010-05-22,8,48.945,-123.51,Hunterston Farm Stewardship Report: A Review of the 2010 BioBlitz
Dryocopus pileatus,2010-05-22,8,48.945,-123.51,Hunterston Farm Stewardship Report: A Review of the 2010 BioBlitz
Empidonax difficilis,2010-05-22,8,48.945,-123.51,Hunterston Farm Stewardship Report: A Review of the 2010 BioBlitz
Galium aparine,2010-05-22,8,48.945,-123.51,Hunterston Farm Stewardship Report: A Review of the 2010 BioBlitz
Galium triflorum,2010-05-22,8,48.945,-123.51,Hunterston Farm Stewardship Report: A Review of the 2010 BioBlitz
Gaultheria shallon,2010-05-22,8,48.945,-123.51,Hunterston Farm Stewardship Report: A Review of the 2010 BioBlitz
Geranium molle,2010-05-22,8,48.945,-123.51,Hunterston Farm Stewardship Report: A Review of the 2010 BioBlitz
Holodiscus discolor,2010-05-22,8,48.945,-123.51,Hunterston Farm Stewardship Report: A Review of the 2010 BioBlitz
Hylocomium splendens,2010-05-22,8,48.945,-123.51,Hunterston Farm Stewardship Report: A Review of the 2010 BioBlitz
Lactuca muralis,2010-05-22,8,48.945,-123.51,Hunterston Farm Stewardship Report: A Review of the 2010 BioBlitz
Lonicera ciliosa,2010-05-22,8,48.945,-123.51,Hunterston Farm Stewardship Report: A Review of the 2010 BioBlitz
Loxia curvirostra,2010-05-22,8,48.945,-123.51,Hunterston Farm Stewardship Report: A Review of the 2010 BioBlitz
Madia sativa,2010-05-22,8,48.945,-123.51,Hunterston Farm Stewardship Report: A Review of the 2010 BioBlitz
Nemophila parviflora,2010-05-22,8,48.945,-123.51,Hunterston Farm Stewardship Report: A Review of the 2010 BioBlitz
Plantago lanceolata,2010-05-22,8,48.945,-123.51,Hunterston Farm Stewardship Report: A Review of the 2010 BioBlitz
Polychaeta,2010-05-22,8,48.945,-123.51,Hunterston Farm Stewardship Report: A Review of the 2010 BioBlitz
Polystichum munitum,2010-05-22,8,48.945,-123.51,Hunterston Farm Stewardship Report: A Review of the 2010 BioBlitz
Prunus aujum,2010-05-22,8,48.945,-123.51,Hunterston Farm Stewardship Report: A Review of the 2010 BioBlitz
Pseudotsuga menziesii,2010-05-22,8,48.945,-123.51,Hunterston Farm Stewardship Report: A Review of the 2010 BioBlitz
Pteridium aquilinum,2010-05-22,8,48.945,-123.51,Hunterston Farm Stewardship Report: A Review of the 2010 BioBlitz
Rhytidiadelphus triquetris,2010-05-22,8,48.945,-123.51,Hunterston Farm Stewardship Report: A Review of the 2010 BioBlitz
Rosa gymnocarpa,2010-05-22,8,48.945,-123.51,Hunterston Farm Stewardship Report: A Review of the 2010 BioBlitz
Rubus discolor,2010-05-22,8,48.945,-123.51,Hunterston Farm Stewardship Report: A Review of the 2010 BioBlitz
Rubus lacinuatus,2010-05-22,8,48.945,-123.51,Hunterston Farm Stewardship Report: A Review of the 2010 BioBlitz
Rubus spectabilis,2010-05-22,8,48.945,-123.51,Hunterston Farm Stewardship Report: A Review of the 2010 BioBlitz
Rubus ursinus,2010-05-22,8,48.945,-123.51,Hunterston Farm Stewardship Report: A Review of the 2010 BioBlitz
Rumex acetosella,2010-05-22,8,48.945,-123.51,Hunterston Farm Stewardship Report: A Review of the 2010 BioBlitz
Symphoricarpus albus,2010-05-22,8,48.945,-123.51,Hunterston Farm Stewardship Report: A Review of the 2010 BioBlitz
Tamiasciurus hudsonicus,2010-05-22,8,48.945,-123.51,Hunterston Farm Stewardship Report: A Review of the 2010 BioBlitz
Thuja plicata,2010-05-22,8,48.945,-123.51,Hunterston Farm Stewardship Report: A Review of the 2010 BioBlitz
Trifolium wormskioldii,2010-05-22,8,48.945,-123.51,Hunterston Farm Stewardship Report: A Review of the 2010 BioBlitz
Veronica sp.,2010-05-22,8,48.945,-123.51,Hunterston Farm Stewardship Report: A Review of the 2010 BioBlitz
Carpodacus mexicanus,2010-05-22,9,48.945,-123.51,Hunterston Farm Stewardship Report: A Review of the 2010 BioBlitz
Wilsonia pusilla,2010-05-22,9,48.945,-123.51,Hunterston Farm Stewardship Report: A Review of the 2010 BioBlitz
Arbutus menziesii,2010-05-22,10,48.943,-123.51,Hunterston Farm Stewardship Report: A Review of the 2010 BioBlitz
Certhia americana,2010-05-22,10,48.943,-123.51,Hunterston Farm Stewardship Report: A Review of the 2010 BioBlitz
Corvus corax,2010-05-22,10,48.943,-123.51,Hunterston Farm Stewardship Report: A Review of the 2010 BioBlitz
Cytisus scoparius,2010-05-22,10,48.943,-123.51,Hunterston Farm Stewardship Report: A Review of the 2010 BioBlitz
Equisetum arvense,2010-05-22,10,48.943,-123.51,Hunterston Farm Stewardship Report: A Review of the 2010 BioBlitz
Hypogymnia inactiva,2010-05-22,10,48.943,-123.51,Hunterston Farm Stewardship Report: A Review of the 2010 BioBlitz
Lathyrus japonicus,2010-05-22,10,48.943,-123.51,Hunterston Farm Stewardship Report: A Review of the 2010 BioBlitz
Melospiza melodius,2010-05-22,10,48.943,-123.51,Hunterston Farm Stewardship Report: A Review of the 2010 BioBlitz
Pseudotsuga menziesii,2010-05-22,10,48.943,-123.51,Hunterston Farm Stewardship Report: A Review of the 2010 BioBlitz
Quercus garryana,2010-05-22,10,48.943,-123.51,Hunterston Farm Stewardship Report: A Review of the 2010 BioBlitz
Rosa nutkana,2010-05-22,10,48.943,-123.51,Hunterston Farm Stewardship Report: A Review of the 2010 BioBlitz
Selasphorus rufus,2010-05-22,10,48.943,-123.51,Hunterston Farm Stewardship Report: A Review of the 2010 BioBlitz
Turdus migratorius,2010-05-22,10,48.943,-123.51,Hunterston Farm Stewardship Report: A Review of the 2010 BioBlitz
Carpodacus mexicanus,2010-05-22,10,48.943,-123.51,Hunterston Farm Stewardship Report: A Review of the 2010 BioBlitz
Equisetum arvense,2010-05-22,11,48.943,-123.51,Hunterston Farm Stewardship Report: A Review of the 2010 BioBlitz
Hypogymnia inactiva,2010-05-22,11,48.943,-123.51,Hunterston Farm Stewardship Report: A Review of the 2010 BioBlitz
Melospiza melodius,2010-05-22,11,48.943,-123.51,Hunterston Farm Stewardship Report: A Review of the 2010 BioBlitz
Pseudotsuga menziesii,2010-05-22,11,48.943,-123.51,Hunterston Farm Stewardship Report: A Review of the 2010 BioBlitz
Turdus migratorius,2010-05-22,11,48.943,-123.51,Hunterston Farm Stewardship Report: A Review of the 2010 BioBlitz
Acer macrophyllum,2010-05-22,11,48.943,-123.51,Hunterston Farm Stewardship Report: A Review of the 2010 BioBlitz
Achlys triphylla,2010-05-22,11,48.943,-123.51,Hunterston Farm Stewardship Report: A Review of the 2010 BioBlitz
Alnus rubra,2010-05-22,11,48.943,-123.51,Hunterston Farm Stewardship Report: A Review of the 2010 BioBlitz
Athyrium filix-femina,2010-05-22,11,48.943,-123.51,Hunterston Farm Stewardship Report: A Review of the 2010 BioBlitz
Batodes angusteoraria,2010-05-22,11,48.943,-123.51,Hunterston Farm Stewardship Report: A Review of the 2010 BioBlitz
Cantharis sp.,2010-05-22,11,48.943,-123.51,Hunterston Farm Stewardship Report: A Review of the 2010 BioBlitz
Carambycidae,2010-05-22,11,48.943,-123.51,Hunterston Farm Stewardship Report: A Review of the 2010 BioBlitz
Carex sp.,2010-05-22,11,48.943,-123.51,Hunterston Farm Stewardship Report: A Review of the 2010 BioBlitz
Catocala aholibah,2010-05-22,11,48.943,-123.51,Hunterston Farm Stewardship Report: A Review of the 2010 BioBlitz
Cicadellidae,2010-05-22,11,48.943,-123.51,Hunterston Farm Stewardship Report: A Review of the 2010 BioBlitz
Cinara,2010-05-22,11,48.943,-123.51,Hunterston Farm Stewardship Report: A Review of the 2010 BioBlitz
Cirsium,2010-05-22,11,48.943,-123.51,Hunterston Farm Stewardship Report: A Review of the 2010 BioBlitz
Cirsium sp.,2010-05-22,11,48.943,-123.51,Hunterston Farm Stewardship Report: A Review of the 2010 BioBlitz
Collembola,2010-05-22,11,48.943,-123.51,Hunterston Farm Stewardship Report: A Review of the 2010 BioBlitz
Corylus cornuta,2010-05-22,11,48.943,-123.51,Hunterston Farm Stewardship Report: A Review of the 2010 BioBlitz
Cycloneda sanguinea,2010-05-22,11,48.943,-123.51,Hunterston Farm Stewardship Report: A Review of the 2010 BioBlitz
Dactylis glomerata,2010-05-22,11,48.943,-123.51,Hunterston Farm Stewardship Report: A Review of the 2010 BioBlitz
Dalopius sp.,2010-05-22,11,48.943,-123.51,Hunterston Farm Stewardship Report: A Review of the 2010 BioBlitz
Elasmostethus cruciata,2010-05-22,11,48.943,-123.51,Hunterston Farm Stewardship Report: A Review of the 2010 BioBlitz
Epilobium sp.,2010-05-22,11,48.943,-123.51,Hunterston Farm Stewardship Report: A Review of the 2010 BioBlitz
Forficula auricularia,2010-05-22,11,48.943,-123.51,Hunterston Farm Stewardship Report: A Review of the 2010 BioBlitz
Formica sp.,2010-05-22,11,48.943,-123.51,Hunterston Farm Stewardship Report: A Review of the 2010 BioBlitz
Galium aparine,2010-05-22,11,48.943,-123.51,Hunterston Farm Stewardship Report: A Review of the 2010 BioBlitz
Galium triflorum,2010-05-22,11,48.943,-123.51,Hunterston Farm Stewardship Report: A Review of the 2010 BioBlitz
Geum macrophyllum,2010-05-22,11,48.943,-123.51,Hunterston Farm Stewardship Report: A Review of the 2010 BioBlitz
Graphis scripta,2010-05-22,11,48.943,-123.51,Hunterston Farm Stewardship Report: A Review of the 2010 BioBlitz
Gyrinidae,2010-05-22,11,48.943,-123.51,Hunterston Farm Stewardship Report: A Review of the 2010 BioBlitz
Juncus effusus,2010-05-22,11,48.943,-123.51,Hunterston Farm Stewardship Report: A Review of the 2010 BioBlitz
Lobaria pulmonaria,2010-05-22,11,48.943,-123.51,Hunterston Farm Stewardship Report: A Review of the 2010 BioBlitz
Lontra canadensis,2010-05-22,11,48.943,-123.51,Hunterston Farm Stewardship Report: A Review of the 2010 BioBlitz
Lophocampa,2010-05-22,11,48.943,-123.51,Hunterston Farm Stewardship Report: A Review of the 2010 BioBlitz
Madia sativa,2010-05-22,11,48.943,-123.51,Hunterston Farm Stewardship Report: A Review of the 2010 BioBlitz
Marmara arbutiella,2010-05-22,11,48.943,-123.51,Hunterston Farm Stewardship Report: A Review of the 2010 BioBlitz
Mentha,2010-05-22,11,48.943,-123.51,Hunterston Farm Stewardship Report: A Review of the 2010 BioBlitz
Mulsantina Picta Minor,2010-05-22,11,48.943,-123.51,Hunterston Farm Stewardship Report: A Review of the 2010 BioBlitz
Nemophila parviflora,2010-05-22,11,48.943,-123.51,Hunterston Farm Stewardship Report: A Review of the 2010 BioBlitz
Ochrolechia laevigata,2010-05-22,11,48.943,-123.51,Hunterston Farm Stewardship Report: A Review of the 2010 BioBlitz
Oenanthe sarmentosa,2010-05-22,11,48.943,-123.51,Hunterston Farm Stewardship Report: A Review of the 2010 BioBlitz
Orthosia pacifica,2010-05-22,11,48.943,-123.51,Hunterston Farm Stewardship Report: A Review of the 2010 BioBlitz
Platycotis vittatus,2010-05-22,11,48.943,-123.51,Hunterston Farm Stewardship Report: A Review of the 2010 BioBlitz
Plectrura spinicanda,2010-05-22,11,48.943,-123.51,Hunterston Farm Stewardship Report: A Review of the 2010 BioBlitz
Poa sp.,2010-05-22,11,48.943,-123.51,Hunterston Farm Stewardship Report: A Review of the 2010 BioBlitz
Podabrus sp.,2010-05-22,11,48.943,-123.51,Hunterston Farm Stewardship Report: A Review of the 2010 BioBlitz
Polystichum munitum,2010-05-22,11,48.943,-123.51,Hunterston Farm Stewardship Report: A Review of the 2010 BioBlitz
Potamogeton sp.,2010-05-22,11,48.943,-123.51,Hunterston Farm Stewardship Report: A Review of the 2010 BioBlitz
Pseudohylesinus sp.,2010-05-22,11,48.943,-123.51,Hunterston Farm Stewardship Report: A Review of the 2010 BioBlitz
Psocidae,2010-05-22,11,48.943,-123.51,Hunterston Farm Stewardship Report: A Review of the 2010 BioBlitz
Psyllobora borealis,2010-05-22,11,48.943,-123.51,Hunterston Farm Stewardship Report: A Review of the 2010 BioBlitz
Pteridium aquilinum,2010-05-22,11,48.943,-123.51,Hunterston Farm Stewardship Report: A Review of the 2010 BioBlitz
Rana aurora,2010-05-22,11,48.943,-123.51,Hunterston Farm Stewardship Report: A Review of the 2010 BioBlitz
Rubus discolor,2010-05-22,11,48.943,-123.51,Hunterston Farm Stewardship Report: A Review of the 2010 BioBlitz
Rubus lacinuatus,2010-05-22,11,48.943,-123.51,Hunterston Farm Stewardship Report: A Review of the 2010 BioBlitz
Rumex sp.,2010-05-22,11,48.943,-123.51,Hunterston Farm Stewardship Report: A Review of the 2010 BioBlitz
Sambucus racemosa,2010-05-22,11,48.943,-123.51,Hunterston Farm Stewardship Report: A Review of the 2010 BioBlitz
Sanicula crassicaulis,2010-05-22,11,48.943,-123.51,Hunterston Farm Stewardship Report: A Review of the 2010 BioBlitz
Polychaeta,2010-05-22,11,48.943,-123.51,Hunterston Farm Stewardship Report: A Review of the 2010 BioBlitz
Stachys sp.,2010-05-22,11,48.943,-123.51,Hunterston Farm Stewardship Report: A Review of the 2010 BioBlitz
Symphoricarpus albus,2010-05-22,11,48.943,-123.51,Hunterston Farm Stewardship Report: A Review of the 2010 BioBlitz
Thuja plicata,2010-05-22,11,48.943,-123.51,Hunterston Farm Stewardship Report: A Review of the 2010 BioBlitz
Tipulida,2010-05-22,11,48.943,-123.51,Hunterston Farm Stewardship Report: A Review of the 2010 BioBlitz
Vaccinium parvifolium,2010-05-22,11,48.943,-123.51,Hunterston Farm Stewardship Report: A Review of the 2010 BioBlitz
Vrilleta decorata,2010-05-22,11,48.943,-123.51,Hunterston Farm Stewardship Report: A Review of the 2010 BioBlitz
Ypsolopha subsylvella,2010-05-22,11,48.943,-123.51,Hunterston Farm Stewardship Report: A Review of the 2010 BioBlitz
Holodiscus discolor,2010-05-22,11,48.943,-123.51,Hunterston Farm Stewardship Report: A Review of the 2010 BioBlitz
Rubus spectabilis,2010-05-22,11,48.943,-123.51,Hunterston Farm Stewardship Report: A Review of the 2010 BioBlitz
Polychaeta,2010-05-22,12,48.943,-123.5,Hunterston Farm Stewardship Report: A Review of the 2010 BioBlitz
Amphipod (order),2010-05-22,12,48.943,-123.5,Hunterston Farm Stewardship Report: A Review of the 2010 BioBlitz
Anthopleura elegantissima,2010-05-22,12,48.943,-123.5,Hunterston Farm Stewardship Report: A Review of the 2010 BioBlitz
Apodichthys flavidus,2010-05-22,12,48.943,-123.5,Hunterston Farm Stewardship Report: A Review of the 2010 BioBlitz
Aurelia labiata,2010-05-22,12,48.943,-123.5,Hunterston Farm Stewardship Report: A Review of the 2010 BioBlitz
Balanus glandula,2010-05-22,12,48.943,-123.5,Hunterston Farm Stewardship Report: A Review of the 2010 BioBlitz
Caloplaca,2010-05-22,12,48.943,-123.5,Hunterston Farm Stewardship Report: A Review of the 2010 BioBlitz
Cancer magister,2010-05-22,12,48.943,-123.5,Hunterston Farm Stewardship Report: A Review of the 2010 BioBlitz
Cancer productus,2010-05-22,12,48.943,-123.5,Hunterston Farm Stewardship Report: A Review of the 2010 BioBlitz
Cepphus columba,2010-05-22,12,48.943,-123.5,Hunterston Farm Stewardship Report: A Review of the 2010 BioBlitz
Chondracanthus exasperatus,2010-05-22,12,48.943,-123.5,Hunterston Farm Stewardship Report: A Review of the 2010 BioBlitz
Citharichthys stigmaeus,2010-05-22,12,48.943,-123.5,Hunterston Farm Stewardship Report: A Review of the 2010 BioBlitz
Clinocardium nuttalli,2010-05-22,12,48.943,-123.5,Hunterston Farm Stewardship Report: A Review of the 2010 BioBlitz
Corvus caurinus,2010-05-22,12,48.943,-123.5,Hunterston Farm Stewardship Report: A Review of the 2010 BioBlitz
Crangon sp.,2010-05-22,12,48.943,-123.5,Hunterston Farm Stewardship Report: A Review of the 2010 BioBlitz
Cucomaria miniata,2010-05-22,12,48.943,-123.5,Hunterston Farm Stewardship Report: A Review of the 2010 BioBlitz
Dermasterias imbricata,2010-05-22,12,48.943,-123.5,Hunterston Farm Stewardship Report: A Review of the 2010 BioBlitz
Diodora aspera,2010-05-22,12,48.943,-123.5,Hunterston Farm Stewardship Report: A Review of the 2010 BioBlitz
Enophrys bison,2010-05-22,12,48.943,-123.5,Hunterston Farm Stewardship Report: A Review of the 2010 BioBlitz
Fucus distichus,2010-05-22,12,48.943,-123.5,Hunterston Farm Stewardship Report: A Review of the 2010 BioBlitz
Hemigrapsus nudus,2010-05-22,12,48.943,-123.5,Hunterston Farm Stewardship Report: A Review of the 2010 BioBlitz
Heptacarpus sp.,2010-05-22,12,48.943,-123.5,Hunterston Farm Stewardship Report: A Review of the 2010 BioBlitz
Larus glaucescens,2010-05-22,12,48.943,-123.5,Hunterston Farm Stewardship Report: A Review of the 2010 BioBlitz
Leathesia difformis,2010-05-22,12,48.943,-123.5,Hunterston Farm Stewardship Report: A Review of the 2010 BioBlitz
Littorina scutulata,2010-05-22,12,48.943,-123.5,Hunterston Farm Stewardship Report: A Review of the 2010 BioBlitz
Lophodytes cuculatus,2010-05-22,12,48.943,-123.5,Hunterston Farm Stewardship Report: A Review of the 2010 BioBlitz
Lottia digitalis,2010-05-22,12,48.943,-123.5,Hunterston Farm Stewardship Report: A Review of the 2010 BioBlitz
Lottia pelta,2010-05-22,12,48.943,-123.5,Hunterston Farm Stewardship Report: A Review of the 2010 BioBlitz
Macoma nasuta,2010-05-22,12,48.943,-123.5,Hunterston Farm Stewardship Report: A Review of the 2010 BioBlitz
Mastocarpus,2010-05-22,12,48.943,-123.5,Hunterston Farm Stewardship Report: A Review of the 2010 BioBlitz
Mazzaella splendens,2010-05-22,12,48.943,-123.5,Hunterston Farm Stewardship Report: A Review of the 2010 BioBlitz
Metridium senile,2010-05-22,12,48.943,-123.5,Hunterston Farm Stewardship Report: A Review of the 2010 BioBlitz
Mitrocoma cellularia,2010-05-22,12,48.943,-123.5,Hunterston Farm Stewardship Report: A Review of the 2010 BioBlitz
Mopalia muscosa,2010-05-22,12,48.943,-123.5,Hunterston Farm Stewardship Report: A Review of the 2010 BioBlitz
Mustela vison,2010-05-22,12,48.943,-123.5,Hunterston Farm Stewardship Report: A Review of the 2010 BioBlitz
Mytilus complex,2010-05-22,12,48.943,-123.5,Hunterston Farm Stewardship Report: A Review of the 2010 BioBlitz
Neomolgus littoralis,2010-05-22,12,48.943,-123.5,Hunterston Farm Stewardship Report: A Review of the 2010 BioBlitz
Nereocystis luetkeana,2010-05-22,12,48.943,-123.5,Hunterston Farm Stewardship Report: A Review of the 2010 BioBlitz
Nucella ostrina,2010-05-22,12,48.943,-123.5,Hunterston Farm Stewardship Report: A Review of the 2010 BioBlitz
Nucella sp.,2010-05-22,12,48.943,-123.5,Hunterston Farm Stewardship Report: A Review of the 2010 BioBlitz
Nutallia obscurata,2010-05-22,12,48.943,-123.5,Hunterston Farm Stewardship Report: A Review of the 2010 BioBlitz
Oligocottus maculosus,2010-05-22,12,48.943,-123.5,Hunterston Farm Stewardship Report: A Review of the 2010 BioBlitz
Oregonia gracilis,2010-05-22,12,48.943,-123.5,Hunterston Farm Stewardship Report: A Review of the 2010 BioBlitz
Pagurus sp.,2010-05-22,12,48.943,-123.5,Hunterston Farm Stewardship Report: A Review of the 2010 BioBlitz
Pelvetiopsis limitata,2010-05-22,12,48.943,-123.5,Hunterston Farm Stewardship Report: A Review of the 2010 BioBlitz
Phalacrocorax auritus,2010-05-22,12,48.943,-123.5,Hunterston Farm Stewardship Report: A Review of the 2010 BioBlitz
Phoca vitulina,2010-05-22,12,48.943,-123.5,Hunterston Farm Stewardship Report: A Review of the 2010 BioBlitz
Pisaster brevispinus,2010-05-22,12,48.943,-123.5,Hunterston Farm Stewardship Report: A Review of the 2010 BioBlitz
Pisaster ochraceous,2010-05-22,12,48.943,-123.5,Hunterston Farm Stewardship Report: A Review of the 2010 BioBlitz
Pleurobrachia bachei,2010-05-22,12,48.943,-123.5,Hunterston Farm Stewardship Report: A Review of the 2010 BioBlitz
Pododesmus macrochisma,2010-05-22,12,48.943,-123.5,Hunterston Farm Stewardship Report: A Review of the 2010 BioBlitz
Polinices lewisii,2010-05-22,12,48.943,-123.5,Hunterston Farm Stewardship Report: A Review of the 2010 BioBlitz
Protothaca staminea,2010-05-22,12,48.943,-123.5,Hunterston Farm Stewardship Report: A Review of the 2010 BioBlitz
Pugettia producta,2010-05-22,12,48.943,-123.5,Hunterston Farm Stewardship Report: A Review of the 2010 BioBlitz
Sargassum muticum,2010-05-22,12,48.943,-123.5,Hunterston Farm Stewardship Report: A Review of the 2010 BioBlitz
Saxidomus gigantea,2010-05-22,12,48.943,-123.5,Hunterston Farm Stewardship Report: A Review of the 2010 BioBlitz
Semibalanus cariosus,2010-05-22,12,48.943,-123.5,Hunterston Farm Stewardship Report: A Review of the 2010 BioBlitz
Serpula columbiana,2010-05-22,12,48.943,-123.5,Hunterston Farm Stewardship Report: A Review of the 2010 BioBlitz
Tectura persona,2010-05-22,12,48.943,-123.5,Hunterston Farm Stewardship Report: A Review of the 2010 BioBlitz
Telmessus cheiragonus,2010-05-22,12,48.943,-123.5,Hunterston Farm Stewardship Report: A Review of the 2010 BioBlitz
Tresus nuttallii,2010-05-22,12,48.943,-123.5,Hunterston Farm Stewardship Report: A Review of the 2010 BioBlitz
Ulva intestinalis,2010-05-22,12,48.943,-123.5,Hunterston Farm Stewardship Report: A Review of the 2010 BioBlitz
Ulva spp,2010-05-22,12,48.943,-123.5,Hunterston Farm Stewardship Report: A Review of the 2010 BioBlitz
Urticina crassicornis,2010-05-22,12,48.943,-123.5,Hunterston Farm Stewardship Report: A Review of the 2010 BioBlitz
Urticina piscivora,2010-05-22,12,48.943,-123.5,Hunterston Farm Stewardship Report: A Review of the 2010 BioBlitz
Venerupis philippinarum,2010-05-22,12,48.943,-123.5,Hunterston Farm Stewardship Report: A Review of the 2010 BioBlitz
Verucarria sp.,2010-05-22,12,48.943,-123.5,Hunterston Farm Stewardship Report: A Review of the 2010 BioBlitz
Xanthoria candelaria,2010-05-22,12,48.943,-123.5,Hunterston Farm Stewardship Report: A Review of the 2010 BioBlitz
Zostera japonica,2010-05-22,12,48.943,-123.5,Hunterston Farm Stewardship Report: A Review of the 2010 BioBlitz
Zostera marina,2010-05-22,12,48.943,-123.5,Hunterston Farm Stewardship Report: A Review of the 2010 BioBlitz
