Taxon,Author,Common Name,Reporting Status,Collected/Reported (y-m-d),Collector/Source,Collection/List,First Observed,Observer,iNat Observation,iNaturalist Link,ID,Notes
Porichthys notatus,"Girard, 1854",plainfin midshipman,confirmed,1995-02-23,Andy Lamb & Donna Gibbs,PMLS,2016-05-08,Karolle Wall,observed,http://www.inaturalist.org/observations/3706223,60021,
Clupea pallasii,"Valenciennes, 1847",Pacific herring,reported,1973-09-21,Andy Lamb & Donna Gibbs,PMLS,,,unobserved,,117571,
Engraulis mordax,"Girard, 1854",northern anchovy,reported,2006-12-02,Andy Lamb & Donna Gibbs,PMLS,,,unobserved,,63770,
Gadus chalcogrammus,"Pallas, 1814",walleye pollock,reported,1973-09-20,Andy Lamb & Donna Gibbs,PMLS,,,unobserved,,614161,reported as Theragra chalcogramma
Gadus macrocephalus,"Tilesius, 1810",Pacific cod,confirmed,1994-02-26,Andy Lamb & Donna Gibbs,PMLS,2009-10-03,Jackson Chu,observed,https://www.inaturalist.org/observations/59920052,180029,
Aulorhynchus flavidus,"Gill, 1861",tubesnout,reported,1994-02-27,Charlie Gibbs,PMLS,,,unobserved,,117568,
Gasterosteus aculeatus,"Linnaeus, 1758",three-spined stickleback,confirmed,2000-01-01,Keith Erickson,"1999 / 2000 Urban Salmon Habitat Program Final Report. 2000. Keith Erickson. Galiano Conservancy Association. Galiano Island, BC",2016-06-20,Karolle Wall,observed,http://www.inaturalist.org/observations/4014949,48403,
Gobiesox maeandricus,"(Girard, 1858)",northern clingfish,confirmed,1995-02-23,Andy Lamb & Donna Gibbs,PMLS,2018-05-18,Karolle Wall,observed,https://www.inaturalist.org/observations/12684292,67409,
Trachipterus altivelis,"Kner, 1859",king-of-the-salmon,reported,1965-08-21,A. W. Argue,CMN,,,unobserved,,232769,
Brosmophycis marginata,"(Ayres, 1854)",red brotula,reported,2010-05-30,Andy Lamb & Donna Gibbs,PMLS,,,unobserved,,215459,
Ammodytes personatus,"Girard, 1856",Pacific sand lance,confirmed,1993-08-16,Andy Lamb,PMLS,2011-05-20,Karolle Wall,observed,http://www.inaturalist.org/observations/4028615,201784,
Anarrhichthys ocellatus,"Ayres, 1855",wolf-eel,reported,1994-02-26,Charlie Gibbs,PMLS,,,unobserved,,60635,
Ronquilus jordani,"(Gilbert, 1889)",northern ronquil,reported,1971-08-21,Andy Lamb & Donna Gibbs,PMLS,,,unobserved,,230312,
Brachyistius frenatus,"Gill, 1862",kelp perch,confirmed,1985-12-07,Andy Lamb,PMLS,2020-08-13,Andrew Simon,observed,https://www.inaturalist.org/observations/56373905,117553,
Cymatogaster aggregata,"Gibbons, 1854",shiner perch,confirmed,1982-06-09,K.D. Genereux,CMN,2018-08-29,Tom Appleby,observed,https://www.inaturalist.org/observations/16014197,98855,
Embiotoca lateralis,"Agassiz, 1854",striped seaperch,confirmed,1982-06-08,Claudia E. Kasserra,CMN,2020-05-07,Penelope Bridge,observed,https://www.inaturalist.org/observations/45278748,117555,
Rhacochilus vacca,"(Girard, 1855)",pile perch,confirmed,1973-09-20,Andy Lamb & Donna Gibbs,PMLS,2020-08-13,Andrew Simon,observed,https://www.inaturalist.org/observations/56373907,111616,reported as Damalichthys vacca
Clevelandia ios,"(Jordan & Gilbert, 1882)",arrow goby,new 2017,,,,2017-05-26,Karolle Wall,observed,https://www.inaturalist.org/observations/7648112,117564,
Rhinogobiops nicholsii,"(Bean, 1882)",blackeye goby,confirmed,1968-08-02,Andy Lamb & Donna Gibbs,PMLS,2013-10-13,Peter Luckham,observed,http://www.inaturalist.org/observations/2976016,132521,
Apodichthys flavidus,"Girard, 1854",penpoint gunnel,confirmed,1982-06-09,K.D. Genereux,CMN,2013-06-22,Karolle Wall,observed,http://www.inaturalist.org/observations/4015148,67408,
Pholis clemensi,"Rosenblatt, 1964",longfin gunnel,reported,1994-10-07,Andy Lamb & Donna Gibbs,PMLS,,,unobserved,,67405,
Pholis laeta,"(Cope, 1873)",crescent gunnel,confirmed,1982-06-09,K.D. Genereux,CMN,2013-07-07,Karolle Wall,observed,http://www.inaturalist.org/observations/4032541,67362,
Ptilichthys goodei,"Bean, 1881",quillfish,reported,2006-06-23,Andy Lamb & Donna Gibbs,PMLS,,,unobserved,,229394,
Anoplarchus purpurescens,"Gill, 1861",high cockscomb,confirmed,1969-02-22,Andy Lamb,PMLS,2015-08-28,Andrew Simon,observed,https://www.inaturalist.org/observations/2580652,67316,
Chirolophis decoratus,"(Jordan & Snyder, 1902)",decorated warbonnet,reported,1993-08-16,Andy Lamb & Donna Gibbs,PMLS,,,unobserved,,216742,
Chirolophis nugator,"(Jordan & Williams, 1895)",mosshead warbonnet,confirmed,1981-05-31,Andy Lamb & Donna Gibbs,PMLS,2019-05-04,Isabelle M. Côté,observed,https://www.inaturalist.org/observations/24798244,216743,
Lumpenus sagitta,"Wilimovsky, 1956",snake prickleback,new 2017,,,,2017-05-29,Karolle Wall,observed,https://www.inaturalist.org/observations/7647298,224164,
Phytichthys chirus,"(Jordan & Gilbert, 1880)",ribbon prickleback,reported,1960-12-22,Donald E. McAllister & M. O. Yesaki,CMN,,,unobserved,,228101,
Xiphister mucosus,"(Girard, 1858)",rock eel,new 2020,,,,2020-08-15,Andrew Simon,observed,https://www.inaturalist.org/observations/57099177,67628,
Citharichthys stigmaeus,"Jordan & Gilbert, 1882",speckled sanddab,confirmed,1993-05-09,Andy Lamb & Donna Gibbs,PMLS,2016-07-05,Karolle Wall,observed,http://www.inaturalist.org/observations/4014940,47526,
Lepidopsetta bilineata,"(Ayres, 1855)",rock sole,reported,1985-12-07,Andy Lamb & Donna Gibbs,PMLS,,,unobserved,,183018,
Lyopsetta exilis,"(Jordan & Gilbert, 1880)",slender sole,confirmed,2008-05-24,Jackson Chu,Chu (2010),2007-10-23,Jackson Chu,observed,https://www.inaturalist.org/observations/59908556,104926,
Parophrys vetulus,"Girard, 1854",English sole,reported,1982-06-09,J. M. Ellis,CMN,,,unobserved,,117545,
Platichthys stellatus,"(Pallas, 1787)",starry flounder,confirmed,1982-06-09,J. M. Ellis,CMN,2020-08-02,pacificwhitesideddolphin,observed,https://www.inaturalist.org/observations/55397670,83170,
Pleuronichthys coenosus,"Girard, 1854",C-O sole,confirmed,1994-02-27,Andy Lamb & Donna Gibbs,PMLS,2013-06-22,Karolle Wall,observed,http://www.inaturalist.org/observations/4015105,228393,
Oncorhynchus clarkii,"(Richardson, 1836)",cutthroat trout,reported,2000-01-01,Keith Erickson,"1999 / 2000 Urban Salmon Habitat Program Final Report. 2000. Keith Erickson. Galiano Conservancy Association. Galiano Island, BC",,,unobserved,,68075,
Oncorhynchus keta,"(Walbaum, 1792)",chum salmon,reported,2013-05-17,Andy Lamb & Donna Gibbs,PMLS,,,unobserved,,107572,
Oncorhynchus kisutch,"(Walbaum, 1792)",coho salmon,reported,2000-01-01,Keith Erickson,"1999 / 2000 Urban Salmon Habitat Program Final Report. 2000. Keith Erickson. Galiano Conservancy Association. Galiano Island, BC",,,unobserved,,53692,
Oncorhynchus tshawytscha,"(Walbaum, 1792)",chinook salmon,new 2017,,,,2017-02-12,Christina Robinson,observed,https://www.inaturalist.org/observations/5101395,54191,
Agonopsis vulsa,"(Jordan & Gilbert, 1880)",northern spearnose poacher,reported,1995-02-25,Charlie Gibbs,PMLS,,,unobserved,,180027,
Odontopyxis trispinosa,"Lockington, 1880",pygmy poacher,confirmed,2006-06-30,Andy Lamb & Donna Gibbs,PMLS,2017-07-25,Karolle Wall,observed,https://www.inaturalist.org/observations/7238958,226210,
Podothecus accipenserinus,"(Tilesius, 1813)",sturgeon poacher,reported,1995-02-23,Andy Lamb & Donna Gibbs,PMLS,,,unobserved,,228455,
Artedius fenestralis,"Jordan & Gilbert, 1883",padded sculpin,confirmed,1968-08-02,Andy Lamb,PMLS,2013-10-13,Peter Luckham,observed,http://www.inaturalist.org/observations/2976334,117527,
Artedius harringtoni,"(Starks, 1896)",scalyhead sculpin,confirmed,1969-02-21,Andy Lamb,PMLS,2015-01-01,Peter Luckham,observed,http://www.inaturalist.org/observations/2797281,117528,
Artedius lateralis,"(Girard, 1854)",smoothhead sculpin,confirmed,1985-12-08,Charlie Gibbs,PMLS,2020-08-13,Andrew Simon,observed,https://www.inaturalist.org/observations/56373896,117529,
Asemichthys taylori,"Gilbert, 1912",spinynose sculpin,confirmed,1973-09-20,Andy Lamb,PMLS,2013-10-13,Peter Luckham,observed,http://www.inaturalist.org/observations/2975888,172639,
Chitonotus pugetensis,"(Steindachner, 1876)",roughback sculpin,reported,1985-12-07,Andy Lamb & Donna Gibbs,PMLS,,,unobserved,,216746,
Enophrys bison,"(Girard, 1854)",buffalo sculpin,confirmed,1981-05-31,Andy Lamb & Donna Gibbs,PMLS,2013-10-13,Peter Luckham,observed,http://www.inaturalist.org/observations/2976525,117536,
Hemilepidotus hemilepidotus,"(Tilesius, 1811)",red Irish lord,confirmed,1985-07-29,Andy Lamb & Donna Gibbs,PMLS,2015-05-16,Peter Luckham,observed,http://www.inaturalist.org/observations/2854794,221165,
Icelinus tenuis,"Gilbert, 1890",spotfin sculpin,reported,1971-08-21,Andy Lamb & Donna Gibbs,PMLS,,,unobserved,,222146,
Jordania zonope,"Starks, 1895",longfin sculpin,confirmed,1969-02-21,Andy Lamb & Donna Gibbs,PMLS,2013-10-13,Peter Luckham,observed,http://www.inaturalist.org/observations/2976049,222465,
Leptocottus armatus,"Girard, 1854",Pacific staghorn sculpin,reported,1982-06-09,K.D. Genereux,CMN,,,unobserved,,49163,
Myoxocephalus polyacanthocephalus,"(Pallas, 1814)",great sculpin,confirmed,1982-06-09,K.D. Genereux,CMN,2018-08-10,Karolle Wall,observed,https://www.inaturalist.org/observations/15702534,47640,
Oligocottus maculosus,"Girard, 1856",tidepool sculpin,confirmed,1960-12-22,Donald E. McAllister & M. O. Yesaki,CMN,2017-05-25,Karolle Wall,observed,https://www.inaturalist.org/observations/7673382,67629,
Scorpaenichthys marmoratus,"(Ayres, 1854)",cabezon,reported,1973-09-20,Andy Lamb & Donna Gibbs,PMLS,,,unobserved,,47638,
Synchirus gilli,"Bean, 1890",manacled sculpin,reported,1996-09-28,Andy Lamb & Donna Gibbs,PMLS,,,unobserved,,232130,
Triglops macellus,"(Bean, 1884)",roughspine sculpin,reported,2013-10-20,Andy Lamb,PMLS,,,unobserved,,232944,
Nautichthys oculofasciatus,"(Girard, 1858)",sailfin sculpin,confirmed,1995-02-24,Andy Lamb & Donna Gibbs,PMLS,2015-04-15,Karolle Wall,observed,http://www.inaturalist.org/observations/3706257,183019,
Hexagrammos decagrammus,"(Pallas, 1810)",kelp greenling,confirmed,1982-06-08,C. E. Kasserra,CMN,2017-07-07,Karolle Wall,observed,https://www.inaturalist.org/observations/6967042,68596,
Hexagrammos stelleri,"Tilesius, 1810",whitespotted greenling,confirmed,1982-06-09,K.D. Genereux,CMN,2016-07-05,Karolle Wall,observed,http://www.inaturalist.org/observations/4015063,186849,
Ophiodon elongatus,"Girard, 1854",lingcod,confirmed,1968-08-02,Andy Lamb & Donna Gibbs,PMLS,2013-10-13,Peter Luckham,observed,http://www.inaturalist.org/observations/2976120,52539,
Oxylebius pictus,"Gill, 1862",painted greenling,confirmed,1971-08-21,Andy Lamb & Donna Gibbs,PMLS,2019-05-05,Emily Adamczyk,observed,https://www.inaturalist.org/observations/24797825,48452,
Liparis dennyi,"Jordan & Starks, 1895",marbled snailfish,reported,1995-02-23,Andy Lamb & Donna Gibbs,PMLS,,,unobserved,,180028,
Liparis pulchellus,"Ayres, 1855",showy snailfish,confirmed,1995-02-23,Andy Lamb & Donna Gibbs,PMLS,2013-10-13,Peter Luckham,observed,http://www.inaturalist.org/observations/2976683,223899,
Psychrolutes sigalutes,"(Jordan & Starks, 1895)",soft sculpin,new 2016,,,,2011-09-22,Karolle Wall,observed,http://www.inaturalist.org/observations/4051923,229295,
Rhamphocottus richardsonii,"Günther, 1874",grunt sculpin,confirmed,1981-05-31,Andy Lamb & Donna Gibbs,PMLS,2010-07-14,Karolle Wall,observed,http://www.inaturalist.org/observations/4052031,51881,
Sebastes auriculatus,"Girard, 1854",brown rockfish,reported,1973-09-20,Andy Lamb & Donna Gibbs,PMLS,,,unobserved,,117541,
Sebastes caurinus,"Richardson, 1844",copper rockfish,confirmed,1968-08-02,Andy Lamb & Donna Gibbs,PMLS,2016-05-06,Karolle Wall,observed,http://www.inaturalist.org/observations/3707593,68597,
Sebastes diploproa,"(Gilbert, 1890)",splitnose rockfish,reported,1971-08-21,Andy Lamb & Donna Gibbs,PMLS,,,unobserved,,64448,
Sebastes elongatus,"Ayres, 1859",greenstriped rockfish,confirmed,2008-05-22,Jackson Chu,Chu (2010),2009-10-03,Jackson Chu,observed,https://www.inaturalist.org/observations/61341018,230755,
Sebastes emphaeus,"(Starks, 1911)",Puget Sound rockfish,confirmed,1993-08-16,Andy Lamb & Donna Gibbs,PMLS,2015-05-16,Peter Luckham,observed,http://www.inaturalist.org/observations/2854781,64468,
Sebastes flavidus,"(Ayres, 1862)",yellowtail rockfish,reported,1971-08-21,Andy Lamb & Donna Gibbs,PMLS,,,unobserved,,64477,
Sebastes maliger,"(Jordan & Gilbert, 1880)",quillback rockfish,confirmed,1982-06-08,C. E. Kasserra,CMN,2008-05-24,Jackson Chu,observed,https://www.inaturalist.org/observations/60467718,63386,
Sebastes melanops,"Girard, 1856",black rockfish,reported,1993-08-16,Andy Lamb & Donna Gibbs,PMLS,,,unobserved,,47760,
Sebastes nigrocinctus,"Ayres, 1859",tiger rockfish,reported,1971-08-21,Andy Lamb & Donna Gibbs,PMLS,,,unobserved,,230757,
Sebastes proriger,"(Jordan & Gilbert, 1880)",redstripe rockfish,reported,2008-05-22,Jackson Chu,Chu (2010),,,unobserved,,64457,
Sebastes ruberrimus,"(Cramer, 1895)",yellow-eye rockfish,confirmed,1982-06-08,C. E. Kasserra,CMN,2009-10-03,Jackson Chu,observed,https://www.inaturalist.org/observations/59920024,63695,
Syngnathus leptorhynchus,"Girard, 1854",bay pipefish,confirmed,1985-12-07,Andy Lamb & Donna Gibbs,PMLS,2016-07-03,Paz Touchburn,observed,http://www.inaturalist.org/observations/3612908,54538,
Beringraja binoculata,"(Girard, 1855)",big skate,reported,1995-02-23,Andy Lamb & Donna Gibbs,PMLS,,,unobserved,,607477,
Beringraja rhina,"Jordan & Gilbert, 1880",longnose skate,reported,2010-11-12,Andy Lamb & Donna Gibbs,PMLS,,,unobserved,,883875,
Squalus suckleyi,"(Girard, 1855)",North Pacific spiny dogfish shark,confirmed,1982-06-08,C. E. Kasserra,CMN,2017-08-14,Tyson Ehlers,observed,https://www.inaturalist.org/observations/8898612,201523,Reported as Squalus acanthias in CMN catalogue
Hydrolagus colliei,"(Lay & Bennett, 1839)",spotted ratfish,reported,1971-08-21,Andy Lamb & Donna Gibbs,PMLS,,,unobserved,,84182,
Bathydrilus litoreus,"Baker, 1983",naidid worm,reported,1979-07-05,Randy Baker,RBCM,,,unobserved,,957359,
Limnodriloides victoriensis,"Brinkhurst & Baker, 1979",naidid worm,reported,1979-07-05,Randy Baker,RBCM,,,unobserved,,957352,
Phyllochaetopterus prolifica,"Potts, 1914",prolific three-section tubeworm,reported,2006-11-11,Andy Lamb,PMLS,,,unobserved,,467241,
Phyllochaetopterus sp.,"Grube, 1863",tangled-straw three-section tubeworm,reported,2007-10-14,Andy Lamb,PMLS,,,unobserved,,374226,misspelled Phyllochaeopterus claparedii
Diopatra ornata,"Moore, 1911",ornate tubeworm,confirmed,1999-10-02,Andy Lamb,PMLS,2020-06-07,Jennifer Grant,observed,https://www.inaturalist.org/observations/49172988,339286,
Aphrodita negligens,"Moore, 1905",sea mouse,reported,1914-06-26,,RBCM,,,unobserved,,733687,
Oxydromus pugettensis,"(Johnson, 1901)",bat star commensal worm,confirmed,2006-06-23,Andy Lamb,PMLS,2018-08-10,Karolle Wall,observed,https://www.inaturalist.org/observations/15702535,494514,
Nephtys sp.,"Cuvier, 1817",goddess-worm,reported,1969-02-22,Andy Lamb,PMLS,,,unobserved,,117607,
Nereis cf zonata,"Malmgren, 1867",ragworm,reported,1986-09-30,,RBCM,,,unobserved,,347330,
Nereis sp.,"Linnaeus, 1758",little pileworm sea-nymph,reported,2008-03-01,Andy Lamb,PMLS,,,unobserved,,81791,
Nereis vexillosa,"Grube, 1851",banner sea-nymph,confirmed,1969-02-22,Andy Lamb,PMLS,2019-05-04,Lena Dietz Chiasson,observed,https://www.inaturalist.org/observations/24714358,81790,
Platynereis bicanaliculata,"(Baird, 1863)",polychaete worm,new 2019,,,,2019-05-04,Emily Adamczyk,observed,https://www.inaturalist.org/observations/24749850,129876,
Arctonoe fragilis,"(Baird, 1863)",fragile ruffled scaleworm,reported,1975-06-18,T. Kessler,RBCM,,,unobserved,,69914,
Arctonoe pulchra,"(Johnson, 1897)",red commensal scaleworm,confirmed,1975-06-18,T. Kessler,RBCM,2019-05-04,Norah Brown,observed,https://www.inaturalist.org/observations/24535513,465156,
Arctonoe vittata,"(Grube, 1855)",red-banded commensal scaleworm,reported,1975-06-18,T. Kessler,RBCM,,,unobserved,,122163,
Halosydna brevisetosa,"Kinberg, 1856",eighteen-scaled worm,confirmed,1969-02-22,Andy Lamb,PMLS,2019-05-05,Dave Metzger,observed,https://www.inaturalist.org/observations/25586752,71236,
Harmothoe fragilis,"Moore, 1910",chocolate & white scaleworm,reported,2012-10-06,Andy Lamb,PMLS,,,unobserved,,873903,
Epigamia cf alexandri,"(Malmgren, 1867)",syllid worm,reported,1986-09-30,,RBCM,,,unobserved,,1136117,
Trypanedenta gemmipara,"(Johnson, 1901)",syllid worm,reported,1986-09-30,,RBCM,,,unobserved,,1136121,
Trypanosyllis sp.,"Claparède, 1864",purple-stub necklace-worm,reported,1985-08-02,Andy Lamb,PMLS,,,unobserved,,195014,
Tomopteris pacifica,"Izuka, 1914",tailed Pacific transparent-worm,reported,2010-05-30,Andy Lamb,PMLS,,,unobserved,,693689,
Acromegalomma sp.,"Gil & Nishi, 2017",bristle worm,reported,1973-09-20,Andy Lamb,PMLS,,,unobserved,,781286,
Neosabellaria cementarium,"(Moore, 1906)",cemented sandmason tubeworm,reported,1996-09-28,Charlie Gibbs,PMLS,,,unobserved,,339237,reported as Sabellaria cementarium
Chone aurantiaca,"(Johnson, 1901)",orange feather-duster,reported,1999-05-04,Andy Lamb,PMLS,,,unobserved,,356415,
Eudistylia vancouveri,"(Kinberg, 1866)",Vancouver feather-duster,confirmed,1969-02-21,Andy Lamb,PMLS,2015-01-01,Peter Luckham,observed,http://www.inaturalist.org/observations/2797277,84864,
Myxicola sp.A,Harris (provisional species name),petite slime-tube feather-duster,reported,2018-06-19,Andy Lamb,PMLS,,,unobserved,,49534,
Myxicola sp.B,Harris (provisional species name),slime-tube feather-duster,reported,1993-05-09,Charlie Gibbs,PMLS,,,unobserved,,49534,
Parasabella media,Bush 1905,parasol feather-duster,reported,1994-09-10,Andy Lamb,PMLS,,,unobserved,,367054,
Pseudopotamilla occelata,"Moore, 1905",tubeworm,reported,1986-09-30,,RBCM,,,unobserved,,485471,
Schizobranchia insignis,"Bush, 1905",split-branch feather-duster,confirmed,1969-02-21,Andy Lamb,PMLS,2017-05-26,Karolle Wall,observed,https://www.inaturalist.org/observations/7674363,339561,
Apomatus geniculatus,"(Moore & Bush, 1904)",pearl-topped calcareous worm,reported,2007-10-14,Andy Lamb,PMLS,,,unobserved,,939557,
Crucigera zygophora,"(Johnson, 1901)",pale calcareous tubeworm,reported,1986-09-30,,RBCM,,,unobserved,,543574,
Pileolaria spp.,"Claparède, 1868",dwarf calcareous worm,reported,1994-10-23,Andy Lamb,PMLS,,,unobserved,,533325,
Protula pacifica,"Pixell, 1912",white-crown calcareous tubeworm,reported,1981-05-31,Andy Lamb,PMLS,,,unobserved,,538108,
Pseudochitinopoma occidentalis,"(Bush, 1905)",western calcareous tubeworm,reported,2006-03-05,Andy Lamb & Donna Gibbs,PMLS,,,unobserved,,538107,
Salmacina tribranchiata,"(Moore, 1923)",three-branch calcareous tubeworm,reported,2006-11-18,Andy Lamb,PMLS,,,unobserved,,194972,
Serpula columbiana,"Johnson, 1901",red-trumpet calcareous tubeworm,confirmed,1986-04-08,,RBCM,2015-09-25,Karolle Wall,observed,http://www.inaturalist.org/observations/3706037,131207,
Cirratulus spectabilis,"(Kinberg, 1866)",red threads worm,reported,1986-09-30,,RBCM,,,unobserved,,1136116,
Dodecaceria concharum,"Örsted, 1843",coralline-encased filament-worm,confirmed,1999-07-31,Charlie Gibbs,PMLS,2021-01-09,Andrew Simon,observed,https://www.inaturalist.org/observations/67834429,464813,
Dodecaceria fewkesi,"Berkeley & Berkeley, 1954",fringed filament-worm,confirmed,1969-02-21,Andy Lamb,PMLS,2016-02-07,Peter Luckham,observed,http://www.inaturalist.org/observations/2763488,192656,
Neoleprea spiralis,"(Johnson, 1901)",bristle worm,reported,1986-09-30,,RBCM,,,unobserved,,1136118,
Pista elongata,"Moore, 1909",basket-top spaghetti-worm,reported,1993-08-16,Andy Lamb,PMLS,,,unobserved,,338339,
Thelepus sp.,"Leuckart, 1849",curly-head spaghetti-worm,reported,1985-08-02,Andy Lamb,PMLS,,,unobserved,,117588,
Chaetopterus species complex,"Cuvier, 1827",U-shaped parchment tubeworm,reported,2006-03-05,Andy Lamb,PMLS,,,unobserved,,171303,
Spiochaetopterus costarum pottsi,"(Berkeley, 1927)",jointed three-section tubeworm,reported,1985-12-07,Andy Lamb,PMLS,,,unobserved,,552559,misspelled Spiochaeopterus costarum
Sagittoidea,"Claus & Grobben, 1905",arrow worm,reported,1995-02-23,Charlie Gibbs,PMLS,,,unobserved,,246116,
Emplectonema gracile,"(Johnston, 1837)",green ribbon worm,reported,1969-02-22,Andy Lamb,PMLS,,,unobserved,,337279,
Tubulanus albocinctus,"(Coe, 1904)",white-ringed ribbon worm,reported,1996-05-29,Charlie Gibbs,PMLS,,,unobserved,,873878,
Tubulanus polymorphus,"Renier, 1804",orange ribbon worm,confirmed,2008-08-23,Andy Lamb,PMLS,2017-05-27,Karolle Wall,observed,https://www.inaturalist.org/observations/7648049,117581,
Tubulanus sexlineatus,"(Griffin, 1898)",six-lined ribbon worm,confirmed,1969-02-22,Andy Lamb,PMLS,2018-08-10,Karolle Wall,observed,https://www.inaturalist.org/observations/15660001,121950,
Micrura verrilli,"Coe, 1901",purple ribbon worm,reported,2006-09-28,Andy Lamb,PMLS,,,unobserved,,117598,
Eurylepta leoparda,"Freeman, 1933",spotted flatworm,confirmed,1996-09-28,Charlie Gibbs,PMLS,2015-04-22,Karolle Wall,observed,http://www.inaturalist.org/observations/4028701,447179,
Kaburakia excelsa,"Bock, 1925",giant flatworm,confirmed,2016-07-24,Andy Lamb,PMLS,2019-04-27,Andrew Simon,observed,https://www.inaturalist.org/observations/24259233,56699,
Golfingia vulgaris,"(de Blainville, 1827)",brown peanut worm,reported,2007-12-15,Andy Lamb & Donna Gibbs,PMLS,,,unobserved,,874030,
Alcyonidium pedunculatum,"Robertson, 1902",smooth leather bryozoan,reported,1994-02-26,Charlie Gibbs,PMLS,,,unobserved,,873864,
Barentsia sp.,"Hincks, 1880",nodding heads,reported,1985-12-07,Andy Lamb,PMLS,,,unobserved,,211513,
Bowerbankia sp.,"Farre, 1837",tubeworm fuzz,reported,2006-06-23,Andy Lamb,PMLS,,,unobserved,,345483,
Bugulina californica,"(Robertson, 1905)",spiral bryozoan,confirmed,1969-02-22,Andy Lamb,PMLS,2017-05-26,Karolle Wall,observed,https://www.inaturalist.org/observations/7674532,551808,
Caulibugula californica,"Robertson, 1905",parasol bryozoan,reported,2007-12-15,Andy Lamb,PMLS,,,unobserved,,802658,
Cellaria diffusa,"Robertson, 1905",spindly rabbit-ear bryozoan,reported,1995-02-24,Charlie Gibbs,PMLS,,,unobserved,,196077,
Celleporina robertsoniae,"(Canu & Bassler, 1923)",rusty bryozoan,reported,1997-04-15,Donna Gibbs,PMLS,,,unobserved,,485340,misspelled Celleprina robertsoni
Crisia sp.,"Lamouroux, 1812",white tuft bryozoan,reported,1985-07-29,Andy Lamb,PMLS,,,unobserved,,192680,
Dendrobeania lichenoides,"(Robertson, 1900)",leaf crust bryozoan,reported,1985-07-29,Andy Lamb,PMLS,,,unobserved,,339213,
Dendrobeania murrayana,"(Bean in Johnston, 1847)",fan bryozoan,reported,1985-08-02,Andy Lamb,PMLS,,,unobserved,,205170,
Diaperoforma californica,"(d'Orbigny, 1853)",southern staghorn bryozoan,reported,1985-12-07,Andy Lamb,PMLS,,,unobserved,,345872,
Disporella separata,"Osburn, 1953",purple encrusting bryozoan,reported,1997-04-15,Donna Gibbs,PMLS,,,unobserved,,465160,
Heteropora alaskensis,"Borg, 1933",delicate staghorn bryozoan,reported,2008-07-19,Andy Lamb,PMLS,,,unobserved,,873902,
Heteropora pacifica,"Borg, 1933",northern staghorn bryozoan,reported,1971-08-21,Andy Lamb,PMLS,,,unobserved,,465163,
Membranipora villosa,"Hincks, 1880",kelp-encrusting bryozoan,confirmed,1993-08-16,Andy Lamb,PMLS,2019-08-04,Andrew Simon,observed,https://www.inaturalist.org/observations/30217323,360867,reported as Membranipora serrilamella (synonymous)
Phidolopora pacifica,"(Robertson, 1908)",lattice-work bryozoan,reported,1985-12-07,Andy Lamb,PMLS,,,unobserved,,51796,
Phoronis ijimai,"Oka, 1897",white colonial Phoronid,confirmed,2008-04-27,Andy Lamb,PMLS,2013-06-26,Karolle Wall,observed,http://www.inaturalist.org/observations/4014973,372139,
Primavelans insculpta,"(Hincks, 1883)",fluted bryozoan,reported,1995-02-26,Charlie Gibbs,PMLS,,,unobserved,,429861,reported as Hippodiplosia insculpta
Schizoporella japonica,"Ortmann, 1890",orange ripple bryozoan,confirmed,1973-09-20,Andy Lamb,PMLS,2019-05-04,Joan Septembre,observed,https://www.inaturalist.org/observations/24768697,519486,misspelled Schizoporella japonicus
Terebratalia transversa,"(Sowerby, 1846)",transverse lamp shell,reported,1981-05-31,Andy Lamb,PMLS,,,unobserved,,122157,
Anthopleura artemisia,"(Pickering in Dana, 1846)",burrowing anemone,confirmed,1996-09-29,Charlie Gibbs,PMLS,2013-10-13,Peter Luckham,observed,http://www.inaturalist.org/observations/2976378,51658,
Anthopleura elegantissima,"(Brandt, 1835)",pink-tipped anemone,confirmed,1985-12-07,Andy Lamb,PMLS,2013-10-13,Bridget Spencer,observed,http://www.inaturalist.org/observations/2580645,52564,
Cribrinopsis fernaldi,"Siebert & Spaulding, 1976",snakelock anemone,reported,1971-08-21,Andy Lamb,PMLS,,,unobserved,,465158,
Cribrinopsis rubens,"Sanamyan, Sanamyan, McDaniel, Martynov, Korshunova & Bocharova, 2019",crimson anemone,reported,2006-11-11,Andy Lamb,PMLS,,,unobserved,,936577,
Epiactis lisbethae,"Fautin & Chia, 1986",brooding anemone,reported,1999-07-31,Charlie Gibbs,PMLS,,,unobserved,,429853,
Epiactis prolifera,"Verrill, 1869",proliferating anemone,reported,1973-09-20,Andy Lamb,PMLS,,,unobserved,,49060,
Urticina clandestina,"N. Sanamyan, K. Sanamyan & McDaniel, 2013",stubby rose anemone,confirmed,1969-02-22,Andy Lamb,PMLS,2016-02-07,Peter Luckham,observed,http://www.inaturalist.org/observations/2763403,898651,
Urticina grebelnyi,"Sanamyan & Sanamyan, 2006",painted anemone,confirmed,1986-09-30,,RBCM,2013-10-13,Peter Luckham,observed,http://www.inaturalist.org/observations/2975837,492672,
Stomphia coccinea,"(Müller, 1776)",spotted swimming anemone,reported,2008-04-27,Andy Lamb,PMLS,,,unobserved,,459981,
Stomphia didemon,"Siebert, 1973",swimming anemone,reported,1971-08-21,Andy Lamb,PMLS,,,unobserved,,501276,
Diadumene lineata,"(Verrill, 1869)",striped green sea anemone,new 2018,,,,2018-08-05,Kristian Sigvardsen,observed,https://www.inaturalist.org/observations/15156184,81783,
Halcampa decemtentaculata,"Hand, 1955",ten-tentacled burrowing anemone,reported,2008-06-21,Andy Lamb,PMLS,,,unobserved,,124510,
Peachia quinquecapitata,"McMurrich, 1913",jelly-dwelling anemone,reported,2006-06-23,Andy Lamb,PMLS,,,unobserved,,47814,
Metridium farcimen,"(Brandt, 1835)",giant plumose anemone,confirmed,1973-09-21,Andy Lamb & Donna Gibbs,PMLS,2009-10-03,Jackson Chu,observed,https://www.inaturalist.org/observations/61341028,51812,
Metridium senile,"(Linnaeus, 1761)",short plumose anemone,confirmed,1968-08-02,Andy Lamb,PMLS,2017-04-30,Andrew Simon,observed,https://www.inaturalist.org/observations/6047558,49071,
Alcyonium sp.,"Pallas, 1766",orange soft coral,reported,1985-12-07,Andy Lamb,PMLS,2016-02-07,Peter Luckham,observed,http://www.inaturalist.org/observations/2763485,338004,
Discophyton rudyi,"(Verseveldt & van Ofwegen, 1992)",white soft coral,reported,1995-02-24,Charlie Gibbs,PMLS,,,unobserved,,460061,
Thrombophyton trachydermum,"McFadden & Hochberg, 2003",pale soft coral,reported,2009-01-30,Andy Lamb,PMLS,,,unobserved,,424307,
Halipteris willemoesi,"(Kölliker, 1880)",sea whip,reported,2007-12-09,Andy Lamb,PMLS,,,unobserved,,460078,
Ptilosarcus gurneyi,"(Gray, 1860)",orange sea pen,confirmed,1923-06-18,,RBCM,2013-10-13,Peter Luckham,observed,http://www.inaturalist.org/observations/2976007,448320,
Stylatula elongata,"Verrill, 1864",spiny white sea pen,reported,2016-01-23,Andy Lamb,PMLS,,,unobserved,,61459,
Virgularia sp.,"Lamarck, 1816",white sea pen,confirmed,1995-02-25,Charlie Gibbs,PMLS,2013-10-13,Peter Luckham,observed,http://www.inaturalist.org/observations/2975931,195571,
Caryophyllia (Caryophyllia) alaskensis,"Vaughan, 1941",round tan cup coral,reported,2009-02-14,Andy Lamb,PMLS,,,unobserved,,459907,
Paracyathus stearnsii,"Verrill, 1869",brown oval cup coral,reported,2006-06-23,Andy Lamb,PMLS,,,unobserved,,293284,
Balanophyllia (Balanophyllia) elegans,"Verrill, 1864",orange cup coral,confirmed,1969-02-21,Andy Lamb,PMLS,2007-10-23,Jackson Chu,observed,https://www.inaturalist.org/observations/24792362,51799,
Pachycerianthus fimbriatus,"McMurrich, 1910",tube-dwelling anemone,confirmed,1973-09-20,Andy Lamb,PMLS,2016-07-05,Peter Luckham,observed,http://www.inaturalist.org/observations/2763393,47702,
Epizoanthus scotinus,"Wood, 1957",orange zoanthid,reported,1981-05-31,Andy Lamb,PMLS,,,unobserved,,429859,
Bougainvillia sp.,"Lesson, 1830",cluster-tentacled jelly,reported,2008-10-05,Andy Lamb,PMLS,,,unobserved,,247135,
Garveia annulata,"Nutting, 1901",orange hydroid,reported,1985-08-02,Andy Lamb,PMLS,,,unobserved,,63662,
Euphysa spp.,"Forbes, 1848",tiny red sausage jellies,confirmed,1993-05-09,Andy Lamb & Donna Gibbs,PMLS,2013-05-09,Karolle Wall,observed,http://www.inaturalist.org/observations/4052450,247163,
Polyorchis penicillatus,"(Eschscholtz, 1829)",red-eye medusa,confirmed,2009-04-04,Andy Lamb,PMLS,2010-07-09,Karolle Wall,observed,http://www.inaturalist.org/observations/3680720,51640,
Sarsia sp.,"Lesson, 1843",thimble jellyfishes,reported,2009-04-13,Andy Lamb,PMLS,,,unobserved,,51653,
Sarsia tubulosa,"(M. Sars, 1835)",clapper hydroid,confirmed,1913-06-06,,RBCM,2011-05-18,Karolle Wall,observed,http://www.inaturalist.org/observations/4028771,448319,
Hydractinia sp.,"Van Beneden, 1844",barnacle fur hydroid,reported,2008-03-22,Andy Lamb,PMLS,,,unobserved,,203798,
Schuchertinia allmanii,"(Bonnevie, 1898)",snail fur hydroid,reported,1985-08-02,Andy Lamb,PMLS,,,unobserved,,1118982,Reported as Hydractinia cf aggregata
Schuchertinia milleri,"(Torrey, 1902)",hedge-hog hydroid,reported,1985-12-07,Andy Lamb,PMLS,,,unobserved,,854771,Reported as Clavactinia milleri
Leuckartiara longicalcar,"Schuchert, 2018",,new 2020,,,,2020-05-09,catiemac,observed,https://www.inaturalist.org/observations/57175835,776381,
Neoturris breviconis,"(Murbach & Shearer, 1902)",blob-top jelly,confirmed,2007-09-29,Andy Lamb,PMLS,2011-05-18,Karolle Wall,observed,http://www.inaturalist.org/observations/3706339,491131,
Stomotoca atra,"L. Agassiz, 1862",hanging stomach jelly,new 2016,,,,2015-07-07,Karolle Wall,observed,http://www.inaturalist.org/observations/4052412,255140,
Similiclava nivea,"Calder, Choong & McDaniel, 2015",white hydroid,reported,1985-08-02,Andy Lamb,PMLS,,,unobserved,,873890,
Stylantheca papillosa,"(Dall, 1884)",encrusting hydrocoral,reported,1985-08-02,Andy Lamb,PMLS,,,unobserved,,131205,
Stylaster verrillii,"(Dall, 1884)",,new 2007,,,,2007-10-23,Jackson Chu,observed,https://inaturalist.ca/observations/59908576,459985,https://static.inaturalist.org/photos/95758142/large.jpeg?1600374698
Ectopleura crocea,"(Agassiz, 1862)",bushy pink-mouth hydroid,reported,1993-08-16,Andy Lamb,PMLS,,,unobserved,,324497,Reported as Pinauay crocea
Ectopleura marina,"(Torrey, 1902)",solitary pink-mouth hydroid,reported,1981-05-31,Andy Lamb,PMLS,,,unobserved,,492142,Reported as Pinauay marina
Tubularia indivisa,"Linnaeus, 1758",giant pink-mouth hydroid,reported,2008-03-07,Andy Lamb,PMLS,,,unobserved,,461660,
Aequorea victoria s.lat.,"(Murbach & Shearer, 1902)",water jelly,confirmed,1985-07-29,Andy Lamb,PMLS,2017-05-26,Karolle Wall,observed,https://www.inaturalist.org/observations/7648048,325995,
Aglaophenia sp.,"Lamouroux, 1812",ostrich-plume hydroid,reported,1971-08-21,Andy Lamb,PMLS,,,unobserved,,51218,
Clytia gregaria,"(Agassiz, 1862)",gregarious jellyfish,reported,1976-06-20,Rita M. O'Clair,CMN,,,unobserved,,195428,
Obelia sp.,"Péron & Lesueur, 1810",wine-glass hydroid,reported,1968-08-02,Andy Lamb,PMLS,,,unobserved,,49536,
Orthopyxis sp.,"L. Agassiz, 1862",spider web hydroid,reported,1994-09-10,Andy Lamb,PMLS,,,unobserved,,500952,
Rhizocaulus verticillatus,"(Linnaeus, 1758)",horse-tail hydroid,reported,2008-03-22,Andy Lamb,PMLS,,,unobserved,,127158,
Eutonina indicans,"(Romanes, 1876)",aggregating jelly,reported,1996-05-29,Charlie Gibbs,PMLS,,,unobserved,,348053,
Halecium beani,"(Johnston, 1838)",candalabrum hydroid,reported,2010-04-18,Andy Lamb,PMLS,,,unobserved,,668120,
Halecium densum,"Calkins, 1899",dense bushy hydroid,reported,2006-06-30,Andy Lamb,PMLS,,,unobserved,,874028,
Grammaria sp.,"Stimpson, 1853",spindly embedded hydroid,reported,2009-04-13,Andy Lamb,PMLS,,,unobserved,,874029,
Lafoea dumosa,"(Fleming, 1820)",muff hydroid,reported,1985-08-02,Andy Lamb,PMLS,,,unobserved,,423721,
Melicertum octocostatum,"(M. Sars, 1835)",eight-strand jelly,reported,2009-04-13,Andy Lamb,PMLS,,,unobserved,,550154,
Mitrocoma cellularia,"(Agassiz, 1862)",cross jellyfish,confirmed,1928-07-20,"Fisheries Research Board of Canada, Nanaimo",CMN,2020-05-08,Andrew Simon,observed,https://www.inaturalist.org/observations/45326871,493918,
Plumularia setacea,"(Linnaeus, 1758)",glassy plume hydroid,reported,1913-06-06,,RBCM,,,unobserved,,209141,
Plumularia sp.,"Lamarck, 1816",delicate plume hydroid,reported,1985-08-02,Andy Lamb,PMLS,,,unobserved,,60609,
Sertularella sp.,"Gray, 1848",garland hydroid,reported,1985-08-02,Andy Lamb,PMLS,,,unobserved,,60656,
Abietinaria greenei,"(Murray, 1860)",fibre-optic hydroid,reported,1971-08-21,Andy Lamb,PMLS,,,unobserved,,429858,
Abietinaria sp.,"Kirchenpauer, 1884",coarse sea fir hydroid,reported,1981-05-31,Andy Lamb,PMLS,,,unobserved,,55322,
Hydrallmania franciscana,"(Trask, 1857)",loose spiral hydroid,reported,2006-06-30,Andy Lamb,PMLS,,,unobserved,,873899,
Selaginopsis sp.,"Allman, 1876",fish-bone hydroid,reported,1985-08-02,Andy Lamb,PMLS,,,unobserved,,701033,
Thuiaria spp.,"Fleming, 1828",embedded sea fir hydroids,reported,2006-09-28,Andy Lamb,PMLS,,,unobserved,,514521,
Thuiaria thuja,"(Linnaeus, 1758)",bottlebrush hydroid,reported,1985-08-02,Andy Lamb,PMLS,,,unobserved,,873882,
Gonionemus vertens,"A. Agassiz, 1862",clinging jellyfish,new 2016,,,,2013-07-07,Karolle Wall,observed,http://www.inaturalist.org/observations/3706321,501046,
Aegina citrea,"Eschscholtz, 1829",four tentacled jelly,reported,2009-04-04,Andy Lamb,PMLS,,,unobserved,,256077,
Solmissus sp.,"Haeckel, 1879",scalloped jelly,reported,2009-04-04,Andy Lamb,PMLS,,,unobserved,,247208,
Nanomia bijuga,"(Delle Chiaje, 1844)",tailed jelly,confirmed,1993-05-09,Charlie Gibbs,PMLS,2014-09-18,Karolle Wall,observed,http://www.inaturalist.org/observations/4052157,506580,
Chelophyes appendiculata,"(Eschscholtz, 1829)",,reported,1928-11-09,Anita Brinckmann-Voss,CMN,,,unobserved,,549343,
Muggiaea sp.,"Busch, 1851",dwarf tailed jelly,reported,2009-04-11,Andy Lamb,PMLS,,,unobserved,,201710,
Cyanea ferruginea,"Eschscholtz, 1829",lion's mane,confirmed,1999-10-02,Andy Lamb,PMLS,2015-05-16,Karolle Wall,observed,https://www.inaturalist.org/observations/3680731,786996,reported as Cyanea capillata
Phacellophora camtschatica,"Brandt, 1835",fried egg jellyfish,confirmed,1994-09-10,Andy Lamb,PMLS,2016-06-14,Karolle Wall,observed,http://www.inaturalist.org/observations/3680726,52966,
Aurelia labiata,"Chamisso & Eysenhardt, 1821",moon jelly,confirmed,1996-09-28,Charlie Gibbs,PMLS,2015-06-21,Karolle Wall,observed,http://www.inaturalist.org/observations/3706338,130235,
Beroe abyssicola,"Mortensen, 1927",transluscent comb jelly,confirmed,1993-05-09,Charlie Gibbs,PMLS,2020-05-09,catiemac,observed,https://www.inaturalist.org/observations/57175255,1090851,
Euplokamis dunlapae,"Mills, 1987",oval sea gooseberry,reported,1995-02-25,Charlie Gibbs,PMLS,,,unobserved,,873875,
Pleurobrachia bachei,"A. Agassiz, 1860",sea gooseberry,confirmed,1981-05-31,Andy Lamb,PMLS,2011-05-17,Karolle Wall,observed,http://www.inaturalist.org/observations/4028653,117705,
Bolinopsis infundibulum,"(O.F. Müller, 1776)",lobed sea gooseberry,confirmed,1996-05-29,Charlie Gibbs,PMLS,2013-10-13,Peter Luckham,observed,http://www.inaturalist.org/observations/2976644,492705,
Balanus crenatus,"Bruguière, 1789",common acorn barnacle,confirmed,1969-02-22,Andy Lamb,PMLS,2019-01-25,awworld,observed,https://www.inaturalist.org/observations/19886394,117672,
Balanus glandula,"Darwin, 1854",common acorn barnacle,confirmed,1969-02-22,Andy Lamb,PMLS,2015-08-28,Andrew Simon,observed,http://www.inaturalist.org/observations/2580675,81610,
Balanus nubilus,"Darwin, 1854",giant acorn barnacle,confirmed,1986-04-08,,RBCM,2013-10-13,Peter Luckham,observed,http://www.inaturalist.org/observations/2975823,49127,
Balanus rostratus,"Hoek, 1883",large acorn barnacle,reported,1986-09-30,,RBCM,,,unobserved,,782656,
Semibalanus cariosus,"(Pallas, 1788)",thatched acorn barnacle,confirmed,1985-12-08,Andy Lamb,PMLS,2016-08-17,Andrew Simon,observed,http://www.inaturalist.org/observations/3910072,47658,
Chthamalus dalli,"Pilsbry, 1916",small acorn barnacle,confirmed,2008-02-16,Andy Lamb,PMLS,2015-08-28,Andrew Simon,observed,http://www.inaturalist.org/observations/2580662,129910,
Lepeophtheirus sp.,"Nordmann, 1832",parasitic copepod,reported,2008-02-03,Andy Lamb,PMLS,,,unobserved,,329133,
Ampelisca hancocki,"J.L. Barnard, 1954",amphipod,reported,1961-06-22,,RBCM,,,unobserved,,295404,
Ampelisca lobata,"Holmes, 1908",amphipod,reported,1961-06-22,,RBCM,,,unobserved,,295407,
Ampelisca unsocalae,"J.L. Barnard, 1960",amphipod,reported,1961-06-22,,RBCM,,,unobserved,,313004,
Ampithoe lacertosa,"Bate, 1858",sea lettuce sea flea,reported,2009-02-14,Andy Lamb,PMLS,,,unobserved,,260501,
Caprella alaskana,"Mayer, 1903",Alaskan skeleton shrimp,reported,2008-06-21,Andy Lamb,PMLS,,,unobserved,,508889,
Caprella mutica,"Schurin, 1935",Japanese skeleton shrimp,new 2016,,,,2010-08-21,Karolle Wall,observed,http://www.inaturalist.org/observations/4052123,64634,
Desdimelita californica,"(Alderman, 1936)",amphipod,reported,1976-06-20,Rita M. O'Clair,CMN,,,unobserved,,1128629,
Desdimelita microdentata,"Jarrett & Bousfield, 1996",amphipod,reported,1976-06-20,Rita M. O'Clair,CMN,,,unobserved,,1128632,
Photis brevipes,"Shoemaker, 1942",amphipod,reported,1961-06-22,,RBCM,,,unobserved,,295828,
Chromopleustes oculatus,"(Holmes, 1908)",black-and-white sea flea,reported,1995-02-24,Charlie Gibbs,PMLS,,,unobserved,,796029,
Gnathopleustes pachychaetus,"Bousfield & Hendrycks, 1995",amphipod,reported,1976-06-20,Rita M. O'Clair,CMN,,,unobserved,,1128633,
Megalorchestia pugettensis,"Dana, 1852",Puget Sound beach flea,new 2018,,,,2018-08-01,Andrew Simon,observed,https://www.inaturalist.org/observations/15038969,345335,
Traskorchestia traskiana,"(Stimpson, 1857)",Pacific beach hopper,new 2017,,,,2017-03-30,Andrew Simon,observed,https://www.inaturalist.org/observations/5516564,130223,
Neotrypaea californiensis,"(Dana, 1854)",bay ghost shrimp,confirmed,1995-02-23,Charlie Gibbs,PMLS,2019-04-20,Natalie Kennedy,observed,https://www.inaturalist.org/observations/22842052,56659,
Cancer productus,"Randall, 1840",red rock crab,confirmed,1985-12-07,Andy Lamb,PMLS,2013-10-13,Peter Luckham,observed,http://www.inaturalist.org/observations/2976310,47826,
Glebocarcinus oregonensis,"(Dana, 1852)",pygmy rock crab,confirmed,1986-04-08,,RBCM,2013-10-13,Peter Luckham,observed,http://www.inaturalist.org/observations/2976002,429951,
Metacarcinus gracilis,"(Dana, 1852)",graceful crab,confirmed,1973-06-14,Philip Lambert,RBCM,2016-08-17,Andrew Simon,observed,http://www.inaturalist.org/observations/3910088,116721,
Metacarcinus magister,"(Dana, 1852)",dungeness crab,confirmed,1996-05-29,Charlie Gibbs,PMLS,2018-05-29,Karolle Wall,observed,https://www.inaturalist.org/observations/12970642,63697,
Telmessus cheiragonus,"(Tilesius, 1815)",helmet crab,confirmed,1996-05-29,Charlie Gibbs,PMLS,2017-05-29,Karolle Wall,observed,https://www.inaturalist.org/observations/7659462,180391,
Crangon sp.,"Fabricius, 1798",shrimp,new 2018,,,,2018-05-31,Karolle Wall,observed,https://www.inaturalist.org/observations/13026269,48812,
Metacrangon munita,"(Dana, 1852)",coastal spinyhead,reported,1928-07-18,,RBCM,,,unobserved,,459610,
Chorilia longipes,"Dana, 1851",longhorn decorator crab,confirmed,2008-05-22,Jackson Chu,Chu (2010),2009-10-03,Jackson Chu,observed,https://www.inaturalist.org/observations/8624646,459559,
Pugettia gracilis,"Dana, 1851",graceful kelp crab,confirmed,,,RBCM,2013-10-13,Peter Luckham,observed,http://www.inaturalist.org/observations/2976672,130344,
Pugettia producta,"(Randall, 1840)",northern kelp crab,confirmed,1969-02-22,Andy Lamb,PMLS,2016-02-07,Peter Luckham,observed,http://www.inaturalist.org/observations/2763431,49723,
Scyra acutifrons,"Dana, 1851",sharpnose crab,confirmed,1986-04-08,,RBCM,2013-10-13,Peter Luckham,observed,http://www.inaturalist.org/observations/2854858,47712,
Acantholithodes hispidus,"(Stimpson, 1860)",hairy-spined crab,confirmed,1994-09-10,Andy Lamb,PMLS,2009-10-03,Jackson Chu,observed,https://www.inaturalist.org/observations/61341038,450310,
Hapalogaster mertensii,"J.F. Brandt, 1850",hairy crab,confirmed,1969-02-22,Andy Lamb,PMLS,2007-10-23,Jackson Chu,observed,https://www.inaturalist.org/observations/59908564,51635,
Oedignathus inermis,"(Stimpson, 1860)",granular claw crab,confirmed,2008-08-29,Andy Lamb,PMLS,1978-03-19,Rick Harbo,observed,https://www.inaturalist.org/observations/31752288,194566,
Placetron wosnessenskii,"Schalfeew, 1892",scaled crab,reported,1999-07-31,Charlie Gibbs,PMLS,,,unobserved,,459657,
Cryptolithodes sitchensis,"J.F. Brandt, 1853",umbrella crab,reported,1999-10-02,Andy Lamb,PMLS,,,unobserved,,47395,
Cryptolithodes typicus,"J.F. Brandt, 1848",butterfly crab,reported,1985-07-29,Andy Lamb,PMLS,,,unobserved,,53845,
Lopholithodes foraminatus,"(Stimpson, 1859)",brown box crab,confirmed,2008-05-22,Jackson Chu,Chu (2010),2008-05-24,Jackson Chu,observed,https://www.inaturalist.org/observations/60467710,459606,
Lopholithodes mandtii,"J.F. Brandt, 1848",Puget Sound king crab,confirmed,1994-02-27,Charlie Gibbs,PMLS,2015-01-01,Peter Luckham,observed,http://www.inaturalist.org/observations/2797301,459608,
Phyllolithodes papillosus,"J.F. Brandt, 1848",heart crab,reported,1969-02-21,Andy Lamb,PMLS,,,unobserved,,424896,
Rhinolithodes wosnessenskii,"J.F. Brandt, 1848",rhinoceros crab,reported,1994-09-10,Andy Lamb,PMLS,,,unobserved,,459660,
Munida quadrispina,"Benedict, 1902",squat lobster,confirmed,2008-05-21,Jackson Chu,Chu (2010),2008-05-24,Jackson Chu,observed,https://www.inaturalist.org/observations/60468460,334674,
Hyas lyratus,"Dana, 1851",Pacific lyre crab,reported,1961-05-13,Dan Quayle,RBCM,,,unobserved,,459591,
Oregonia gracilis,"Dana, 1851",graceful decorator crab,confirmed,1973-09-21,Andy Lamb,PMLS,2017-05-29,Karolle Wall,observed,https://www.inaturalist.org/observations/7647272,84267,
Discorsopagurus schmitti,"(Stevens, 1925)",tubeworm hermit,reported,1986-09-30,,RBCM,,,unobserved,,459564,
Elassochirus gilli,"(Benedict, 1892)",orange hermit,reported,1985-08-02,Andy Lamb,PMLS,,,unobserved,,459568,
Elassochirus tenuimanus,"(Dana, 1851)",widehand hermit,reported,1993-08-16,Andy Lamb,PMLS,,,unobserved,,459569,
Pagurus armatus,"(Dana, 1851)",blackeyed hermit,reported,1969-02-21,Andy Lamb,PMLS,,,unobserved,,459543,
Pagurus beringanus,"(Benedict, 1892)",Bering hermit,confirmed,1986-04-08,,RBCM,2015-05-16,Peter Luckham,observed,http://www.inaturalist.org/observations/2854421,362749,
Pagurus caurinus,"Hart, 1971",Greenmark hermit,confirmed,2005-12-10,Andy Lamb,PMLS,2015-05-16,Peter Luckham,observed,http://www.inaturalist.org/observations/2854836,180026,
Pagurus granosimanus,"(Stimpson, 1859)",grainy hermit crab,confirmed,1986-09-30,,RBCM,2013-05-09,Karolle Wall,observed,http://www.inaturalist.org/observations/3910074,127555,
Pagurus hirsutiusculus,"(Dana, 1851)",hairy hermit,confirmed,2016-01-23,Andy Lamb,PMLS,2016-08-26,Lauren Magner & Andrew Simon,observed,http://www.inaturalist.org/observations/3971319,63219,
Pagurus kennerlyi,"(Stimpson, 1864)",bluespine hermit,reported,1999-10-02,Andy Lamb,PMLS,,,unobserved,,459637,
Pagurus ochotensis,"Brandt, 1851",Alaskan hermit,confirmed,1985-08-02,Andy Lamb,PMLS,2018-05-18,Karolle Wall,observed,https://www.inaturalist.org/observations/12631603,202044,
Pagurus quaylei,"Hart, 1971",Quayle's hermit,reported,2008-06-21,Andy Lamb,PMLS,,,unobserved,,366957,
Pagurus samuelis,"(Stimpson, 1857)",blueband hermit,reported,2009-03-19,Andy Lamb,PMLS,,,unobserved,,49095,
Pagurus stevensae,"Hart, 1971",Stevens' hermit,reported,2008-03-01,Andy Lamb,PMLS,,,unobserved,,459640,
Pandalus borealis,"Krøyer, 1838",northern shrimp,reported,1956-01-29,W. Barraclough,RBCM,,,unobserved,,437504,
Pandalus danae,"Stimpson, 1857",coonstripe shrimp,confirmed,1981-05-31,Andy Lamb,PMLS,2015-04-22,Karolle Wall,observed,http://www.inaturalist.org/observations/3706255,154708,
Pandalus eous,"Makarov, 1935",spiny pink shrimp,reported,1995-02-23,Charlie Gibbs,PMLS,,,unobserved,,459644,
Pandalus lucidirimicolus,"(Jensen, 1998)",sparkling shrimp,reported,1995-11-24,Daniel Kent,RBCM,,,unobserved,,459643,"reported as Pandalopsis lucidirimicola Jensen, 1998"
Pandalus platyceros,"J.F. Brandt in von Middendorf, 1851",Pacific prawn,confirmed,1995-02-25,Charlie Gibbs,PMLS,2008-05-24,Jackson Chu,observed,https://www.inaturalist.org/observations/60468464,180394,
Pandalus stenolepis,"Rathbun, 1902",rough patch shrimp,reported,1995-02-23,Charlie Gibbs,PMLS,,,unobserved,,459645,
Lophopanopeus bellus,"(Stimpson, 1860)",black-clawed crab,confirmed,2007-10-21,Andy Lamb,PMLS,2016-04-08,Karolle Wall,observed,http://www.inaturalist.org/observations/2909657,50818,
Fabia subquadrata,"Dana, 1851",pea crab,reported,1934-09-06,Joesphine F.L. Hart,RBCM,,,unobserved,,117669,
Petrolisthes cinctipes,"(Randall, 1840)",flat porcelain crab,reported,2008-10-06,Andy Lamb,PMLS,,,unobserved,,53620,
Petrolisthes eriomerus,"Stimpson, 1871",flattop crab,confirmed,1969-02-22,Andy Lamb,PMLS,2017-05-26,Kris Krüg,observed,http://inaturalist.ca/observations/6371780,47803,
Eusergestes similis,"(Hansen, 1903)",Pacific sergestid,reported,1965-01-29,W. Barraclough,RBCM,,,unobserved,,459581,
Eualus butleri,"Jensen, 2004",sponge eualid,reported,2016-01-23,Andy Lamb,PMLS,,,unobserved,,459508,
Heptacarpus brevirostris,"(Dana, 1852)",stout coastal shrimp,confirmed,1976-06-20,Rita M. O'Clair,CMN,2017-05-26,Karolle Wall,observed,https://www.inaturalist.org/observations/7674355,63679,
Heptacarpus kincaidi,"(Rathbun, 1902)",Kincaid's shrimp,reported,1996-09-28,Charlie Gibbs,PMLS,,,unobserved,,459524,
Heptacarpus stylus,"(Stimpson, 1864)",stiletto shrimp,reported,2006-03-05,Andy Lamb,PMLS,,,unobserved,,458674,
Heptacarpus tridens,"(Rathbun, 1902)",threespine shrimp,reported,1999-10-02,Andy Lamb,PMLS,,,unobserved,,459522,
Lebbeus eludus,"Jensen, 2006",elusive lebbeid,reported,2009-05-30,Andy Lamb,PMLS,,,unobserved,,459480,
Lebbeus grandimanus,"(Bražnikov, 1907)",candy stripe shrimp,reported,1996-09-28,Charlie Gibbs,PMLS,,,unobserved,,459598,
Lebbeus mundus,"Jensen, 2006",cleaner lebbeid,reported,2008-02-16,Andy Lamb,PMLS,,,unobserved,,459601,
Spirontocaris prionota,"(Stimpson, 1864)",deep blade shrimp,reported,1986-09-30,,RBCM,,,unobserved,,424249,
Hemigrapsus nudus,"(Dana, 1851)",purple shore crab,confirmed,1948-06-05,,RBCM,2011-08-10,Nancy Woodham,observed,http://www.inaturalist.org/observations/4021637,48342,
Hemigrapsus oregonensis,"(Dana, 1851)",yellow shore crab,new 2016,,,,2015-08-28,Andrew Simon,observed,http://www.inaturalist.org/observations/2580697,69170,
Euphausia sp.,"Dana, 1850",krill,reported,1973-09-21,Andy Lamb,PMLS,,,unobserved,,195136,
Bopyroides hippolytes,"(Kröyer, 1838)",shrimp parasitic isopod,reported,2010-07-17,Andy Lamb,PMLS,,,unobserved,,873867,
Pentidotea resecata,"(Stimpson, 1857)",eelgrass isopod,new 2016,,,,2016-05-08,Karolle Wall,observed,http://www.inaturalist.org/observations/4078193,141842,
Pentidotea wosnesenskii,"(Brandt, 1851)",rockweed isopod,confirmed,1960-12-22,Donald E. McAllister & M.O Yesaki,CMN,2017-04-08,Tyrel Froese,observed,https://www.inaturalist.org/observations/5620541,126295,
Gnorimosphaeroma oregonense,"(Dana, 1853)",Oregon pillbug,confirmed,1976-06-20,Rita M. O'Clair,CMN,2019-05-04,David Metzger,observed,https://www.inaturalist.org/observations/24633050,123798,
Argulus pugettensis,"Dana, 1853",surfperch fish louse,reported,2007-09-29,Andy Lamb,PMLS,,,unobserved,,873865,
Evasterias troschelii,"(Stimpson, 1862)",mottled star,confirmed,1968-08-02,Andy Lamb,PMLS,2016-02-07,Peter Luckham,observed,http://www.inaturalist.org/observations/2763504,84265,
Leptasterias hexactis,"(Stimpson, 1862)",colourful six-armed star,reported,1993-08-16,Andy Lamb,PMLS,,,unobserved,,117691,
Orthasterias koehleri,"(de Loriol, 1897)",rainbow star,confirmed,1969-02-21,Andy Lamb,PMLS,2013-07-24,Karolle Wall,observed,http://www.inaturalist.org/observations/3706322,47669,
Pisaster brevispinus,"(Stimpson, 1857)",giant pink star,confirmed,1969-02-21,Andy Lamb,PMLS,2016-02-07,Peter Luckham,observed,http://www.inaturalist.org/observations/2763412,49539,
Pisaster ochraceus,"(Brandt, 1835)",ochre star,confirmed,1969-02-21,Andy Lamb,PMLS,2009-07-08,Shera Street,observed,http://www.inaturalist.org/observations/2635155,49699,
Pycnopodia helianthoides,"(Brandt, 1835)",sunflower star,confirmed,1969-02-21,Andy Lamb,PMLS,2013-10-13,Peter Luckham,observed,http://www.inaturalist.org/observations/2976203,47673,
Stylasterias forreri,"(de Loriol, 1887)",velcro star,reported,1973-09-20,Andy Lamb,PMLS,,,unobserved,,255883,
Luidia foliolata,"Grube, 1866",sand star,reported,1959-12-11,Dan Quayle,RBCM,,,unobserved,,195859,
Henricia aspera aspera,"Fisher, 1906",ridged blood star,reported,1969-02-21,Andy Lamb,PMLS,,,unobserved,,293168,
Henricia leviuscula complex,"(Stimpson, 1857)",Pacific blood star,confirmed,1973-09-21,Andy Lamb,PMLS,2013-07-23,Karolle Wall,observed,http://www.inaturalist.org/observations/3706337,47664,
Henricia sanguinolenta,"(O.F. Müller, 1776)",fat blood star,confirmed,2009-10-10,Andy Lamb,PMLS,2015-05-16,Peter Luckham,observed,http://www.inaturalist.org/observations/2854681,62364,
Pteraster tesselatus,"Ives, 1888",slime star,confirmed,1971-08-21,Andy Lamb,PMLS,2009-10-03,Jackson Chu,observed,https://www.inaturalist.org/observations/61341024,194701,
Dermasterias imbricata,"(Grube, 1857)",leather star,confirmed,1969-02-21,Andy Lamb,PMLS,2013-10-13,Peter Luckham,observed,http://www.inaturalist.org/observations/2975990,63382,
Ceramaster patagonicus,"(Sladen, 1889)",orange cookie star,new 2009,,,,2009-10-03,Jackson Chu,observed,https://www.inaturalist.org/observations/61341019,537859,
Hippasteria phrygiana,"(Parelius, 1768)",spiny red star,reported,1971-08-21,Andy Lamb,PMLS,,,unobserved,,464048,
Mediaster aequalis,"Stimpson, 1857",vermilion star,reported,1971-08-21,Andy Lamb,PMLS,2009-10-03,Jackson Chu,unobserved,https://www.inaturalist.org/observations/61341026,293174,
Crossaster papposus,"(Linnaeus, 1767)",rose star,reported,1973-06-14,Philip Lambert,RBCM,,,unobserved,,192687,
Solaster dawsoni,"Verrill, 1880",morning sun star,reported,,,RBCM,,,unobserved,,117692,
Solaster endeca,"(Linnaeus, 1771)",northern sun star,reported,2006-06-23,Andy Lamb,PMLS,,,unobserved,,371725,
Solaster stimpsoni,"Verrill, 1880",striped sun star,confirmed,1969-02-21,Andy Lamb,PMLS,2013-07-23,Karolle Wall,observed,http://www.inaturalist.org/observations/4015173,208013,
Florometra serratissima,"A.H. Clark, 1907",feather star,confirmed,1960-06-21,Dan Quayle,RBCM,2015-05-16,Peter Luckham,observed,http://www.inaturalist.org/observations/2854130,195902,
Mesocentrotus franciscanus,"(A. Agassiz, 1863)",red sea urchin,confirmed,1969-02-21,Andy Lamb,PMLS,2013-07-23,Karolle Wall,observed,http://www.inaturalist.org/observations/4015169,992313,
Strongylocentrotus droebachiensis,"(O.F. Müller, 1776)",green sea urchin,confirmed,1986-04-08,BC Hydro - submerged cable,RBCM,2018-08-11,Samantha Fulgham,observed,https://www.inaturalist.org/observations/18992768,120070,
Strongylocentrotus pallidus,"(G.O. Sars, 1871)",white sea urchin,reported,1986-04-08,,RBCM,,,unobserved,,129221,
Strongylocentrotus purpuratus,"(Stimpson, 1857)",purple urchin,reported,1986-04-08,,RBCM,,,unobserved,,48035,
Dendraster excentricus,"(Eschscholtz, 1831)",eccentric sand dollar,confirmed,1964-12-07,,RBCM,2018-05-22,Karolle Wall,observed,https://www.inaturalist.org/observations/12744158,117696,
Leptosynapta transgressor,"Heding, 1928",subtidal burrowing sea cucumber,reported,2013-10-20,Andy Lamb,PMLS,,,unobserved,,873898,
Cucumaria miniata,"(Brandt, 1835)",red sea cucumber,confirmed,1969-02-21,Andy Lamb,PMLS,2013-08-07,Karolle Wall,observed,http://www.inaturalist.org/observations/3705818,117695,
Cucumaria pallida,"Kirkendale & Lambert, 1995",pale sea cucumber,reported,2006-06-23,Andy Lamb,PMLS,,,unobserved,,356416,
Cucumaria piperata,"(Stimpson, 1864)",salt & pepper sea cucumber,reported,1994-10-07,Andy Lamb,PMLS,,,unobserved,,424353,
Pentamera sp.,"Ayres, 1852",sea cucumber,reported,2006-06-30,Andy Lamb,PMLS,,,unobserved,,171674,
Psolidium bidiscum,"Lambert, 1996",pale creeping pedal sea cucumber,reported,1996-09-28,Charlie Gibbs,PMLS,,,unobserved,,873892,
Psolus chitonoides,"Clark, 1901",creeping pedal sea cucumber,reported,1973-09-20,Andy Lamb,PMLS,,,unobserved,,473064,
Psolus squamatus,"(O.F. Müller, 1776)",white creeping pedal sea cucumber,reported,2008-10-09,Andy Lamb,PMLS,,,unobserved,,293149,
Eupentacta quinquesemita,"(Selenka, 1867)",stiff-footed sea cucumber,confirmed,1986-04-08,,RBCM,2016-02-07,Peter Luckham,observed,http://www.inaturalist.org/observations/2763482,51695,
Apostichopus californicus,"(Stimpson, 1857)",giant sea cucumber,confirmed,1986-04-08,,RBCM,2015-05-16,Peter Luckham,observed,http://www.inaturalist.org/observations/2854136,202640,
Amphiodia periercta,"H.L. Clark, 1911",long-armed burrowing brittle star,reported,1975-06-17,Philip Lambert,RBCM,,,unobserved,,957349,
Ophiopholis kennerlyi,"Lyman, 1860",daisy brittle star,confirmed,1981-05-31,Andy Lamb,PMLS,2014-03-24,Karolle Wall,observed,http://www.inaturalist.org/observations/3705819,129228,
Gorgonocephalus eucnemis,"(Müller & Troschel, 1842)",basket star,reported,1971-08-21,Andy Lamb,PMLS,,,unobserved,,465153,
Ophiura luetkenii,"(Lyman, 1860)",gray brittle star,reported,1973-06-14,Philip Lambert,RBCM,,,unobserved,,255865,misspelled 'Ophiura lutkeni' in GBIF dataset
Ophiura sarsii,"Lütken, 1855",notched brittle star,reported,1993-05-09,Charlie Gibbs,PMLS,,,unobserved,,202051,
Balaenoptera acutorostrata,"Lacépède, 1804",northern minke whale,reported,2004-10-04,Amy Rowley,BCCSN,,,unobserved,,41550,
Balaenoptera physalus,"(Linnaeus, 1758)",fin whale,reported,2007-05-17,Amy Rowley,BCCSN,,,unobserved,,41562,
Megaptera novaeangliae,"(Borowski, 1781)",humpback whale,confirmed,2001-04-20,Amy Rowley,BCCSN,2017-06-06,Andrew Simon,observed,http://inaturalist.ca/observations/6532303,41566,
Lagenorhynchus obliquidens,"Gill, 1865",Pacific white-sided dolphin,reported,2002-08-15,Amy Rowley,BCCSN,,,unobserved,,41510,
Orcinus orca,"(Linnaeus, 1758)",orca,confirmed,2001-01-14,Amy Rowley,BCCSN,2011-06-26,Kris Krüg,observed,http://inaturalist.ca/observations/3291897,41521,
Eschrichtius robustus,"(Lilljeborg, 1861)",grey whale,reported,2001-04-15,Amy Rowley,BCCSN,,,unobserved,,41478,
Phocoena phocoena,"(Linnaeus, 1758)",harbour porpoise,confirmed,2001-12-15,Amy Rowley,BCCSN,2019-03-25,Karen Steve Smith,observed,https://www.inaturalist.org/observations/21616577,41440,
Phocoenoides dalli,"(True, 1885)",Dall’s porpoise,reported,2001-11-19,Amy Rowley,BCCSN,,,unobserved,,41446,
Lontra canadensis,"(Schreber, 1777)",North American river otter,confirmed,2011-05-14,Kent Brothers,VMS,2006-09-04,Shera Street,observed,http://www.inaturalist.org/observations/2635258,41777,
Neovison vison,"(Schreber, 1777)",American mink,confirmed,2011-05-14,Kent Brothers,VMS,2017-05-28,Ayla Malcolm,observed,https://www.inaturalist.org/observations/6485976,74758,
Eumetopias jubatus,"(Schreber, 1776)",Steller sea lion,confirmed,1985-12-07,Andy Lamb & Donna Gibbs,Ocean Wise,2016-12-22,Lauren Magner & Andrew Simon,observed,https://www.inaturalist.org/observations/4833811,41755,
Zalophus californianus,"(Lesson, 1828)",California sea lion,new 2016,,,,2016-05-27,Chessi Miltner,observed,http://www.inaturalist.org/observations/3598720,41740,
Phoca vitulina richardii,"Linnaeus, 1758",Pacific harbor seal,confirmed,1995-02-24,Andy Lamb & Donna Gibbs,Ocean Wise,2015-02-12,Lauren Magner & Andrew Simon,observed,http://www.inaturalist.org/observations/2565228,41708,
Panomya ampla,"Dall, 1898",ample roughmya,reported,1958-09-05,Ian McTaggart-Cowan,RBCM,,,unobserved,,865774,
Panopea generosa,"(Gould, 1850)",Pacific geoduck,confirmed,1994-10-23,Andy Lamb,PMLS,2019-05-04,Isabelle Côte,observed,https://www.inaturalist.org/observations/24792030,117618,
Solen sicarius,"Gould, 1850",sickle jackknife-clam,reported,2007-12-09,Andy Lamb,PMLS,,,unobserved,,54529,
Glycymeris septentrionalis,"(Middendorff, 1849)",western bittersweet,reported,1958-09-05,Ian McTaggart-Cowan,RBCM,,,unobserved,,479438,
Clinocardium ciliatum,"(Fabricius, 1780)",hairy cockle,reported,2008-10-10,Andy Lamb,PMLS,,,unobserved,,940646,
Clinocardium nuttallii,"(Conrad, 1837)",Nuttall's cockle,confirmed,1995-02-23,Charlie Gibbs,PMLS,2009-07-08,Shera Street,observed,http://www.inaturalist.org/observations/2635143,69925,
Keenaea centifilosa,"(Carpenter, 1864)",cockle,reported,1958-09-05,Ian McTaggart-Cowan,RBCM,,,unobserved,,962184,Reported as Nemocardium centifilosum (RBCM 979-00327)
Gari californica,"(Conrad, 1849)",California sunsetclam,reported,2005-12-10,Andy Lamb,PMLS,,,unobserved,,354323,
Nuttallia obscurata,"(Reeve, 1857)",purple mahogany clam,new 2016,,,,2016-08-21,Tyrel Froese,observed,http://www.inaturalist.org/observations/4005286,430211,
Semele rubropicta,"Dall, 1871",rose-painted clam,reported,1999-05-05,Andy Lamb,PMLS,,,unobserved,,371110,
Macoma brota,"Dall, 1916",heavy macoma,new 2016,,,,2016-08-17,Andrew Simon,observed,http://www.inaturalist.org/observations/3910109,504353,
Macoma calcarea,"(Gmelin, 1791)",chalky macoma,reported,1961-06-22,,RBCM,,,unobserved,,861604,
Macoma carlottensis,"Whiteaves, 1880",Charlotte macoma,reported,1961-06-22,,RBCM,,,unobserved,,957354,
Macoma nasuta,"(Conrad, 1857)",bent-nose macoma,confirmed,2009-11-14,Andy Lamb,PMLS,2016-08-21,Tyrel Froese,observed,http://www.inaturalist.org/observations/4005328,117612,
Kellia suborbicularis,"(Montagu, 1803)",suborbicular kellyclam,reported,2006-06-30,Andy Lamb,PMLS,,,unobserved,,253475,
Axinopsida serricata,"(Carpenter, 1864)",lenticular axinopsid,reported,1961-06-22,Ian McTaggart-Cowan,RBCM,,,unobserved,,977317,
Mya arenaria,"Linnaeus, 1758",soft-shelled clam,new 2016,,,,2016-08-17,Andrew Simon,observed,http://www.inaturalist.org/observations/3910084,81634,
Mya truncata,"Linnaeus, 1758",truncated softshell-clam,reported,2008-04-27,Andy Lamb,PMLS,,,unobserved,,447416,
Zirfaea pilsbryi,"Lowe, 1931",rough piddock,reported,2016-07-24,Andy Lamb,PMLS,,,unobserved,,117472,
Bankia setacea,"(Tryon, 1863)",feathery shipworm,reported,1999-10-02,Andy Lamb,PMLS,,,unobserved,,347368,
Modiolus modiolus,"(Linnaeus, 1758)",northern horsemussel,reported,2005-12-10,Andy Lamb,PMLS,,,unobserved,,123772,
Musculus discors,"(Linnaeus, 1767)",discord mussel,reported,1958-09-05,Ian McTaggart-Cowan,RBCM,,,unobserved,,482998,
Mytilus edulis complex,"Linnaeus, 1758",blue mussel,confirmed,1982-05-28,Philip Lambert,RBCM,2015-08-05,Andrew Simon,observed,https://www.inaturalist.org/observations/2599512,62807,
Musculus niger,"(J.E. Gray, 1824)",black mussel,reported,1958-09-05,Ian McTaggart-Cowan,RBCM,,,unobserved,,483000,
Pododesmus macrochisma,"(Deshayes, 1839)",green false-jingle,confirmed,1986-04-08,,RBCM,2016-04-06,Karolle Wall,observed,http://www.inaturalist.org/observations/4052032,68652,
Chlamys hastata,"(G.B. Sowerby II, 1842)",spiny pink scallop,confirmed,1962-01-01,Dan Quayle,RBCM,2013-10-13,Peter Luckham,observed,http://www.inaturalist.org/observations/2976031,180013,
Chlamys rubida,"(Hinds, 1845)",smooth pink scallop,reported,1961-05-13,Dan Quayle,RBCM,,,unobserved,,84496,
Crassadoma gigantea,"(J.E. Gray, 1825)",giant rock scallop,confirmed,1969-02-21,Andy Lamb,PMLS,2015-05-16,Karolle Wall,observed,http://www.inaturalist.org/observations/2854818,54526,
Patinopecten caurinus,"(Gould, 1850)",giant Pacific sea scallop,reported,1961-06-22,Ian McTaggart-Cowan,RBCM,,,unobserved,,203116,
Tresus capax,"(Gould, 1850)",fat gaper,confirmed,1993-05-09,Charlie Gibbs,PMLS,2016-02-07,Peter Luckham,observed,https://www.inaturalist.org/observations/2763417,126927,
Tresus nuttallii,"(Conrad, 1837)",Pacific gaper,confirmed,1958-09-05,Ian McTaggart-Cowan,RBCM,2019-05-04,Emily Adamczyk,observed,https://www.inaturalist.org/observations/24698187,117611,
Zemysina impolita,"(S.S. Berry, 1953)",rough diplodon,reported,1958-09-05,Ian McTaggart-Cowan,RBCM,,,unobserved,,1118984,
Humilaria kennerleyi,"(Reeve, 1863)",Kennerley's venus,reported,1958-09-05,Ian McTaggart-Cowan,RBCM,,,unobserved,,873901,
Leukoma staminea,"(Conrad, 1837)",Pacific littleneck clam,confirmed,2007-10-14,Andy Lamb,PMLS,2016-09-01,Andrew Simon,observed,http://www.inaturalist.org/observations/4017301,333608,
Ruditapes philippinarum,"(Adams & Reeve, 1850)",Japanese littleneck,new 2016,,,,2016-08-21,Tyrel Froese,observed,http://www.inaturalist.org/observations/4004964,343269,
Saxidomus gigantea,"(Deshayes, 1839)",Washington butter clam,confirmed,2006-06-23,Andy Lamb,PMLS,2016-08-17,Andrew Simon,observed,http://www.inaturalist.org/observations/3910100,130233,
Compsomyax subdiaphana,"(Carpenter, 1864)",milky venus,reported,1961-06-22,,RBCM,,,unobserved,,957357,
Entodesma navicula,"(Adams & Reeve, 1850)",rock entodesma,reported,1969-02-22,Andy Lamb,PMLS,,,unobserved,,339164,
Lyonsia bracteata,"(Gould, 1850)",scaly lyonsia,reported,1961-06-22,Ian McTaggart-Cowan,RBCM,,,unobserved,,1118981,
Mytilimeria nuttalli,"Conrad, 1837",bladderclam,reported,1985-07-29,Andy Lamb,PMLS,,,unobserved,,873896,
Pandora filosa,"(Carpenter, 1864)",threaded pandora,reported,1961-06-22,Ian McTaggart-Cowan,RBCM,,,unobserved,,906400,
Pandora wardiana,"A. Adams, 1860",giant pandora,reported,1961-06-22,Ian McTaggart-Cowan,RBCM,,,unobserved,,906421,
Thracia trapezoides,"Conrad, 1849",trapezoid thracia,reported,1961-06-22,Ian McTaggart-Cowan,RBCM,,,unobserved,,957343,
Nuculana leonina,"(Dall, 1896)",nuculanid clam,reported,1961-06-22,Ian McTaggart-Cowan,RBCM,,,unobserved,,957348,
Megayoldia thraciaeformis,"(Storer, 1838)",broad yoldia,reported,1942-06-01,Dan Quayle,RBCM,,,unobserved,,957355,
Yoldia aeolica,"Dall, 1897",yoldia clam,reported,1917-06-29,,RBCM,,,unobserved,,957342,
Yoldia hyperborea,"(Gould, 1841)",yoldia clam,reported,1961-06-22,Ian McTaggart-Cowan,RBCM,,,unobserved,,996928,
Yoldia amygdalea,"(Valenciennes, 1846)",yoldia clam,reported,1962-09-14,John Fleury,RBCM,,,unobserved,,957338,
Ennucula tenuis,"(Montagu, 1808)",smooth nutclam,reported,1961-06-22,Ian McTaggart-Cowan,RBCM,,,unobserved,,202045,
Acila castrensis,"(Hinds, 1843)",nutclam or nutshell,reported,1961-05-13,Dan B. Quayle,RBCM,,,unobserved,,339158,
Magallana gigas,"(Thunberg, 1793)",Pacific oyster,new 2016,,,,2016-08-17,Andrew Simon,observed,http://www.inaturalist.org/observations/3910078,605992,
Enteroctopus dofleini,"(Wülker, 1910)",giant pacific octopus,confirmed,1993-05-09,Charlie Gibbs,PMLS,2007-10-23,Jackson Chu,observed,https://www.inaturalist.org/observations/8459014,48863,
Octopus rubescens,"Berry, 1953",Pacific red octopus,reported,1995-02-25,Charlie Gibbs,PMLS,,,unobserved,,47455,
Berryteuthis magister,"(Berry, 1913)",schoolmaster armhook squid,reported,1956-01-29,W. Barraclough,RBCM,,,unobserved,,432390,
Rossia pacifica,"Berry, 1911",stubby squid,reported,1994-02-27,Charlie Gibbs,PMLS,,,unobserved,,151358,
Doryteuthis opalescens,"(Berry, 1911)",California market squid,new 2015,,,,2015-08-06,Chessi Miltner,observed,http://www.inaturalist.org/observations/3598640,153981,
Crepidula cf nummaria,"Gould, 1846",northern white slippersnail,reported,1994-09-10,Andy Lamb,PMLS,,,unobserved,,117325,
Crepidula norrisiarum,"G.B. Sowerby I, 1825",hooked slippersnail,reported,1995-02-26,Charlie Gibbs,PMLS,,,unobserved,,485954,
Trichotropis cancellata,"Hinds, 1843",checkered hairysnail,reported,1985-08-02,Andy Lamb,PMLS,,,unobserved,,447177,
Melanella micans,"(Carpenter, 1865)",shining balcis,reported,1961-06-22,Ian McTaggart-Cowan,RBCM,,,unobserved,,733259,
Lacuna variegata,"Carpenter, 1864",variable lacuna,reported,2009-02-08,Andy Lamb,PMLS,,,unobserved,,339150,
Littorina scutulata,"Gould, 1849",checkered periwinkle,new 2016,,,,2016-08-26,Lauren Magner,observed,http://www.inaturalist.org/observations/3971332,69995,
Littorina sitkana,"Philippi, 1846",Sitka periwinkle,new 2017,,,,2017-02-23,Kathleen Buckley,observed,https://www.inaturalist.org/observations/5185500,129298,
Cryptonatica aleutica,"(Dall, 1919)",Aleutian moonsnail,reported,2009-01-30,Andy Lamb,PMLS,,,unobserved,,507519,
Euspira pallida,"(Broderip & G.B. Sowerby I, 1829)",pale northern moonsnail,reported,1961-06-22,Ian McTaggart-Cowan,RBCM,,,unobserved,,873876,
Neverita lewisii,"(Gould, 1847)",Lewis' moon snail,confirmed,1961-06-23,,RBCM,2016-02-07,Peter Luckham,observed,http://www.inaturalist.org/observations/2763410,447427,
Fusitriton oregonensis,"(Redfield, 1848)",Oregon triton,reported,1973-09-20,Andy Lamb & Donna Gibbs,PMLS,,,unobserved,,448389,
Marsenina rhombica,"(Dall, 1871)",marbled lamellarid,reported,2016-02-07,Andy Lamb,PMLS,,,unobserved,,337741,
Marsenina stearnsii,"(Dall, 1871)",stearn's ear shell,new 2016,,,,2016-04-07,Karolle Wall,observed,http://www.inaturalist.org/observations/2908642,53555,
Velutina plicatilis,"(O.F. Müller, 1776)",oblique lamellaria,reported,1961-06-22,Ian McTaggart-Cowan,RBCM,,,unobserved,,482348,
Velutina velutina,"(O.F. Müller, 1776)",spiral velvet snail,reported,2008-03-07,Andy Lamb,PMLS,,,unobserved,,482347,
Vermetus compactus,"Daudin, 1800",northern compact wormsnail,reported,1985-12-07,Andy Lamb,PMLS,,,unobserved,,873857,
Ophiodermella fancherae,"(Dall, 1903)",sea snail,reported,1961-06-22,Ian McTaggart-Cowan,RBCM,,,unobserved,,957347,
Lirabuccinum dirum,"(Reeve, 1846)",dire whelk,confirmed,1985-12-07,Andy Lamb,PMLS,2019-05-05,Kiara Ganon,observed,https://www.inaturalist.org/observations/24725394,117642,
Alia carinata,"(Hinds, 1844)",carinate dovesnail,new 2017,,,,2017-05-26,Karolle Wall,observed,https://www.inaturalist.org/observations/7674348,129933,reported as Mitrella carinata
Amphissa columbiana,"Dall, 1916",wrinkled amphissa,reported,1981-05-31,Andy Lamb,RBCM,,,unobserved,,117643,
Amphissa versicolor,"Dall, 1871",variegated amphissa,reported,2008-11-12,Andy Lamb,PMLS,,,unobserved,,129932,
Mitrella gausapata,"(Gould, 1850)",sea snail,reported,1961-06-22,Ian McTaggart-Cowan,RBCM,,,unobserved,,339169,
Ceratostoma foliatum,"(Gmelin, 1791)",leafy hornmouth,confirmed,1986-04-08,,RBCM,2013-10-13,Peter Luckham,observed,http://www.inaturalist.org/observations/2976124,116687,
Nucella canaliculata,"(Duclos, 1832)",channelled dogwinkle,reported,1994-10-23,Andy Lamb,PMLS,,,unobserved,,69998,
Nucella lamellosa,"(Gmelin, 1791)",wrinkled dogwinkle,confirmed,1961-06-22,Ian McTaggart-Cowan,RBCM,2015-04-04,Andrew Simon,observed,http://www.inaturalist.org/observations/2567596,117641,
Nucella ostrina,"(Gould, 1852)",northern striped dogwinkle,confirmed,2008-02-17,Andy Lamb,PMLS,2019-04-29,Andrew Simon,observed,https://www.inaturalist.org/observations/24768141,122704,
Paciocinebrina interfossa,"(Carpenter, 1864)",sculptured rocksnail,reported,2009-10-10,Andy Lamb,PMLS,,,unobserved,,910801,
Paciocinebrina lurida,"(Middendorff, 1848)",lurid rocksnail,reported,1994-09-10,Andy Lamb,PMLS,,,unobserved,,910800,
Scabrotrophon maltzani,"(Kobelt, 1878)",sandpaper trophon,reported,1985-12-07,Andy Lamb,PMLS,,,unobserved,,500269,
Trophonopsis orpheus,"(Gould, 1849)",orpheus trophon,reported,1961-06-22,Ian McTaggart-Cowan,RBCM,,,unobserved,,506559,
Nassarius mendicus,"(Gould, 1850)",western lean nassa,reported,2018-06-19,Andy Lamb,PMLS,,,unobserved,,129938,
Neostylidium eschrichtii,"(Middendorff, 1849)",threaded bittium,new 2015,,,,2015-08-28,Lauren Magner & Andrew Simon,observed,http://www.inaturalist.org/observations/3735167,448152,
Batillaria attramentaria,"(G.B. Sowerby II, 1855)",Japanese false cerith,new 2019,,,,2019-05-05,John Reynolds,observed,https://www.inaturalist.org/observations/25655199,68783,
Epitonium indianorum,"(Carpenter, 1865)",money wentletrap,reported,2008-07-19,Andy Lamb,PMLS,,,unobserved,,129921,
Phyllaplysia taylori,"Dall, 1900",zebra leafslug,confirmed,1985-12-07,Andy Lamb,PMLS,2015-05-21,Karolle Wall,observed,http://www.inaturalist.org/observations/3707805,49864,
Acteocina culcitella,"(Gould, 1853)",pillow barrel-bubble,reported,1961-06-22,Ian McTaggart-Cowan,RBCM,,,unobserved,,49788,
Aglaja ocelligera,"(Bergh, 1894)",spotted aglaja,confirmed,1996-05-29,Charlie Gibbs,PMLS,2015-05-20,Karolle Wall,observed,https://www.inaturalist.org/observations/32171691,49842,
Melanochlamys diomedea,"(Bergh, 1894)",Diomedes aglajid,reported,1975-06-17,Philip Lambert,RBCM,2018-05-29,Karolle Wall,unobserved,https://www.inaturalist.org/observations/12938503,345334,Reported as (syn) Aglaja diomedea
Cylichna attonsa,"Carpenter, 1865",deep trouble chalice-bubble,confirmed,1961-06-22,Ian McTaggart-Cowan,RBCM,,,unobserved,,49792,
Gastropteron pacificum,"Bergh, 1894",winged sea slug,reported,1994-02-27,Charlie Gibbs,PMLS,,,unobserved,,49839,
Haminoea vesicula,"(Gould, 1855)",white bubble shell,confirmed,2018-06-24,Karin Fletcher,PMLS,2018-05-30,Karolle Wall,observed,https://www.inaturalist.org/observations/12970636,49812,
Myosotella myosotis,"(Draparnaud, 1801)",mouse-eared snail,new 2016,,,,2016-09-01,Andrew Simon,observed,http://www.inaturalist.org/observations/4017005,225386,
Aegires albopunctatus,"MacFarland, 1905",salt-and-pepper nudibranch,reported,1996-05-29,Charlie Gibbs,PMLS,2018-06-18,Karin Fletcher,unobserved,https://www.inaturalist.org/observations/68752645,48981,
Aeolidia loui,"Kienberger, Carmona, Pola, Padula, Gosliner & Cervera, 2016",shag-rug nudibranch,new 2016,,,,2016-04-01,Karolle Wall,observed,https://www.inaturalist.org/observations/14385958,498117,
Aeolidia papillosa,"(Linnaeus, 1761)",papillate sea slug,confirmed,1969-02-22,Andy Lamb,PMLS,2016-02-07,Peter Luckham,observed,http://www.inaturalist.org/observations/2763439,498116,
Apata pricei,"(MacFarland, 1966)",Price's aeolid,reported,2013-05-17,Andy Lamb,PMLS,2014-04-09,Karin Fletcher,unobserved,https://www.inaturalist.org/observations/68793493,631469,reported as Flabellina pricei
Armina californica,"(J.G. Cooper, 1863)",striped nudibranch,confirmed,1975-06-17,Philip Lambert,RBCM,2013-10-13,Peter Luckham,observed,http://www.inaturalist.org/observations/2975918,47499,
Aldisa albomarginata,"Millen in Millen & Gosliner, 1985",white-rimmed nudibranch,reported,2009-03-19,Andy Lamb,PMLS,,,unobserved,,50094,
Aldisa cooperi,"Robilliard & Baba, 1972",Cooper's dorid,reported,1981-05-31,Andy Lamb,PMLS,2014-04-09,Karin Fletcher,unobserved,https://www.inaturalist.org/observations/68793262,50097,
Aldisa sanguinea,"(J.G. Cooper, 1863)",blood-spot dorid,confirmed,2013-10-10,Andy Lamb,PMLS,2017-06-25,Karolle Wall,observed,https://www.inaturalist.org/observations/31366877,50098,
Aldisa tara,"Millen in Millen & Gosliner, 1985",Tara's dorid,reported,2018-06-19,Andy Lamb,PMLS,2009-11-14,Karin Fletcher,unobserved,https://www.inaturalist.org/observations/68751128,50100,
Cadlina klasmalmbergi,"Korshunova, Fletcher, Picton, Lundin, Kashio, N. Sanamyan, K. Sanamyan, Padula, Schrödl & Martynov, 2020",Klas' yellow-rimmed nudibranch,new 2013,,,,2013-10-13,Peter Luckham,observed,https://www.inaturalist.org/observations/2976072,1118728,
Cadlina luteomarginata,"MacFarland, 1966",yellow-rimmed nudibranch,confirmed,1985-07-29,Andy Lamb,PMLS,2013-10-13,Peter Luckham,observed,https://inaturalist.ca/observations/2976038,50146,
Cadlina modesta,"MacFarland, 1966",modest cadlina,reported,2006-06-23,Andy Lamb,PMLS,2014-04-08,Karin Fletcher,unobserved,https://www.inaturalist.org/observations/68751936,47400,
Diaphorodoris lirulatocauda,"Millen, 1985",porcupine dorid,confirmed,2008-05-30,Andy Lamb,PMLS,2016-05-15,Karolle Wall,observed,http://www.inaturalist.org/observations/3707594,48630,
Coryphella verrucosa,"(M. Sars, 1829)",red-gilled nudibranch,confirmed,1994-09-10,Andy Lamb,PMLS,2015-07-30,Karolle Wall,observed,http://www.inaturalist.org/observations/3705778,633193,
Himatina trophina,"(Bergh, 1890)",red flabellina,confirmed,1985-08-02,Andy Lamb,PMLS,2009-06-21,Karolle Wall,observed,https://www.inaturalist.org/observations/31489537,633561,Reported as Flabellina trophina; the photograph posted on iNaturalist does not appear to be what is now called Himatina trophina (kf)
Orienthella trilineata,"(O'Donoghue, 1921)",three-lined nudibranch,confirmed,1985-08-02,Andy Lamb,PMLS,2019-05-05,Emily Adamczyk,observed,https://www.inaturalist.org/observations/24750315,764704,Reported as Flabellina trilineata
Cumanotus fernaldi,"T.E. Thompson & G.H. Brown, 1984",Fernald's aeolid,reported,1975-06-17,Philip Lambert,RBCM,,,unobserved,,50462,
Dendronotus albopunctatus,"Robilliard, 1972",white-spotted dendronotid,new 2015,,,,2015-04-22,Karolle Wall,observed,http://www.inaturalist.org/observations/3705779,50328,
Dendronotus albus,"MacFarland, 1966",white dendronotid,reported,1969-02-22,Andy Lamb,PMLS,2014-11-14,Karin Fletcher,unobserved,https://www.inaturalist.org/observations/68751256,47773,
Dendronotus iris,"J.G. Cooper, 1863",giant nudibranch,confirmed,1969-02-21,Andy Lamb,PMLS,2011-09-12,Karolle Wall,observed,http://www.inaturalist.org/observations/3706371,47706,
Dendronotus rufus,"O'Donoghue, 1921",red dendronotid,confirmed,1985-12-07,Andy Lamb,PMLS,2011-10-07,Karolle Wall,observed,http://www.inaturalist.org/observations/3705777,50393,
Dendronotus venustus,"MacFarland, 1966",branched dendronotus,new 2016,,,,2016-05-24,Karolle Wall,observed,http://www.inaturalist.org/observations/3705618,129995,
Dirona albolineata,"MacFarland in Cockerell & Elliot, 1905",frosted nudibranch,confirmed,1969-02-21,Andy Lamb,PMLS,2013-10-13,Peter Luckham,observed,http://www.inaturalist.org/observations/2976490,47477,
Dirona pellucida,"Volodchenko, 1941",golden dirona,confirmed,1973-09-21,Andy Lamb,PMLS,2015-05-16,Peter Luckham,observed,http://www.inaturalist.org/observations/2854943,50447,
Diaulula lentiginosa,"(Millen, 1982)",freckled pale sea lemon,confirmed,2006-03-05,Andy Lamb,PMLS,2009-10-03,Jackson Chu,observed,https://www.inaturalist.org/observations/8624729,513834,
Diaulula odonoghuei,"(Steinberg, 1963)",spotted leopard dorid,confirmed,1969-02-22,Andy Lamb,PMLS,2016-05-10,Karolle Wall,observed,http://www.inaturalist.org/observations/3705619,508237,
Geitodoris heathi,"(MacFarland, 1905)",Heath's dorid,reported,1981-05-31,Andy Lamb,PMLS,2014-04-08,Karin Fletcher,unobserved,https://www.inaturalist.org/observations/68751952,47505,
Peltodoris nobilis,"(MacFarland, 1905)",noble sea lemon,confirmed,1968-08-02,Andy Lamb,PMLS,2015-01-01,Peter Luckham,observed,http://www.inaturalist.org/observations/2797318,48450,
Rostanga pulchra,"MacFarland, 1905",red sponge nudibranch,reported,1985-12-07,Andy Lamb,PMLS,2014-04-08,Karin Fletcher,unobserved,https://www.inaturalist.org/observations/68751957,47473,
Doris montereyensis,"J.G. Cooper, 1863",Monterey sea lemon,confirmed,1968-08-02,Andy Lamb,PMLS,2015-01-01,Peter Luckham,observed,http://www.inaturalist.org/observations/2797286,47469,
Doris odhneri,"(MacFarland, 1966)",white nudibranch,confirmed,1973-09-20,Andy Lamb,PMLS,2015-05-19,Karolle Wall,observed,http://www.inaturalist.org/observations/3707781,124210,
Eubranchus rupium,"(Møller, 1842)",olive aeolid,reported,2012-10-06,Andy Lamb,PMLS,,,unobserved,,533047,
Eubranchus rustyus,"(Er. Marcus, 1961)",homely aeolid,new 2019,,,,2019-05-04,Chessi Miltner,observed,https://www.inaturalist.org/observations/30009627,50471,
Eubranchus sanjuanensis,"Roller, 1972",San Juan aeolid,new 2019,,,,2019-05-04,Larry Taylor,observed,https://www.inaturalist.org/observations/30012097,544965,
Antiopella fusca,"(O'Donoghue, 1924)",white-and-orange-tipped nudibranch,confirmed,1985-12-07,Andy Lamb,PMLS,2015-06-18,Karolle Wall,observed,http://www.inaturalist.org/observations/3705624,886884,reported as Janolus fuscus
Hermissenda crassicornis,"(Eschscholtz, 1831)",opalescent nudibranch,confirmed,1969-02-21,Andy Lamb,PMLS,2009-07-24,Tyson Ehlers,observed,https://www.inaturalist.org/observations/8849417,495552,
Acanthodoris atrogriseata,"O'Donoghue, 1927",gray pilose dorid,reported,2008-06-15,Andy Lamb,PMLS,,,unobserved,,1080211,"Reported as Acanthodoris pilosa (Abildgaard in Müller, 1789)"
Acanthodoris hudsoni,"MacFarland, 1905",Hudson's dorid,confirmed,1994-10-23,Andy Lamb,PMLS,2015-05-16,Peter Luckham,observed,http://www.inaturalist.org/observations/2854926,48447,
Acanthodoris nanaimoensis,"O'Donoghue, 1921",Nanaimo nudibranch,confirmed,1994-10-07,Andy Lamb,PMLS,2013-10-13,Peter Luckham,observed,http://www.inaturalist.org/observations/2976276,47476,
Knoutsodonta jannae,"(Millen, 1987)",Janna's adalaria,reported,2018-06-19,Andy Lamb,PMLS,2009-11-15,Karin Fletcher,unobserved,https://www.inaturalist.org/observations/68751512,508447,
Onchidoris bilamellata,"(Linnaeus, 1767)",barnacle-eating nudibranch,confirmed,2006-06-23,Andy Lamb,PMLS,2016-07-18,Karolle Wall,observed,http://www.inaturalist.org/observations/4052743,47480,
Ziminella japonica,"(Volodchenko, 1941)",pearly nudibranch,reported,2009-02-08,Andy Lamb,PMLS,,,unobserved,,877359,"Reported as Flabellina japonica (Volodchenko, 1941)"
Limacia cockerelli,"(MacFarland, 1905)",Cockerell's nudibranch,reported,1985-12-07,Andy Lamb,PMLS,,,unobserved,,538830,
Palio zosterae,"(O'Donoghue, 1924)",eelgrass sea slug,new 2010,,,,2010-05-10,Karolle Wall,observed,http://www.inaturalist.org/observations/3707748,501581,
Triopha modesta,"Bergh, 1880",modest clown nudibranch,confirmed,1985-08-02,Andy Lamb,PMLS,2015-05-16,Peter Luckham,observed,http://www.inaturalist.org/observations/2854824,1133369,
Melibe leonina,"(Gould, 1852)",hooded nudibranch,confirmed,1994-10-07,Andy Lamb,PMLS,2006-10-06,jroderick,observed,https://inaturalist.ca/observations/19274280,48455,
Zelentia nepunicea,"Korshunova, Fletcher, Lundin, Picton & Martynov, 2018",pimpled aeolid,reported,1982-05-21,Sandra Millen-Crane,RBCM,2014-04-08,Karin Fletcher,unobserved,https://www.inaturalist.org/observations/68751823,1128352,
Tochuina gigantea,"(Bergh, 1904)",orange-peel nudibranch,confirmed,1973-09-20,Andy Lamb,PMLS,2009-10-03,Jackson Chu,observed,https://inaturalist.ca/observations/59920054,873733,
Tritonia exsulans,"Bergh, 1894",pink tritonia,confirmed,2006-12-02,Charlie Gibbs,PMLS,2013-10-13,Peter Luckham,observed,https://inaturalist.ca/observations/2975951,,
Tritonia festiva,"(Stearns, 1873)",diamondback tritonia,confirmed,1985-12-07,Andy Lamb,PMLS,2013-10-13,Peter Luckham,observed,http://www.inaturalist.org/observations/2976292,48827,
Berthella chacei,"(J.Q. Burch, 1944)",white berthella,confirmed,2005-12-10,Andy Lamb,PMLS,2015-04-20,Karolle Wall,observed,https://www.inaturalist.org/observations/3706277,1081461,
Clione limacina,"(Phipps, 1774)",common clione,new 2020,,,,2020-01-05,Lillian Rose Crossman,observed,https://www.inaturalist.org/observations/37294883,55297,
Limacina helicina,"(Phipps, 1774)",helicid pteropod,reported,2009-04-04,Andy Lamb,PMLS,,,unobserved,,345356,
Rictaxis punctocaelatus,"(Carpenter, 1864)",bubble snail,reported,1961-06-22,Ian McTaggart-Cowan,RBCM,,,unobserved,,49779,
Odostomia sp.,"J. Fleming, 1813",sea snail,reported,1961-06-22,Ian McTaggart-Cowan,RBCM,,,unobserved,,129939,
Turbonilla sp.,"Risso, 1826",sea snail,reported,1961-06-22,Ian McTaggart-Cowan,RBCM,,,unobserved,,84989,
Acmaea mitra,"Rathke, 1833",whitecap limpet,reported,1981-05-31,Andy Lamb,PMLS,,,unobserved,,47676,
Cryptobranchia concentrica,"(Middendorff, 1851)",ringed blind limpet,reported,2007-10-14,Andy Lamb,PMLS,,,unobserved,,541593,
Lottia digitalis,"(Rathke, 1833)",fingered limpet,new 2016,,,,2016-09-01,Andrew Simon,observed,http://www.inaturalist.org/observations/4017022,64287,
Lottia pelta,"(Rathke, 1833)",shield limpet,new 2017,,,,2017-04-10,Andrew Simon,observed,https://www.inaturalist.org/observations/5646967,63243,
Lottia persona,"(Rathke, 1833)",mask limpet,new 2014,,,,2014-06-24,Michael Butler,observed,https://www.inaturalist.org/observations/38778846,339143,
Lottia scutum,"(Rathke, 1833)",plate limpet,confirmed,2006-06-30,Andy Lamb,PMLS,2016-08-21,Tyrel Froese,observed,http://www.inaturalist.org/observations/4004998,129962,
Diodora aspera,"(Rathke, 1833)",rough keyhole limpet,confirmed,1969-02-21,Andy Lamb,PMLS,2019-05-04,Norah Brown,observed,https://www.inaturalist.org/observations/24519360,64148,
Puncturella cucullata,"(Gould, 1846)",hooded puncturella,reported,1986-09-30,,RBCM,,,unobserved,,904312,
Haliotis kamtschatkana,"Jonas, 1845",northern abalone,reported,1981-05-31,Andy Lamb,PMLS,,,unobserved,,56654,
Calliostoma annulatum,"(Lightfoot, 1786)",purple-ringed topsnail,reported,1986-09-30,,RBCM,,,unobserved,,121181,
Calliostoma ligatum,"(Gould, 1849)",blue topsnail,confirmed,1986-04-08,,RBCM,2016-02-07,Peter Luckham,observed,http://www.inaturalist.org/observations/2763492,129920,
Margarites pupillus,"(Gould, 1849)",puppet margarite,confirmed,2009-02-08,Andy Lamb,PMLS,2017-05-14,Scott Gilmore,observed,https://www.inaturalist.org/observations/6223678,129922,
Tegula funebralis,"(A. Adams, 1855)",black tegula,new 2019,,,,2019-05-19,John Reynolds,observed,https://inaturalist.ca/observations/25595362,460365,
Cryptochiton stelleri,"(Middendorff, 1847)",giant Pacific chiton,confirmed,1973-09-20,Andy Lamb,PMLS,2016-04-24,Chessi Miltner,observed,http://www.inaturalist.org/observations/3684476,49053,
Lepidozona interstincta,"(Gould, 1852)",smooth lepidozona,reported,1986-09-30,,RBCM,,,unobserved,,131231,
Lepidozona mertensii,"(Middendorff, 1847)",Merten's chiton,reported,1995-01-17,Robert Forsyth & Tammy Forsyth,RBCM,,,unobserved,,117621,
Lepidozona trifida,"(Carpenter, 1864)",three-rib chiton,reported,1999-07-31,Charlie Gibbs,PMLS,,,unobserved,,500743,
Cyanoplax dentiens,"(Gould, 1846)",Gould’s baby chiton,new 2017,,,,2017-05-14,Scott Gilmore,observed,https://www.inaturalist.org/observations/6223676,71241,
Lepidochitona sp.,"Gray, 1821",chiton,reported,1893-06-01,Charles Newcombe,RBCM,,,unobserved,,130883,
Katharina tunicata,"(Wood, 1815)",black leather chiton,confirmed,1993-08-16,Andy Lamb,PMLS,2019-04-29,Andrew Simon,observed,https://www.inaturalist.org/observations/24824671,47632,
Mopalia hindsii,"(Reeve, 1847)",Hind's mopalia,confirmed,1999-07-31,Charlie Gibbs,PMLS,2019-07-01,sarahs77,observed,https://www.inaturalist.org/observations/28011505,51725,
Mopalia kennerleyi,"Carpenter, 1864",northern hairy chiton,reported,1999-07-31,Charlie Gibbs,PMLS,,,unobserved,,360858,
Mopalia lignosa,"(Gould, 1846)",woody chiton,confirmed,1986-09-30,,RBCM,2018-08-10,Karolle Wall,observed,https://www.inaturalist.org/observations/15726095,51724,
Mopalia muscosa,"(Gould, 1846)",mossy chiton,confirmed,2008-10-10,Andy Lamb,PMLS,2017-05-26,Kris Krüg,observed,http://inaturalist.ca/observations/6371640,117633,
Mopalia phorminx,"Berry, 1919",feathery mopalia,reported,2019-03-17,Andy Lamb,PMLS,,,unobserved,,977159,
Mopalia sinuata,"Carpenter, 1864",dwarf hairy mopalia,reported,2019-03-17,Andy Lamb,PMLS,,,unobserved,,429863,
Mopalia spectabilis,"I.M. Cowan & G.M. Cowan, 1977",red-flecked mopalia,confirmed,1999-05-04,Andy Lamb,PMLS,2016-05-25,Karolle Wall,observed,https://www.inaturalist.org/observations/4052033,364026,
Mopalia swanii,"Carpenter, 1864",Swan's mopalia,reported,1986-09-30,,RBCM,,,unobserved,,339904,
Mopalia vespertina,"(Gould, 1852)",smooth mopalia,confirmed,1973-04-20,Ian Mc Taggart-Cowan,RBCM,2017-05-26,Kris Krüg,observed,http://inaturalist.ca/observations/6390299,364027,
Placiphorella rufa,"Berry, 1917",red veiled-chiton,reported,2006-11-18,Andy Lamb,PMLS,,,unobserved,,547332,
Placiphorella velata,"(M.S. Carpenter, Dall, 1879)",veiled-chiton,reported,2011-11-18,Andy Lamb,PMLS,,,unobserved,,55354,
Tonicella cf undocaerulea,"Sirenko, 1973",blue lined chiton,new 2015,,,,2015-09-25,Karolle Wall,observed,http://www.inaturalist.org/observations/4031847,194021,
Tonicella insignis,"(Reeve, 1847)",white-line chiton,reported,1973-06-14,Philip Lambert,RBCM,,,unobserved,,498132,
Tonicella lineata,"(Wood, 1815)",lined chiton,confirmed,1995-01-17,Robert Forsyth & Tammy Forsyth,RBCM,2016-06-06,Chessi Miltner,observed,http://www.inaturalist.org/observations/3598644,47425,
Rhabdus rectius,"(Carpenter, 1864)",straight tuskshell,reported,1961-06-22,Ian McTaggart-Cowan,RBCM,,,unobserved,,957345,
Gadila aberrans,"(Whiteaves, 1887)",aberrant toothshell,reported,1961-06-22,Ian McTaggart-Cowan,RBCM,,,unobserved,,509660,
Clathrina sp.,"Gray, 1867",lattice-skin sponge,reported,2017-06-30,Andy Lamb & Donna Gibbs,PMLS,,,unobserved,,122021,
Leucilla nuttingi,"(Urban, 1902)",stalked vase sponge,confirmed,1985-07-29,Andy Lamb & Donna Gibbs,PMLS,2013-10-13,Peter Luckham,observed,http://www.inaturalist.org/observations/2975914,117713,
Leucandra heathi,"Urban, 1906",bristly vase sponge,reported,1971-08-21,Andy Lamb & Donna Gibbs,PMLS,,,unobserved,,345357,
Leucosolenia eleanor,"Urban, 1906",spaghetti sponge,reported,2006-06-23,Andy Lamb & Donna Gibbs,PMLS,,,unobserved,,424817,
Leucosolenia nautilia,"Laubenfels, 1930",lacy ball sponge,reported,1994-09-10,Andy Lamb & Donna Gibbs,PMLS,,,unobserved,,347319,
Sycon sp.,"Risso, 1827",tiny vase sponge,reported,1994-10-07,Andy Lamb & Donna Gibbs,PMLS,,,unobserved,,347738,
Cliona californiana,"Laubenfels, 1932",yellow boring sponge,reported,1973-09-20,Andy Lamb & Donna Gibbs,PMLS,,,unobserved,,424811,
Aplysilla polyraphis,"Laubenfels, 1930",slippery purple sponge,reported,2008-11-12,Andy Lamb & Donna Gibbs,PMLS,,,unobserved,,216652,
Aplysilla sp.nov.,"Schulze, 1878",slippery rose sponge,reported,1985-12-07,Andy Lamb & Donna Gibbs,PMLS,,,unobserved,,63646,sp. nov.
Desmacella austini,"Lehnert, Conway, Barrie & Krautter, 2005",thin encrusting Desmacella,new 2007,,,,2007-10-23,Jackson Chu,observed,https://inaturalist.ca/observations/59908535,459736,
Pleraplysilla sp.nov.,"Topsent, 1905",slippery white sponge,reported,2006-09-29,Andy Lamb & Donna Gibbs,PMLS,,,unobserved,,623055,sp. nov.
Polymastia pachymastia,"Laubenfels, 1932",aggregated nipple sponge,confirmed,1994-10-07,Andy Lamb & Donna Gibbs,PMLS,2016-02-07,Peter Luckham,observed,http://www.inaturalist.org/observations/2763468,117717,
Adocia sp.,"Gray, 1867",pale orange carpet sponge,reported,1994-09-10,Andy Lamb & Donna Gibbs,PMLS,,,unobserved,,464717,
Haliclona (Haliclona) sp.nov.,"Grant, 1836",gnarled finger sponge,reported,2006-11-11,Andy Lamb & Donna Gibbs,PMLS,,,unobserved,,129864,sp. nov.
Pachychalina sp.,"Schmidt, 1868",thick-strap sponges,reported,1985-08-02,Andy Lamb,PMLS,,,unobserved,,873877,
Xestospongia hispida,"(Ridley & Dendy, 1886)",hard gnarled clump sponge,reported,2005-12-10,Andy Lamb & Donna Gibbs,PMLS,,,unobserved,,873856,
Acarnus erithacus,"Laubenfels, 1927",thick encrusting scarlet sponge,reported,2008-08-29,Andy Lamb & Donna Gibbs,PMLS,,,unobserved,,63669,
Iophon lamella,"Wilson, 1904",white reticulated sponge,reported,1973-09-20,Andy Lamb & Donna Gibbs,PMLS,,,unobserved,,196333,
Amphilectus digitatus,"(Miklucho-Maclay, 1870)",glove sponge,reported,1981-05-31,Andy Lamb & Donna Gibbs,PMLS,,,unobserved,,459874,
Isodictya sp.,"(Lambe, 1893)",orange finger sponge,reported,1960-12-22,W. Clemens,RBCM,,,unobserved,,459878,reported as Amphilectus rigida (GBIF); as Neoesperiopsis rigida (RBCM)
Semisuberites cribrosa,"(Miklucho-Maclay, 1870)",funnel sponge,reported,1985-08-02,Andy Lamb & Donna Gibbs,PMLS,,,unobserved,,194571,
Hamigera sp.,"Gray, 1867",orange cratered encrusting sponge,reported,1985-08-02,Andy Lamb,PMLS,,,unobserved,,342247,
Antho (Plocamia) karykina,"(Laubenfels, 1927)",bright red sponge,reported,1985-08-02,Andy Lamb & Donna Gibbs,PMLS,,,unobserved,,345142,reported as Plocamia karykina
Clathria (Microciona) pennata,"(Lambe, 1895)",red velvety sponge,reported,1971-08-21,Andy Lamb & Donna Gibbs,PMLS,,,unobserved,,63672,
Mycale (Aegogropila) adhaerens,"(Lambe, 1893)",smooth scallop sponge,reported,1999-07-31,Charlie Gibbs,PMLS,,,unobserved,,256010,
Myxilla (Myxilla) lacunosa,"Lambe, 1893",sulphur sponge,reported,1973-09-20,Andy Lamb & Donna Gibbs,PMLS,,,unobserved,,459826,
Myxilla (Myxilla) incrustans,"(Johnston, 1842)",rough scallop sponge,reported,1973-06-14,Philip Lambert,RBCM,,,unobserved,,256019,
Weberella perlucida,"Austin, Ott, Reiswig, Romagosa & McDaniel, 2014",retractable nipple sponge,reported,2007-10-21,Andy Lamb & Donna Gibbs,PMLS,,,unobserved,,424640,
Craniella villosa,"Lambe, 1893",tennis ball sponge,confirmed,1985-08-02,Andy Lamb & Donna Gibbs,PMLS,2013-10-13,Peter Luckham,observed,http://www.inaturalist.org/observations/2975867,459732,
Tetilla sp.,"Schmidt, 1868",,reported,2008-05-21,Jackson Chu,Chu (2010),,,unobserved,,247194,
Halichondria (Eumastia) sitiens,"(Schmidt, 1870)",breast sponge,reported,2007-12-15,Andy Lamb & Donna Gibbs,PMLS,,,unobserved,,459775,
Halichondria (Halichondria) bowerbanki,"Burton, 1930",Bowerbank's crumb of bread sponge,reported,1973-09-20,Andy Lamb & Donna Gibbs,PMLS,,,unobserved,,120498,
Halichondria (Halichondria) panicea,"(Pallas, 1766)",yellow-green encrusting sponge,reported,1968-08-02,Andy Lamb & Donna Gibbs,PMLS,,,unobserved,,186854,
Homaxinella amphispicula,"(Laubenfels, 1961)",tough yellow branching sponge,reported,1999-05-04,Andy Lamb & Donna Gibbs,PMLS,,,unobserved,,459847,misspelled Hamaxinella amphispicula
Suberites concinnus,"Lambe, 1895",peach ball sponge,reported,1985-08-02,Andy Lamb & Donna Gibbs,PMLS,,,unobserved,,873889,
Suberites latus,"Lambe, 1893",hermit crab sponge,reported,2007-12-29,Andy Lamb & Donna Gibbs,PMLS,,,unobserved,,473057,
Tethya californiana,"Laubenfels, 1932",orange rough ball sponge,reported,1981-05-31,Andy Lamb & Donna Gibbs,PMLS,,,unobserved,,127233,
Rhabdocalyptus dawsoni,"(Lambe, 1893)",boot sponge,confirmed,2008-05-22,Jackson Chu,Chu (2010),2007-10-23,Jackson Chu,observed,https://inaturalist.ca/observations/59908562,459736,
Heterochone calyx,"(Schulze, 1886)",fingered goblet sponge,reported,2012,Jackson Chu,Chu (2012),,,unobserved,,424648,
Aphrocallistes vastus,"Schulze, 1886",cloud sponge,confirmed,2011-10-30,Jackson Chu,RBCM,2007-10-23,Jackson Chu,observed,https://inaturalist.ca/observations/8459011,424651,
Clavelina huntsmani,"Van Name, 1931",light-bulb tunicate,reported,1995-02-24,Charlie Gibbs,PMLS,,,unobserved,,51984,
Pycnoclavella stanleyi,"Berrill & Abbott, 1949",yellow social ascidian,reported,1993-08-16,Andy Lamb,PMLS,,,unobserved,,424274,
Didemnum carnulentum,"Ritter & Forsyth, 1917",Pacific white crust,reported,1985-07-29,Andy Lamb,PMLS,,,unobserved,,344918,
Didemnum spp.,"Savigny, 1816",white glove leather,new 2013,,,,2013-10-13,Peter Luckham,observed,http://www.inaturalist.org/observations/2976349,55512,
Didemnum vexillum,"Kott, 2002",carpet sea squirt,reported,2013-10-23,Andy Lamb,PMLS,,,unobserved,,126506,
Diplosoma listerianum,"(Milne-Edwards, 1841)",gray encrusting compound tunicate,reported,1999-07-31,Charlie Gibbs,PMLS,,,unobserved,,81778,
Trididemnum alexi,"Lambert, 2003",speckled compound tunicate,reported,1985-12-07,Andy Lamb,PMLS,,,unobserved,,798823,
Distaplia occidentalis,"Bancroft, 1899",mushroom compound tunicate,confirmed,1981-05-31,Andy Lamb,PMLS,2019-05-04,Larry Taylor,observed,https://www.inaturalist.org/observations/30012080,347339,
Cystodytes lobatus,"(Ritter, 1900)",lobed compound tunicate,reported,1993-05-09,Charlie Gibbs,PMLS,,,unobserved,,339197,
Eudistoma molle,"(Ritter, 1900)",red-dotted compound tunicate,reported,1994-09-10,Andy Lamb,PMLS,,,unobserved,,448127,
Eudistoma purpuropunctatum,"Lambert, 1989",mauve lobed compound tunicate,reported,2008-11-12,Andy Lamb,PMLS,,,unobserved,,492675,
Aplidium californicum,"(Ritter & Forsyth, 1917)",California sea pork,reported,1994-10-07,Andy Lamb,PMLS,,,unobserved,,131232,
Aplidium solidum,"(Ritter & Forsyth, 1917)",red ascidian,reported,1985-07-29,Andy Lamb,PMLS,,,unobserved,,195372,
Synoicum parfustis,"(Ritter & Forsyth, 1917)",peach-coloured compound tunicate,reported,1999-07-31,Charlie Gibbs,PMLS,,,unobserved,,424278,
Ascidia columbiana,"(Huntsman, 1912)",sea blisters,reported,2011-11-18,Andy Lamb,PMLS,,,unobserved,,428617,
Ascidia paratropa,"(Huntsman, 1912)",glassy tunicate,reported,1969-02-21,Andy Lamb,PMLS,,,unobserved,,415129,
Ciona savignyi,"Herdman, 1882",sea vase,reported,1985-12-07,Andy Lamb,PMLS,,,unobserved,,81614,
Chelyosoma productum,"Stimpson, 1864",disc-top tunicate,reported,1969-02-22,Andy Lamb,PMLS,,,unobserved,,428793,
Corella inflata,"Huntsman, 1912",brooding transparent tunicate,reported,1999-07-31,Andy Lamb,PMLS,,,unobserved,,347987,
Corella willmeriana,"Herdman, 1898",transparent tunicate,reported,1976-06-20,Rita M. O'Clair,CMN,,,unobserved,,447661,
Perophora annectens,"Ritter, 1893",yellow social tunicate,reported,1985-07-29,Andy Lamb,PMLS,,,unobserved,,372665,
Molgula pacifica,"(Huntsman, 1912)",globular ascidian,reported,1993-08-16,Andy Lamb,PMLS,,,unobserved,,800031,
Bathypera feminalba,"Young & Vazquez, 1995",tiny white tunicate,reported,2009-04-04,Andy Lamb,PMLS,,,unobserved,,800127,
Boltenia villosa,"(Stimpson, 1864)",hairy tunicate,confirmed,1986-04-08,Andy Lamb,RBCM,2015-05-16,Peter Luckham,observed,http://www.inaturalist.org/observations/2854899,194568,
Halocynthia aurantium,"(Pallas, 1787)",Pacific sea peach,reported,1973-06-14,Philip Lambert,RBCM,,,unobserved,,473652,
Halocynthia igaboja,"Oka, 1906",bristly tunicate,confirmed,1994-02-26,Charlie Gibbs,PMLS,2015-05-16,Peter Luckham,observed,http://www.inaturalist.org/observations/2854905,428524,
Pyura haustor,"(Stimpson, 1864)",warty tunicate,reported,1969-02-22,Andy Lamb,PMLS,,,unobserved,,333504,
Pyura mirabilis,"(Drasche, 1884)",Aladdin's lamp tunicate,reported,2013-10-23,Andy Lamb,PMLS,,,unobserved,,552416,
Botrylloides violaceus,"Oka, 1927",lined compound ascidian,confirmed,2007-10-14,Andy Lamb,PMLS,2020-06-08,Jennifer Grant,observed,https://www.inaturalist.org/observations/49173196,81776,
Cnemidocarpa finmarkiensis,"(Kiaer, 1893)",broadbase tunicate,confirmed,1969-02-21,Andy Lamb,PMLS,2013-07-24,Karolle Wall,observed,http://www.inaturalist.org/observations/4015210,47807,
Metandrocarpa taylori,"Huntsman, 1912",orange social tunicate,reported,1985-07-29,Andy Lamb,PMLS,,,unobserved,,371195,
Styela gibbsii,"Stimpson, 1864",brown tunicate,reported,1985-07-29,Andy Lamb,PMLS,,,unobserved,,521988,
Styela montereyensis,"(Dall, 1872)",stalked tunicate,new 1978,,,,1978-02-19,Rick Harbo,observed,https://www.inaturalist.org/observations/31752058,333922,
