Taxon name,Kingdom,Phylum,Subphylum,Superclass,Class,Subclass,Superorder,Order,Suborder,Superfamily,Family,Subfamily,Tribe,Genus,Date observed,Description,Place name,Latitude,Longitude,Tags,Geoprivacy,Max. depth,Bottom time,Common name,iNaturalist taxon name,iNaturalist taxon ID,Observation count
Metridium senile,Animalia,Cnidaria,,,Anthozoa,Hexacorallia,,Actiniaria,Enthemonae,Metridioidea,Metridiidae,,,Metridium,,,Shingle Point Reef,49.040699,-123.644925,,open,90,35,short plumose anemone,Metridium senile,49071,16
Alcyonium sp.?,Animalia,Cnidaria,,,Anthozoa,Octocorallia,,Alcyonacea,Alcyoniina,,Alcyoniidae,,,Alcyonium,,collected,Shingle Point Reef,49.040699,-123.644925,,open,90,35,orange soft coral,Alcyonium,338004,25
Pteraster tesselatus,Animalia,Echinodermata,Asterozoa,,Asteroidea,,,Velatida,,,Pterasteridae,,,Pteraster,,collected,Shingle Point Reef,49.040699,-123.644925,,open,90,35,slime star,Pteraster tesselatus,194701,7
Henricia aspera aspera,Animalia,Echinodermata,Asterozoa,,Asteroidea,,Spinulosacea,Spinulosida,,,Echinasteridae,,,Henricia,,,Shingle Point Reef,49.040699,-123.644925,,open,90,35,ridged blood star,Henricia aspera,293168,14
Gorgonocephalus eucnemis,Animalia,Echinodermata,Asterozoa,,Ophiuroidea,Myophiuroidea,Euryophiurida,Euryalida,,,Gorgonocephalidae,Gorgonocephalinae,,Gorgonocephalus,,collected,Shingle Point Reef,49.040699,-123.644925,,open,90,35,basket star,Gorgonocephalus eucnemis,465153,14
Florometra serratissima,Animalia,Echinodermata,Crinozoa,,Crinoidea,Articulata,,Comatulida,,Antedonoidea,Antedonidae,Heliometrinae,,Florometra,,collected,Shingle Point Reef,49.040699,-123.644925,,open,90,35,feather star,Florometra serratissima,195902,24
Sebastes caurinus,Animalia,Chordata,Vertebrata,,Actinopterygii,,,Scorpaeniformes,,,Sebastidae,Sebastinae,,Sebastes,,,Shingle Point Reef,49.040699,-123.644925,,open,90,35,copper rockfish,Sebastes caurinus,68597,47
Sebastes maliger,Animalia,Chordata,Vertebrata,,Actinopterygii,,,Scorpaeniformes,,,Sebastidae,Sebastinae,,Sebastes,,,Shingle Point Reef,49.040699,-123.644925,,open,90,35,quillback rockfish,Sebastes maliger,63386,45
Sebastes ruberrimus,Animalia,Chordata,Vertebrata,,Actinopterygii,,,Scorpaeniformes,,,Sebastidae,Sebastinae,,Sebastes,,,Shingle Point Reef,49.040699,-123.644925,,open,90,35,yelloweye rockfish,Sebastes ruberrimus,63695,12
Sebastes nigrocinctus,Animalia,Chordata,Vertebrata,,Actinopterygii,,,Scorpaeniformes,,,Sebastidae,Sebastinae,,Sebastes,,collected,Shingle Point Reef,49.040699,-123.644925,,open,90,35,tiger rockfish,Sebastes nigrocinctus,230757,16
Hexagrammos decagrammus,Animalia,Chordata,Vertebrata,,Actinopterygii,,,Scorpaeniformes,,,Hexagrammidae,Hexagramminae,,Hexagrammos,,,Shingle Point Reef,49.040699,-123.644925,,open,90,35,kelp greenling,Hexagrammos decagrammus,68596,45
Ophiodon elongatus,Animalia,Chordata,Vertebrata,,Actinopterygii,,,Scorpaeniformes,,,Hexagrammidae,Ophiodontinae,,Ophiodon,,,Shingle Point Reef,49.040699,-123.644925,,open,90,35,lingcod,Ophiodon elongatus,52539,43
Cribrinopsis fernaldi,Animalia,Cnidaria,,,Anthozoa,Hexacorallia,,Actiniaria,Enthemonae,Actinioidea,Actiniidae,,,Cribrinopsis,,,Shingle Point Reef,49.040699,-123.644925,,open,80,60,crimson anemone,Cribrinopsis fernaldi,465158,4
Balanophyllia elegans,Animalia,Cnidaria,,,Anthozoa,Hexacorallia,,Scleractinia,,,Dendrophylliidae,,,Balanophyllia,,,Shingle Point Reef,49.040699,-123.644925,,open,80,60,orange cup coral,Balanophyllia elegans,51799,48
Alcyonium sp.,Animalia,Cnidaria,,,Anthozoa,Octocorallia,,Alcyonacea,Alcyoniina,,Alcyoniidae,,,Alcyonium,,collected,Shingle Point Reef,49.040699,-123.644925,,open,80,60,red soft coral,Alcyonium,338004,2
Ptilosarcus gurneyi,Animalia,Cnidaria,,,Anthozoa,Octocorallia,,Pennatulacea,Subsessiliflorae,,Pennatulidae,,,Ptilosarcus,,,Shingle Point Reef,49.040699,-123.644925,,open,80,60,orange sea pen,Ptilosarcus gurneyi,448320,24
Balanus glandula/Balanus crenatus,Animalia,Arthropoda,Crustacea,Multicrustacea,Hexanauplia,Thecostraca,Thoracica,Sessilia,Balanomorpha,Balanoidea,Balanidae,Balaninae,,Balanus,,,Shingle Point Reef,49.040699,-123.644925,,open,80,60,common acorn barnacles,Balanus glandula,81610,26
Stylasterias forreri,Animalia,Echinodermata,Asterozoa,,Asteroidea,,Forcipulatacea,Forcipulatida,,,Asteriidae,,,Stylasterias,,,Shingle Point Reef,49.040699,-123.644925,,open,80,60,velcro star,Stylasterias forreri,255883,2
Ascidia paratropa,Animalia,Chordata,Tunicata,,Ascidiacea,,,Phlebobranchia,,,Ascidiidae,,,Ascidia,,collected,Shingle Point Reef,49.040699,-123.644925,,open,80,60,glassy tunicate,Ascidia paratropa,415129,2
Scorpaenichthys marmoratus,Animalia,Chordata,Vertebrata,,Actinopterygii,,,Scorpaeniformes,,,Cottidae,,,Scorpaenichthys,,,Shingle Point Reef,49.040699,-123.644925,,open,80,60,cabezon,Scorpaenichthys marmoratus,47638,16
Pinauay marina,Animalia,Cnidaria,,,Hydrozoa,Hydroidolina,,Anthoathecata,Aplanulata,,Tubulariidae,,,Ectopleura,,,Dibuxante Cove,49.126005,-123.717882,,open,50,40,solitary pink-mouth hydroid,Ectopleura marina,492142,10
Aurelia labiata,Animalia,Cnidaria,,,Scyphozoa,Discomedusae,,Semaeostomeae,,,Ulmaridae,,,Aurelia,,,Dibuxante Cove,49.126005,-123.717882,,open,50,40,moon jelly,Aurelia labiata,130235,6
Serpula columbiana,Animalia,Annelida,,,Polychaeta,Sedentaria,,Sabellida,,,Serpulidae,Serpulinae,,Serpula,,,Dibuxante Cove,49.126005,-123.717882,,open,50,40,red-trumpet calcareous tubeworm,Serpula columbiana,131207,45
Dodecaceria fewkesi,Animalia,Annelida,,,Polychaeta,Sedentaria,,Terebellida,,,Cirratulidae,,,Dodecaceria,,,Dibuxante Cove,49.126005,-123.717882,,open,50,40,fringed filament-worm,Dodecaceria fewkesi,192656,38
Schizobranchia insignis,Animalia,Annelida,,,Polychaeta,Sedentaria,,Sabellida,,,Sabellidae,,,Schizobranchia,,,Dibuxante Cove,49.126005,-123.717882,,open,50,40,split-branch feather-duster,Schizobranchia insignis,339561,3
Bugula californica,Animalia,Bryozoa,,,Gymnolaemata,,,Cheilostomatida,Flustrina,Buguloidea,Bugulidae,,,Bugula,,,Dibuxante Cove,49.126005,-123.717882,,open,50,40,spiral bryozoan,Bugula californica,196131,11
Cancer oregonensis,Animalia,Arthropoda,Crustacea,Multicrustacea,Malacostraca,Eumalacostraca,Eucarida,Decapoda,Pleocyemata,Cancroidea,Cancridae,,,Glebocarcinus,,,Dibuxante Cove,49.126005,-123.717882,,open,50,40,pygmy rock crab,Glebocarcinus oregonensis,429951,23
Rhinolithodes wosnessenskii,Animalia,Arthropoda,Crustacea,Multicrustacea,Malacostraca,Eumalacostraca,Eucarida,Decapoda,Pleocyemata,Lithodoidea,Lithodidae,,,Rhinolithodes,,,Dibuxante Cove,49.126005,-123.717882,,open,50,40,rhinoceros crab,Rhinolithodes wosnessenskii,459660,5
Balanus nubilus,Animalia,Arthropoda,Crustacea,Multicrustacea,Hexanauplia,Thecostraca,Thoracica,Sessilia,Balanomorpha,Balanoidea,Balanidae,Balaninae,,Balanus,,empty clusters,Dibuxante Cove,49.126005,-123.717882,,open,50,40,giant acorn barnacle,Balanus nubilus,49127,43
Pisaster ochraceus,Animalia,Echinodermata,Asterozoa,,Asteroidea,,Forcipulatacea,Forcipulatida,,,Asteriidae,,,Pisaster,,,Dibuxante Cove,49.126005,-123.717882,,open,50,40,purple star or ochre star,Pisaster ochraceus,49699,29
Pisaster brevispinus,Animalia,Echinodermata,Asterozoa,,Asteroidea,,Forcipulatacea,Forcipulatida,,,Asteriidae,,,Pisaster,,,Dibuxante Cove,49.126005,-123.717882,,open,50,40,giant pink star,Pisaster brevispinus,49539,34
Evasterias troschelii,Animalia,Echinodermata,Asterozoa,,Asteroidea,,Forcipulatacea,Forcipulatida,,,Asteriidae,,,Evasterias,,,Dibuxante Cove,49.126005,-123.717882,,open,50,40,mottled star,Evasterias troschelii,84265,42
Mediaster aequalis,Animalia,Echinodermata,Asterozoa,,Asteroidea,,Valvatacea,Valvatida,,,Goniasteridae,Mediasterinae,,Mediaster,,,Dibuxante Cove,49.126005,-123.717882,,open,50,40,vermilion star,Mediaster aequalis,293174,26
Pycnopodia helianthoides,Animalia,Echinodermata,Asterozoa,,Asteroidea,,Forcipulatacea,Forcipulatida,,,Asteriidae,Pycnopodiinae,,Pycnopodia,,,Dibuxante Cove,49.126005,-123.717882,,open,50,40,sunflower star,Pycnopodia helianthoides,47673,46
Crossaster papposus,Animalia,Echinodermata,Asterozoa,,Asteroidea,,Valvatacea,Valvatida,,,Solasteridae,,,Crossaster,,,Dibuxante Cove,49.126005,-123.717882,,open,50,40,rose star,Crossaster papposus,192687,25
Corella willmeriana,Animalia,Chordata,Tunicata,,Ascidiacea,,,Phlebobranchia,,,Corellidae,,,Corella,,,Dibuxante Cove,49.126005,-123.717882,,open,50,40,transparent tunicate,Corella willmeriana,447661,23
Rhinogobiops nicholsii,Animalia,Chordata,Vertebrata,,Actinopterygii,,,Perciformes,,,Gobiidae,Gobiinae,,Rhinogobiops,,,Dibuxante Cove,49.126005,-123.717882,,open,50,40,blackeye goby,Rhinogobiops nicholsii,132521,43
Jordania zonope,Animalia,Chordata,Vertebrata,,Actinopterygii,,,Scorpaeniformes,,,Cottidae,,,Jordania,,,Dibuxante Cove,49.126005,-123.717882,,open,50,40,longfin sculpin,Jordania zonope,222465,39
Solaster dawsoni,Animalia,Echinodermata,Asterozoa,,Asteroidea,,Valvatacea,Valvatida,,,Solasteridae,,,Solaster,,,Shingle Point Reef,49.040699,-123.644925,,open,90,40,morning sun star,Solaster dawsoni,117692,33
Solaster stimpsoni,Animalia,Echinodermata,Asterozoa,,Asteroidea,,Valvatacea,Valvatida,,,Solasteridae,,,Solaster,,,Shingle Point Reef,49.040699,-123.644925,,open,90,40,striped sun star,Solaster stimpsoni,208013,33
Ophiura sarsii,Animalia,Echinodermata,Asterozoa,,Ophiuroidea,Myophiuroidea,Euryophiurida,Ophiurida,Ophiurina,,Ophiuridae,Ophiurinae,,Ophiura,,,Shingle Point Reef,49.040699,-123.644925,,open,90,40,notched brittle star,Ophiura sarsii,202051,2
Sebastes melanops,Animalia,Chordata,Vertebrata,,Actinopterygii,,,Scorpaeniformes,,,Sebastidae,Sebastinae,,Sebastes,,,Shingle Point Reef,49.040699,-123.644925,,open,90,40,black rockfish,Sebastes melanops,47760,8
Sebastes flavidus,Animalia,Chordata,Vertebrata,,Actinopterygii,,,Scorpaeniformes,,,Sebastidae,Sebastinae,,Sebastes,,,Shingle Point Reef,49.040699,-123.644925,,open,90,40,yellowtail rockfish,Sebastes flavidus,64477,2
Saccharina latissima,Chromista,Ochrophyta,,,Phaeophyceae,,,Laminariales,,,Laminariaceae,,,Saccharina,,,Valdes Island cliffs,49.087832,-123.684704,,open,100,80,sugar wrack kelp,Saccharina latissima,130231,29
Cliona californiana,Animalia,Porifera,,,Demospongiae,Heteroscleromorpha,,Clionaida,,,Clionaidae,,,Cliona,,,Valdes Island cliffs,49.087832,-123.684704,,open,100,80,yellow boring sponge,Cliona californiana,424811,41
Pachycerianthus fimbriatus,Animalia,Cnidaria,,,Anthozoa,Ceriantharia,,Spirularia,,,Cerianthidae,,,Pachycerianthus,,,Valdes Island cliffs,49.087832,-123.684704,,open,100,80,tube-dwelling anemone,Pachycerianthus fimbriatus,47702,29
Epizoanthus scotinus,Animalia,Cnidaria,,,Anthozoa,Hexacorallia,,Zoantharia,Macrocnemina,,Epizoanthidae,,,Epizoanthus,,very orange,Valdes Island cliffs,49.087832,-123.684704,,open,100,80,orange zoanthid,Epizoanthus scotinus,429859,13
Cyanea capillata,Animalia,Cnidaria,,,Scyphozoa,Discomedusae,,Semaeostomeae,,,Cyaneidae,,,Cyanea,,,Valdes Island cliffs,49.087832,-123.684704,,open,100,80,lion's mane,Cyanea capillata,69838,6
Mitrocoma cellularia,Animalia,Cnidaria,,,Hydrozoa,Hydroidolina,,Leptothecata,,,Mitrocomidae,,,Mitrocoma,,,Valdes Island cliffs,49.087832,-123.684704,,open,100,80,cross jellyfish,Mitrocoma cellularia,493918,9
Aequorea spp.,Animalia,Cnidaria,,,Hydrozoa,Hydroidolina,,Leptothecata,,,Aequoreidae,,,Aequorea,,,Valdes Island cliffs,49.087832,-123.684704,,open,100,80,water jellies,Aequorea,191502,18
Clytia gregaria,Animalia,Cnidaria,,,Hydrozoa,Hydroidolina,,Leptothecata,,,Campanulariidae,,,Clytia,,,Valdes Island cliffs,49.087832,-123.684704,,open,100,80,gregarious jellyfish,Clytia gregaria,195428,5
Pleurobrachia bachei,Animalia,Ctenophora,,,Tentaculata,,,Cydippida,,,Pleurobrachiidae,,,Pleurobrachia,,,Valdes Island cliffs,49.087832,-123.684704,,open,100,80,sea gooseberry,Pleurobrachia bachei,117705,6
Protula pacifica,Animalia,Annelida,,,Polychaeta,Sedentaria,,Sabellida,,,Serpulidae,,,Protula,,,Valdes Island cliffs,49.087832,-123.684704,,open,100,80,white-crown calcareous tubeworm,Protula pacifica,538108,7
Myxicola infundibulum,Animalia,Annelida,,,Polychaeta,Sedentaria,,Sabellida,,,Sabellidae,,,Myxicola,,,Valdes Island cliffs,49.087832,-123.684704,,open,100,80,slime-tube feather-duster,Myxicola infundibulum,49533,13
Phoronis ijimai,Animalia,Phoronida,,,,,,,,,Phoronidae,,,Phoronis,,,Valdes Island cliffs,49.087832,-123.684704,,open,100,80,white colonial phoronid,Phoronis ijimai,372139,2
Dendrobeania murrayana,Animalia,Bryozoa,,,Gymnolaemata,,,Cheilostomatida,Flustrina,Buguloidea,Bugulidae,,,Dendrobeania,,,Valdes Island cliffs,49.087832,-123.684704,,open,100,80,fan bryozoan,Dendrobeania murrayana,205170,7
Crisia spp.,Animalia,Bryozoa,,,Stenolaemata,,,Cyclostomatida,Articulina,,Crisiidae,,,Crisia,,small,Valdes Island cliffs,49.087832,-123.684704,,open,100,80,white tuft bryozoans,Crisia,192680,27
Chlamys sp.,Animalia,Mollusca,,,Bivalvia,Pteriomorphia,,Pectinida,,Pectinoidea,Pectinidae,Pedinae,Chlamydini,Chlamys,,with Mycale/Myxilla,Valdes Island cliffs,49.087832,-123.684704,,open,100,80,pink scallop,Chlamys,84497,11
Crassadoma gigantea,Animalia,Mollusca,,,Bivalvia,Pteriomorphia,,Pectinida,,Pectinoidea,Pectinidae,Pedinae,Crassadomini,Crassadoma,,,Valdes Island cliffs,49.087832,-123.684704,,open,100,80,giant rock scallop,Crassadoma gigantea,54526,45
Tresus capax,Animalia,Mollusca,,,Bivalvia,Heterodonta,Imparidentia,Venerida,,Mactroidea,Mactridae,Lutrariinae,,Tresus,,?,Valdes Island cliffs,49.087832,-123.684704,,open,100,80,fat gaper,Tresus capax,126927,5
Panopea generosa,Animalia,Mollusca,,,Bivalvia,Heterodonta,Imparidentia,Adapedonta,,Hiatelloidea,Hiatellidae,,,Panopea,,?,Valdes Island cliffs,49.087832,-123.684704,,open,100,80,Pacific geoduck,Panopea generosa,117618,5
Ceratostoma foliatum,Animalia,Mollusca,,,Gastropoda,Caenogastropoda,,Neogastropoda,,Muricoidea,Muricidae,Ocenebrinae,,Ceratostoma,,,Valdes Island cliffs,49.087832,-123.684704,,open,100,80,leafy hornmouth,Ceratostoma foliatum,116687,38
Berthella californica,Animalia,Mollusca,,,Gastropoda,Heterobranchia,Nudipleura,Pleurobranchida,,Pleurobranchoidea,Pleurobranchidae,,,Berthella,,,Valdes Island cliffs,49.087832,-123.684704,,open,100,80,California berthella,Berthella californica,49902,2
Cadlina luteomarginata,Animalia,Mollusca,,,Gastropoda,Heterobranchia,Nudipleura,Nudibranchia,Doridina,Doridoidea,Cadlinidae,,,Cadlina,,,Valdes Island cliffs,49.087832,-123.684704,,open,100,80,yellow-rimmed nudibranch,Cadlina luteomarginata,50146,29
Dendronotus iris,Animalia,Mollusca,,,Gastropoda,Heterobranchia,Nudipleura,Nudibranchia,Cladobranchia,Dendronotoidea,Dendronotidae,,,Dendronotus,,spawn,Valdes Island cliffs,49.087832,-123.684704,,open,100,80,giant nudibranch,Dendronotus iris,47706,9
Pandalus danae,Animalia,Arthropoda,Crustacea,Multicrustacea,Malacostraca,Eumalacostraca,Eucarida,Decapoda,Pleocyemata,Pandaloidea,Pandalidae,,,Pandalus,,small,Valdes Island cliffs,49.087832,-123.684704,,open,100,80,coonstripe shrimp,Pandalus danae,154708,17
Cancer productus,Animalia,Arthropoda,Crustacea,Multicrustacea,Malacostraca,Eumalacostraca,Eucarida,Decapoda,Pleocyemata,Cancroidea,Cancridae,,,Cancer,,,Valdes Island cliffs,49.087832,-123.684704,,open,100,80,red rock crab,Cancer productus,47826,20
Chorilia longipes,Animalia,Arthropoda,Crustacea,Multicrustacea,Malacostraca,Eumalacostraca,Eucarida,Decapoda,Pleocyemata,Majoidea,Epialtidae,,,Chorilia,,,Valdes Island cliffs,49.087832,-123.684704,,open,100,80,longhorn decorator crab,Chorilia longipes,459559,2
Acantholithodes hispidus,Animalia,Arthropoda,Crustacea,Multicrustacea,Malacostraca,Eumalacostraca,Eucarida,Decapoda,Pleocyemata,Lithodoidea,Lithodidae,,,Acantholithodes,,,Valdes Island cliffs,49.087832,-123.684704,,open,100,80,hairy-spined crab,Acantholithodes hispidus,450310,7
Phyllolithodes papillosus,Animalia,Arthropoda,Crustacea,Multicrustacea,Malacostraca,Eumalacostraca,Eucarida,Decapoda,Pleocyemata,Lithodoidea,Lithodidae,,,Phyllolithodes,,,Valdes Island cliffs,49.087832,-123.684704,,open,100,80,heart crab,Phyllolithodes papillosus,424896,15
Orthasterias koehleri,Animalia,Echinodermata,Asterozoa,,Asteroidea,,Forcipulatacea,Forcipulatida,,,Asteriidae,,,Orthasterias,,,Valdes Island cliffs,49.087832,-123.684704,,open,100,80,rainbow star,Orthasterias koehleri,47669,35
Dermasterias imbricata,Animalia,Echinodermata,Asterozoa,,Asteroidea,,Valvatacea,Valvatida,,,Asteropseidae,,,Dermasterias,,,Valdes Island cliffs,49.087832,-123.684704,,open,100,80,leather star,Dermasterias imbricata,63382,43
Hippasteria phrygiana,Animalia,Echinodermata,Asterozoa,,Asteroidea,,Valvatacea,Valvatida,,,Goniasteridae,Hippasterinae,,Hippasteria,,,Valdes Island cliffs,49.087832,-123.684704,,open,100,80,spiny red star,Hippasteria phrygiana,464048,9
Mesocentrotus franciscanus,Animalia,Echinodermata,Echinozoa,,Echinoidea,Euechinoidea,Echinacea,Camarodonta,,Odontophora,Strongylocentrotidae,,,Strongylocentrotus,,,Valdes Island cliffs,49.087832,-123.684704,,open,100,80,red sea urchin,Strongylocentrotus franciscanus,49126,46
Strongylocentrotus droebachiensis,Animalia,Echinodermata,Echinozoa,,Echinoidea,Euechinoidea,Echinacea,Camarodonta,,Odontophora,Strongylocentrotidae,,,Strongylocentrotus,,,Valdes Island cliffs,49.087832,-123.684704,,open,100,80,green sea urchin,Strongylocentrotus droebachiensis,120070,39
Apostichopus californicus,Animalia,Echinodermata,Echinozoa,,Holothuroidea,,,Synallactida,,,Stichopodidae,,,Apostichopus,,,Valdes Island cliffs,49.087832,-123.684704,,open,100,80,giant sea cucumber,Apostichopus californicus,202640,39
Cucumaria miniata,Animalia,Echinodermata,Echinozoa,,Holothuroidea,,,Dendrochirotida,,,Cucumariidae,,,Cucumaria,,,Valdes Island cliffs,49.087832,-123.684704,,open,100,80,red sea cucumber,Cucumaria miniata,117695,35
Eupentacta quinquesemita,Animalia,Echinodermata,Echinozoa,,Holothuroidea,,,Dendrochirotida,,,Sclerodactylidae,,,Eupentacta,,,Valdes Island cliffs,49.087832,-123.684704,,open,100,80,stiff-footed sea cucumber,Eupentacta quinquesemita,51695,29
Cucumaria piperata,Animalia,Echinodermata,Echinozoa,,Holothuroidea,,,Dendrochirotida,,,Cucumariidae,,,Cucumaria,,,Valdes Island cliffs,49.087832,-123.684704,,open,100,80,salt and pepper sea cucumber,Cucumaria piperata,424353,6
Ascidia columbiana / A. callosa,Animalia,Chordata,Tunicata,,Ascidiacea,,,Phlebobranchia,,,Ascidiidae,,,Ascidia,,,Valdes Island cliffs,49.087832,-123.684704,,open,100,80,sea blisters,Ascidia columbiana,428617,1
Boltenia villosa,Animalia,Chordata,Tunicata,,Ascidiacea,,,Stolidobranchia,,,Pyuridae,,,Boltenia,,,Valdes Island cliffs,49.087832,-123.684704,,open,100,80,hairy tunicate,Boltenia villosa,194568,17
Aplidium solidum,Animalia,Chordata,Tunicata,,Ascidiacea,,,Aplousobranchia,,,Polyclinidae,,,Aplidium,,,Valdes Island cliffs,49.087832,-123.684704,,open,100,80,red ascidian,Aplidium solidum,195372,9
Clupea pallasii,Animalia,Chordata,Vertebrata,,Actinopterygii,,,Clupeiformes,,,Clupeidae,Clupeinae,,Clupea,,,Valdes Island cliffs,49.087832,-123.684704,,open,100,80,Pacific herring,Clupea pallasii,117571,9
Oncorhynchus gorbuscha,Animalia,Chordata,Vertebrata,,Actinopterygii,,,Salmoniformes,,,Salmonidae,Salmoninae,,Oncorhynchus,,sp.,Valdes Island cliffs,49.087832,-123.684704,,open,100,80,pink salmon,Oncorhynchus gorbuscha,107570,1
Theragra chalcogramma,Animalia,Chordata,Vertebrata,,Actinopterygii,,,Gadiformes,,,Gadidae,,,Gadus,,juv. in Cyanea,Valdes Island cliffs,49.087832,-123.684704,,open,100,80,walleye pollock,Gadus chalcogrammus,614161,3
Damalichthys vacca,Animalia,Chordata,Vertebrata,,Actinopterygii,,,Perciformes,,,Embiotocidae,,,Rhacochilus,,,Valdes Island cliffs,49.087832,-123.684704,,open,100,80,pile perch,Rhacochilus vacca,111616,22
Embiotoca lateralis,Animalia,Chordata,Vertebrata,,Actinopterygii,,,Perciformes,,,Embiotocidae,,,Embiotoca,,,Valdes Island cliffs,49.087832,-123.684704,,open,100,80,striped seaperch,Embiotoca lateralis,117555,40
Brachyistius frenatus,Animalia,Chordata,Vertebrata,,Actinopterygii,,,Perciformes,,,Embiotocidae,,,Brachyistius,,juv. adult and many newborn,Valdes Island cliffs,49.087832,-123.684704,,open,100,80,kelp perch,Brachyistius frenatus,117553,16
Cymatogaster aggregata,Animalia,Chordata,Vertebrata,,Actinopterygii,,,Perciformes,,,Embiotocidae,,,Cymatogaster,,schools-juv.,Valdes Island cliffs,49.087832,-123.684704,,open,100,80,shiner perch,Cymatogaster aggregata,98855,12
Oxylebius pictus,Animalia,Chordata,Vertebrata,,Actinopterygii,,,Scorpaeniformes,,,Hexagrammidae,Oxylebiinae,,Oxylebius,,,Valdes Island cliffs,49.087832,-123.684704,,open,100,80,painted greenling,Oxylebius pictus,48452,24
Artedius harringtoni,Animalia,Chordata,Vertebrata,,Actinopterygii,,,Scorpaeniformes,,,Cottidae,,,Artedius,,,Valdes Island cliffs,49.087832,-123.684704,,open,100,80,scalyhead sculpin,Artedius harringtoni,117528,37
Chitonotus pugetensis,Animalia,Chordata,Vertebrata,,Actinopterygii,,,Scorpaeniformes,,,Cottidae,,,Chitonotus,,,Valdes Island cliffs,49.087832,-123.684704,,open,100,80,roughback sculpin,Chitonotus pugetensis,216746,3
Enophrys bison,Animalia,Chordata,Vertebrata,,Actinopterygii,,,Scorpaeniformes,,,Cottidae,,,Enophrys,,,Valdes Island cliffs,49.087832,-123.684704,,open,100,80,buffalo sculpin,Enophrys bison,117536,1
Fucus gardneri,Chromista,Ochrophyta,,,Phaeophyceae,,,Fucales,,,Fucaceae,,,Fucus,,,Josef Bay,49.1287,-123.7029,,open,54,54,rockweed,Fucus distichus,69155,18
Nereocystis luetkeana,Chromista,Ochrophyta,,,Phaeophyceae,,,Laminariales,,,Lessoniaceae,,,Nereocystis,,,Josef Bay,49.1287,-123.7029,,open,54,54,bull kelp,Nereocystis luetkeana,120499,25
Leucilla nuttingi,Animalia,Porifera,,,Calcarea,Calcaronea,,Leucosolenida,,,Amphoriscidae,,,Leucilla,,,Josef Bay,49.1287,-123.7029,,open,54,54,stalked vase sponge,Leucilla nuttingi,117713,15
Leucosolenia eleanor,Animalia,Porifera,,,Calcarea,Calcaronea,,Leucosolenida,,,Leucosoleniidae,,,Leucosolenia,,,Josef Bay,49.1287,-123.7029,,open,54,54,spaghetti sponge,Leucosolenia eleanor,424817,3
Craniella villosa,Animalia,Porifera,,,Demospongiae,Heteroscleromorpha,,Tetractinellida,Spirophorina,,Tetillidae,,,Craniella,,,Josef Bay,49.1287,-123.7029,,open,54,54,tennis ball sponge,Craniella villosa,459732,19
Pachychalina spp.,Animalia,Porifera,,,Demospongiae,Heteroscleromorpha,,Haplosclerida,,,Niphatidae,,,Pachychalina,,,Josef Bay,49.1287,-123.7029,,open,54,54,thick-strap sponges,Pachychalina,873877,9
Plocamia karykina,Animalia,Porifera,,,Demospongiae,Heteroscleromorpha,,Poecilosclerida,,,Microcionidae,,,Antho,,,Josef Bay,49.1287,-123.7029,,open,54,54,bright red sponge,Antho karykina,345142,9
Clathria pennata,Animalia,Porifera,,,Demospongiae,Heteroscleromorpha,,Poecilosclerida,,,Microcionidae,,,Clathria,,,Josef Bay,49.1287,-123.7029,,open,54,54,red velvety sponge 1,Clathria pennata,63672,36
Stylantheca papillosa,Animalia,Cnidaria,,,Hydrozoa,Hydroidolina,,Anthoathecata,Filifera,,Stylasteridae,,,Stylantheca,,,Josef Bay,49.1287,-123.7029,,open,54,54,encrusting hydrocoral,Stylantheca papillosa,131205,32
Aglaophenia spp.,Animalia,Cnidaria,,,Hydrozoa,Hydroidolina,,Leptothecata,,Plumularioidea,Aglaopheniidae,,,Aglaophenia,,,Josef Bay,49.1287,-123.7029,,open,54,54,ostrich-plume hydroid,Aglaophenia,51218,17
Selaginopsis sp.,Animalia,Cnidaria,,,Hydrozoa,Hydroidolina,,Leptothecata,,Sertularioidea,Sertulariidae,,,Selaginopsis,,,Josef Bay,49.1287,-123.7029,,open,54,54,fish-bone hydroid,Selaginopsis,701033,16
Plumularia setacea,Animalia,Cnidaria,,,Hydrozoa,Hydroidolina,,Leptothecata,,Plumularioidea,Plumulariidae,,,Plumularia,,,Josef Bay,49.1287,-123.7029,,open,54,54,glassy plume hydroid,Plumularia setacea,209141,18
Obelia spp.,Animalia,Cnidaria,,,Hydrozoa,Hydroidolina,,Leptothecata,,,Campanulariidae,,,Obelia,,,Josef Bay,49.1287,-123.7029,,open,54,54,wine-glass hydroids,Obelia,49536,10
Garveia annulata,Animalia,Cnidaria,,,Hydrozoa,Hydroidolina,,Anthoathecata,Filifera,,Bougainvilliidae,,,Garveia,,,Josef Bay,49.1287,-123.7029,,open,54,54,orange hydroid,Garveia annulata,63662,18
Clavactinia milleri,Animalia,Cnidaria,,,Hydrozoa,Hydroidolina,,Anthoathecata,Filifera,,Hydractiniidae,,,Schuchertinia,,,Josef Bay,49.1287,-123.7029,,open,54,54,hedge-hog hydroid,Schuchertinia milleri,854771,13
Tubulanus polymorphus,Animalia,Nemertea,,,Pilidiophora,,,Heteronemertea,,,Tubulanidae,,,Tubulanus,,,Josef Bay,49.1287,-123.7029,,open,54,54,orange ribbon worm,Tubulanus polymorphus,117581,2
Megalomma sp.,Animalia,Arthropoda,Hexapoda,,Insecta,Pterygota,,Coleoptera,Adephaga,,Carabidae,Cicindelinae,Cicindelini,Megalomma,,,Josef Bay,49.1287,-123.7029,,open,54,54,twin-eyed feather duster,Megalomma,421750,1
Thelepus spp.,Animalia,Annelida,,,Polychaeta,Sedentaria,,Terebellida,,,Terebellidae,,,Thelepus,,,Josef Bay,49.1287,-123.7029,,open,54,54,curly-head spaghetti-worm,Thelepus,117588,7
Membranipora serrilamella,Animalia,Bryozoa,,,Gymnolaemata,,,Cheilostomatida,Malacostegina,Membraniporoidea,Membraniporidae,,,Membranipora,,,Josef Bay,49.1287,-123.7029,,open,54,54,kelp-encrusting bryozoan,Membranipora villosa,360867,20
Schizoporella japonica,Animalia,Bryozoa,,,Gymnolaemata,,,Cheilostomatida,Flustrina,Schizoporelloidea,Schizoporellidae,,,Schizoporella,,,Josef Bay,49.1287,-123.7029,,open,54,54,orange encrusting bryozoan,Schizoporella japonica,519486,18
Heteropora pacifica,Animalia,Bryozoa,,,Stenolaemata,,,Cyclostomatida,Cerioporina,,Heteroporidae,,,Heteropora,,,Josef Bay,49.1287,-123.7029,,open,54,54,northern staghorn bryozoan,Heteropora pacifica,465163,24
Diaperoforma californica,Animalia,Bryozoa,,,Stenolaemata,,,Cyclostomatida,,,,,,Diaperoforma,,,Josef Bay,49.1287,-123.7029,,open,54,54,southern staghorn bryozoan,Diaperoforma californica,345872,25
Barentsia sp.,Animalia,Entoprocta,,,,,,,,,Barentsiidae,,,Barentsia,,,Josef Bay,49.1287,-123.7029,,open,54,54,nodding heads,Barentsia,211513,3
Tonicella lineata,Animalia,Mollusca,,,Polyplacophora,Neoloricata,,Chitonida,Acanthochitonina,Mopalioidea,Tonicellidae,,,Tonicella,,,Josef Bay,49.1287,-123.7029,,open,54,54,lined chiton,Tonicella lineata,47425,39
Tonicella insignis,Animalia,Mollusca,,,Polyplacophora,Neoloricata,,Chitonida,Acanthochitonina,Mopalioidea,Tonicellidae,,,Tonicella,,,Josef Bay,49.1287,-123.7029,,open,54,54,white-line chiton,Tonicella insignis,498132,15
Placiphorella velata,Animalia,Mollusca,,,Polyplacophora,Neoloricata,,Chitonida,Acanthochitonina,Mopalioidea,Mopaliidae,,,Placiphorella,,,Josef Bay,49.1287,-123.7029,,open,54,54,veiled-chiton,Placiphorella velata,55354,2
Cryptochiton stelleri,Animalia,Mollusca,,,Polyplacophora,Neoloricata,,Chitonida,Acanthochitonina,Mopalioidea,Mopaliidae,,,Cryptochiton,,,Josef Bay,49.1287,-123.7029,,open,54,54,giant Pacific chiton,Cryptochiton stelleri,49053,20
Pododesmus macrochisma,Animalia,Mollusca,,,Bivalvia,Pteriomorphia,,Pectinida,,Anomioidea,Anomiidae,,,Pododesmus,,,Josef Bay,49.1287,-123.7029,,open,54,54,green false-jingle,Pododesmus macrochisma,68652,24
Diplodonta impolita,Animalia,Mollusca,,,Bivalvia,Heterodonta,Imparidentia,Venerida,,Ungulinoidea,Ungulinidae,,,Diplodonta,,shells only,Josef Bay,49.1287,-123.7029,,open,54,54,rough diplodon,Diplodonta impolita,551115,1
Kellia suborbicularis,Animalia,Mollusca,,,Bivalvia,Heterodonta,Imparidentia,Galeommatida,,Galeommatoidea,Lasaeidae,,,Kellia,,,Josef Bay,49.1287,-123.7029,,open,54,54,suborbicular kellyclam,Kellia suborbicularis,253475,7
Penitella penita,Animalia,Mollusca,,,Bivalvia,Heterodonta,Imparidentia,Myida,,Pholadoidea,Pholadidae,Martesiinae,,Penitella,,?,Josef Bay,49.1287,-123.7029,,open,54,54,flat-tip piddock,Penitella penita,117619,3
Mytilimeria nuttalli,Animalia,Mollusca,,,Bivalvia,Heterodonta,Anomalodesmata,,,Pandoroidea,Lyonsiidae,,,Mytilimeria,,,Josef Bay,49.1287,-123.7029,,open,54,54,bladderclam,Mytilimeria nuttalli,873896,3
Entodesma navicula,Animalia,Mollusca,,,Bivalvia,Heterodonta,Anomalodesmata,,,Pandoroidea,Lyonsiidae,,,Entodesma,,,Josef Bay,49.1287,-123.7029,,open,54,54,rock entodesma,Entodesma navicula,339164,19
Diodora aspera,Animalia,Mollusca,,,Gastropoda,Vetigastropoda,,Lepetellida,,Fissurelloidea,Fissurellidae,,,Diodora,,,Josef Bay,49.1287,-123.7029,,open,54,54,rough keyhole limpet,Diodora aspera,64148,22
Haliotis kamtschatkana,Animalia,Mollusca,,,Gastropoda,Vetigastropoda,,Lepetellida,,Haliotoidea,Haliotidae,,,Haliotis,,,Josef Bay,49.1287,-123.7029,,open,54,54,northern abalone,Haliotis kamtschatkana,56654,7
Nucella lamellosa,Animalia,Mollusca,,,Gastropoda,Caenogastropoda,,Neogastropoda,,Muricoidea,Muricidae,Ocenebrinae,,Nucella,,,Josef Bay,49.1287,-123.7029,,open,54,54,wrinkled dogwinkle,Nucella lamellosa,117641,29
Amphissa columbiana,Animalia,Mollusca,,,Gastropoda,Caenogastropoda,,Neogastropoda,,Buccinoidea,Columbellidae,,,Amphissa,,,Josef Bay,49.1287,-123.7029,,open,54,54,wrinkled amphissa,Amphissa columbiana,117643,10
Ocinebrina lurida,Animalia,Mollusca,,,Gastropoda,Caenogastropoda,,Neogastropoda,,Muricoidea,Muricidae,Ocenebrinae,,Ocinebrina,,,Josef Bay,49.1287,-123.7029,,open,54,54,lurid rocksnail,Ocinebrina lurida,129927,18
Alia carinata,Animalia,Mollusca,,,Gastropoda,Caenogastropoda,,Neogastropoda,,Buccinoidea,Columbellidae,,,Alia,,,Josef Bay,49.1287,-123.7029,,open,54,54,carinate dovesnail,Alia carinata,129933,3
Calliostoma ligatum,Animalia,Mollusca,,,Gastropoda,Vetigastropoda,,Trochida,,Trochoidea,Calliostomatidae,,,Calliostoma,,,Josef Bay,49.1287,-123.7029,,open,54,54,blue topsnail,Calliostoma ligatum,129920,26
Vermetus compactus,Animalia,Mollusca,,,Gastropoda,Caenogastropoda,,Littorinimorpha,,Vermetoidea,Vermetidae,,,Vermetus,,,Josef Bay,49.1287,-123.7029,,open,54,54,northern compact wormsnail,Vermetus compactus,873857,5
Aldisa cooperi,Animalia,Mollusca,,,Gastropoda,Heterobranchia,Nudipleura,Nudibranchia,Doridina,Doridoidea,Cadlinidae,,,Aldisa,,,Josef Bay,49.1287,-123.7029,,open,54,54,Cooper's dorid,Aldisa cooperi,50097,9
Flabellina triophina,Animalia,Mollusca,,,Gastropoda,Heterobranchia,Nudipleura,Nudibranchia,Cladobranchia,Fionoidea,Flabellinidae,,,Himatina,,,Josef Bay,49.1287,-123.7029,,open,54,54,red flabellina,Himatina trophina,633561,6
Podoceras cristatus,Animalia,Arthropoda,Crustacea,Multicrustacea,Malacostraca,Eumalacostraca,Peracarida,Amphipoda,Senticaudata,Caprelloidea,Podoceridae,,,Podocerus,,pink,Josef Bay,49.1287,-123.7029,,open,54,54,neon sea flea,Podocerus cristatus,60636,1
Pugettia gracilis,Animalia,Arthropoda,Crustacea,Multicrustacea,Malacostraca,Eumalacostraca,Eucarida,Decapoda,Pleocyemata,Majoidea,Epialtidae,,,Pugettia,,,Josef Bay,49.1287,-123.7029,,open,54,54,graceful kelp crab,Pugettia gracilis,130344,10
Scyra acutifrons,Animalia,Arthropoda,Crustacea,Multicrustacea,Malacostraca,Eumalacostraca,Eucarida,Decapoda,Pleocyemata,Majoidea,Pisidae,,,Scyra,,,Josef Bay,49.1287,-123.7029,,open,54,54,sharpnose crab,Scyra acutifrons,47712,37
Oregonia gracilis,Animalia,Arthropoda,Crustacea,Multicrustacea,Malacostraca,Eumalacostraca,Eucarida,Decapoda,Pleocyemata,Majoidea,Oregoniidae,,,Oregonia,,nice,Josef Bay,49.1287,-123.7029,,open,54,54,graceful decorator crab,Oregonia gracilis,84267,20
Petrolisthes eriomerus,Animalia,Arthropoda,Crustacea,Multicrustacea,Malacostraca,Eumalacostraca,Eucarida,Decapoda,Pleocyemata,Galatheoidea,Porcellanidae,,,Petrolisthes,,,Josef Bay,49.1287,-123.7029,,open,54,54,flattop crab,Petrolisthes eriomerus,47803,8
Lopholithodes mandtii,Animalia,Arthropoda,Crustacea,Multicrustacea,Malacostraca,Eumalacostraca,Eucarida,Decapoda,Pleocyemata,Lithodoidea,Lithodidae,,,Lopholithodes,,juv,Josef Bay,49.1287,-123.7029,,open,54,54,Puget Sound king crab,Lopholithodes mandtii,459608,13
Cryptolithodes typicus,Animalia,Arthropoda,Crustacea,Multicrustacea,Malacostraca,Eumalacostraca,Eucarida,Decapoda,Pleocyemata,Lithodoidea,Lithodidae,,,Cryptolithodes,,,Josef Bay,49.1287,-123.7029,,open,54,54,butterfly crab,Cryptolithodes typicus,53845,8
Pagurus beringanus,Animalia,Arthropoda,Crustacea,Multicrustacea,Malacostraca,Eumalacostraca,Eucarida,Decapoda,Pleocyemata,Paguroidea,Paguridae,,,Pagurus,,,Josef Bay,49.1287,-123.7029,,open,54,54,Bering hermit,Pagurus beringanus,362749,34
Henricia leviuscula leviuscula,Animalia,Echinodermata,Asterozoa,,Asteroidea,,Spinulosacea,Spinulosida,,,Echinasteridae,,,Henricia,,,Josef Bay,49.1287,-123.7029,,open,54,54,blood star,Henricia leviuscula,47664,25
Ophiopholis aculeata,Animalia,Echinodermata,Asterozoa,,Ophiuroidea,Myophiuroidea,Ophintegrida,Amphilepidida,Gnathophiurina,Ophiactoidea,Ophiopholidae,,,Ophiopholis,,,Josef Bay,49.1287,-123.7029,,open,54,54,daisy brittle star,Ophiopholis aculeata,56685,32
Psolus chitonoides,Animalia,Echinodermata,Echinozoa,,Holothuroidea,,,Dendrochirotida,,,Psolidae,,,Psolus,,,Josef Bay,49.1287,-123.7029,,open,54,54,creeping pedal sea cucumber,Psolus chitonoides,473064,30
Cnemidocarpa finmarkiensis,Animalia,Chordata,Tunicata,,Ascidiacea,,,Stolidobranchia,,,Styelidae,,,Cnemidocarpa,,,Josef Bay,49.1287,-123.7029,,open,54,54,broadbase tunicate,Cnemidocarpa finmarkiensis,47807,27
Pyura haustor,Animalia,Chordata,Tunicata,,Ascidiacea,,,Stolidobranchia,,,Pyuridae,,,Pyura,,,Josef Bay,49.1287,-123.7029,,open,54,54,warty tunicate,Pyura haustor,333504,9
Chelyosoma productum,Animalia,Chordata,Tunicata,,Ascidiacea,,,Phlebobranchia,,,Corellidae,,,Chelyosoma,,,Josef Bay,49.1287,-123.7029,,open,54,54,disc-top tunicate,Chelyosoma productum,428793,6
Metandrocarpa taylori,Animalia,Chordata,Tunicata,,Ascidiacea,,,Stolidobranchia,,,Styelidae,,,Metandrocarpa,,,Josef Bay,49.1287,-123.7029,,open,54,54,orange social tunicate,Metandrocarpa taylori,371195,21
Distaplia occidentalis,Animalia,Chordata,Tunicata,,Ascidiacea,,,Aplousobranchia,,,Holozoidae,,,Distaplia,,,Josef Bay,49.1287,-123.7029,,open,54,54,mushroom compound tunicate,Distaplia occidentalis,347339,17
Aplidium californicum,Animalia,Chordata,Tunicata,,Ascidiacea,,,Aplousobranchia,,,Polyclinidae,,,Aplidium,,,Josef Bay,49.1287,-123.7029,,open,54,54,California sea pork,Aplidium californicum,131232,6
Chirolophis nugator,Animalia,Chordata,Vertebrata,,Actinopterygii,,,Perciformes,,,Stichaeidae,Chirolophinae,,Chirolophis,,,Josef Bay,49.1287,-123.7029,,open,54,54,mosshead warbonnet,Chirolophis nugator,216743,14
Hemilepidotus hemilepidotus,Animalia,Chordata,Vertebrata,,Actinopterygii,,,Scorpaeniformes,,,Cottidae,,,Hemilepidotus,,,Josef Bay,49.1287,-123.7029,,open,54,54,red Irish lord,Hemilepidotus hemilepidotus,221165,12
Rhamphocottus richardsonii,Animalia,Chordata,Vertebrata,,Actinopterygii,,,Scorpaeniformes,,,Rhamphocottidae,,,Rhamphocottus,,,Josef Bay,49.1287,-123.7029,,open,54,54,grunt sculpin,Rhamphocottus richardsonii,51881,6
Sargassum muticum,Chromista,Ochrophyta,,,Phaeophyceae,,,Fucales,,,Sargassaceae,,,Sargassum,,,Josef Point,49.1287,-123.7029,,open,60,56,wireweed,Sargassum muticum,130177,30
Xestospongia hispida,Animalia,Porifera,,,Demospongiae,Heteroscleromorpha,,Haplosclerida,,,Petrosiidae,,,Xestospongia,,,Josef Point,49.1287,-123.7029,,open,60,56,hard gnarled clump sponge,Xestospongia hispida,873856,8
Myxilla lacunosa,Animalia,Porifera,,,Demospongiae,Heteroscleromorpha,,Poecilosclerida,,,Myxillidae,,,Myxilla,,,Josef Point,49.1287,-123.7029,,open,60,56,sulphur sponge,Myxilla lacunosa,459826,19
Aplysilla sp. nov.,Animalia,Porifera,,,Demospongiae,Keratosa,,Dendroceratida,,,Darwinellidae,,,Aplysilla,,,Josef Point,49.1287,-123.7029,,open,60,56,slippery rose sponge,Aplysilla,63646,8
Urticina grebelnyi,Animalia,Cnidaria,,,Anthozoa,Hexacorallia,,Actiniaria,Enthemonae,Actinioidea,Actiniidae,,,Urticina,,,Josef Point,49.1287,-123.7029,,open,60,56,painted anemone,Urticina grebelnyi,492672,19
Plumularia sp.,Animalia,Cnidaria,,,Hydrozoa,Hydroidolina,,Leptothecata,,Plumularioidea,Plumulariidae,,,Plumularia,,,Josef Point,49.1287,-123.7029,,open,60,56,delicate plume hydroid,Plumularia,60609,12
Abietinaria greenei,Animalia,Cnidaria,,,Hydrozoa,Hydroidolina,,Leptothecata,,Sertularioidea,Sertulariidae,,,Abietinaria,,,Josef Point,49.1287,-123.7029,,open,60,56,fibre-optic hydroid,Abietinaria greenei,429858,4
Eudistylia vancouveri,Animalia,Annelida,,,Polychaeta,Sedentaria,,Sabellida,,,Sabellidae,,,Eudistylia,,,Josef Point,49.1287,-123.7029,,open,60,56,Vancouver feather-duster,Eudistylia vancouveri,84864,13
Pista elongata,Animalia,Annelida,,,Polychaeta,Sedentaria,,Terebellida,,,Terebellidae,,,Pista,,,Josef Point,49.1287,-123.7029,,open,60,56,basket-top spaghetti-worm,Pista elongata,338339,22
Acmaea mitra,Animalia,Mollusca,,,Gastropoda,Patellogastropoda,,,,Lottioidea,Acmaeidae,,,Acmaea,,,Josef Point,49.1287,-123.7029,,open,60,56,whitecap limpet,Acmaea mitra,47676,16
Nucella lima,Animalia,Mollusca,,,Gastropoda,Caenogastropoda,,Neogastropoda,,Muricoidea,Muricidae,Ocenebrinae,,Nucella,,,Josef Point,49.1287,-123.7029,,open,60,56,file dogwinkle,Nucella lima,371067,4
Doris nobilis,Animalia,Mollusca,,,Gastropoda,Heterobranchia,Nudipleura,Nudibranchia,Doridina,Doridoidea,Dorididae,,,Doris,,spawn,Josef Point,49.1287,-123.7029,,open,60,56,noble sea lemon,Doris nobilis,808104,22
Geitodoris heathi,Animalia,Mollusca,,,Gastropoda,Heterobranchia,Nudipleura,Nudibranchia,Doridina,Doridoidea,Discodorididae,,,Geitodoris,,,Josef Point,49.1287,-123.7029,,open,60,56,Heath's dorid,Geitodoris heathi,47505,5
Triopha catalinae,Animalia,Mollusca,,,Gastropoda,Heterobranchia,Nudipleura,Nudibranchia,Doridina,Polyceroidea,Polyceridae,Triophinae,,Triopha,,,Josef Point,49.1287,-123.7029,,open,60,56,clown nudibranch,Triopha catalinae,47454,4
Hermissenda crassicornis,Animalia,Mollusca,,,Gastropoda,Heterobranchia,Nudipleura,Nudibranchia,Cladobranchia,Aeolidioidea,Facelinidae,,,Hermissenda,,,Josef Point,49.1287,-123.7029,,open,60,56,opalescent nudibranch,Hermissenda crassicornis,495552,9
Enteroctopus dofleini,Animalia,Mollusca,,,Cephalopoda,Coleoidea,Octopodiformes,Octopoda,Incirrata,Octopodoidea,Enteroctopodidae,,,Enteroctopus,,,Josef Point,49.1287,-123.7029,,open,60,56,giant Pacific octopus,Enteroctopus dofleini,48863,4
Caprella alaskana,Animalia,Arthropoda,Crustacea,Multicrustacea,Malacostraca,Eumalacostraca,Peracarida,Amphipoda,Senticaudata,Caprelloidea,Caprellidae,Caprellinae,,Caprella,,,Josef Point,49.1287,-123.7029,,open,60,56,Alaskan skeleton shrimp,Caprella alaskana,508889,4
Petrolisthes sp.,Animalia,Arthropoda,Crustacea,Multicrustacea,Malacostraca,Eumalacostraca,Eucarida,Decapoda,Pleocyemata,Galatheoidea,Porcellanidae,,,Petrolisthes,,,Josef Point,49.1287,-123.7029,,open,60,56,porcelain crab,Petrolisthes,47804,1
Oedignathus inermis,Animalia,Arthropoda,Crustacea,Multicrustacea,Malacostraca,Eumalacostraca,Eucarida,Decapoda,Pleocyemata,Lithodoidea,Lithodidae,,,Oedignathus,,,Josef Point,49.1287,-123.7029,,open,60,56,granular claw crab,Oedignathus inermis,194566,11
Elassochirus tenuimanus,Animalia,Arthropoda,Crustacea,Multicrustacea,Malacostraca,Eumalacostraca,Eucarida,Decapoda,Pleocyemata,Paguroidea,Paguridae,,,Elassochirus,,,Josef Point,49.1287,-123.7029,,open,60,56,widehand hermit,Elassochirus tenuimanus,459569,5
Styela gibbsii,Animalia,Chordata,Tunicata,,Ascidiacea,,,Stolidobranchia,,,Styelidae,,,Styela,,,Josef Point,49.1287,-123.7029,,open,60,56,brown tunicate,Styela gibbsii,521988,7
Perophora annectens,Animalia,Chordata,Tunicata,,Ascidiacea,,,Phlebobranchia,,,Perophoridae,,,Perophora,,,Josef Point,49.1287,-123.7029,,open,60,56,yellow social tunicate,Perophora annectens,372665,7
Pycnoclavella stanleyi,Animalia,Chordata,Tunicata,,Ascidiacea,,,Aplousobranchia,,,Clavelinidae,,,Pycnoclavella,,,Josef Point,49.1287,-123.7029,,open,60,56,yellow social ascidian,Pycnoclavella stanleyi,424274,16
Anoplarchus purpurescens,Animalia,Chordata,Vertebrata,,Actinopterygii,,,Perciformes,,,Stichaeidae,Xiphisterinae,,Anoplarchus,,orange,Josef Point,49.1287,-123.7029,,open,60,56,high cockscomb,Anoplarchus purpurescens,67316,1
Radulinus taylori,Animalia,Chordata,Vertebrata,,Actinopterygii,,,Scorpaeniformes,,,Cottidae,,,Asemichthys,,,Josef Point,49.1287,-123.7029,,open,60,56,spinynose sculpin,Asemichthys taylori,172639,5
Ulva spp. / U. lactuca,Plantae,Chlorophyta,,,Ulvophyceae,,,Ulvales,,,Ulvaceae,,,Ulva,,,Josef Point,49.1287,-123.7029,,open,103,70,sea lettuces,Ulva,54644,33
Porphyra spp.,Plantae,Rhodophyta,,,Bangiophyceae,,,Bangiales,,,Bangiaceae,,,Porphyra,,,Josef Point,49.1287,-123.7029,,open,103,70,nori,Porphyra,123633,5
Clathromorphum etc.,Plantae,Rhodophyta,,,Florideophyceae,,,Corallinales,,,Corallinaceae,,,Clathromorphum,,,Josef Point,49.1287,-123.7029,,open,103,70,crustose corallines,Clathromorphum,326286,40
Semisuberites cribrosa,Animalia,Porifera,,,Demospongiae,Heteroscleromorpha,,Poecilosclerida,,,Esperiopsidae,,,Semisuberites,,,Josef Point,49.1287,-123.7029,,open,103,70,funnel sponge,Semisuberites cribrosa,194571,1
Penares cortius,Animalia,Porifera,,,Demospongiae,Heteroscleromorpha,,Tetractinellida,Astrophorina,,Ancorinidae,,,Penares,,,Josef Point,49.1287,-123.7029,,open,103,70,spotted gray sponge,Penares cortius,424724,1
Pinauay crocea,Animalia,Cnidaria,,,Hydrozoa,Hydroidolina,,Anthoathecata,Aplanulata,,Tubulariidae,,,Ectopleura,,,Josef Point,49.1287,-123.7029,,open,103,70,bushy pink-mouth hydroid,Ectopleura crocea,324497,18
Hydractinia sp. (H. aggregata?),Animalia,Cnidaria,,,Hydrozoa,Hydroidolina,,Anthoathecata,Filifera,,Hydractiniidae,,,Hydractinia,,,Josef Point,49.1287,-123.7029,,open,103,70,snail fur hydroid,Hydractinia,203798,4
Lafoea dumosa,Animalia,Cnidaria,,,Hydrozoa,Hydroidolina,,Leptothecata,,,Lafoeidae,,,Lafoea,,,Josef Point,49.1287,-123.7029,,open,103,70,muff hydroid,Lafoea dumosa,423721,11
Abietinaria spp.,Animalia,Cnidaria,,,Hydrozoa,Hydroidolina,,Leptothecata,,Sertularioidea,Sertulariidae,,,Abietinaria,,,Josef Point,49.1287,-123.7029,,open,103,70,coarse sea fir hydroids,Abietinaria,55322,22
Pileolaria spp.,Animalia,Annelida,,,Polychaeta,Sedentaria,,Sabellida,,,Serpulidae,Spirorbinae,,Pileolaria,,,Josef Point,49.1287,-123.7029,,open,103,70,dwarf calcareous worm,Pileolaria,533325,17
Lepidozona mertensii,Animalia,Mollusca,,,Polyplacophora,Neoloricata,,Chitonida,Chitonina,Chitonoidea,Ischnochitonidae,,,Lepidozona,,,Josef Point,49.1287,-123.7029,,open,103,70,Merten's chiton,Lepidozona mertensii,117621,28
Mopalia sp.,Animalia,Mollusca,,,Polyplacophora,Neoloricata,,Chitonida,Acanthochitonina,Mopalioidea,Mopaliidae,,,Mopalia,,"large, many colours",Josef Point,49.1287,-123.7029,,open,103,70,mossy or hairy chiton,Mopalia,47630,10
Trichotropsis cancellata,Animalia,Mollusca,,,Gastropoda,Caenogastropoda,,Littorinimorpha,,Capuloidea,Capulidae,,,Trichotropis,,,Josef Point,49.1287,-123.7029,,open,103,70,checkered hairysnail,Trichotropis cancellata,447177,1
Acanthodoris nanaimoensis,Animalia,Mollusca,,,Gastropoda,Heterobranchia,Nudipleura,Nudibranchia,Doridina,Onchidoridoidea,Onchidorididae,,,Acanthodoris,,,Josef Point,49.1287,-123.7029,,open,103,70,Nanaimo nudibranch,Acanthodoris nanaimoensis,47476,13
Dirona albolineata,Animalia,Mollusca,,,Gastropoda,Heterobranchia,Nudipleura,Nudibranchia,Cladobranchia,Proctonotoidea,Dironidae,,,Dirona,,,Josef Point,49.1287,-123.7029,,open,103,70,frosted nudibranch,Dirona albolineata,47477,21
Flabellina trilineata,Animalia,Mollusca,,,Gastropoda,Heterobranchia,Nudipleura,Nudibranchia,Cladobranchia,Fionoidea,Flabellinidae,,,Orienthella,,,Josef Point,49.1287,-123.7029,,open,103,70,three-lined nudibranch,Orienthella trilineata,764704,15
Orthopagurus minimus,Animalia,Arthropoda,Crustacea,Multicrustacea,Malacostraca,Eumalacostraca,Eucarida,Decapoda,Pleocyemata,Paguroidea,Paguridae,,,Orthopagurus,,,Josef Point,49.1287,-123.7029,,open,103,70,toothshell hermit,Orthopagurus minimus,459629,1
Chirolophis decoratus,Animalia,Chordata,Vertebrata,,Actinopterygii,,,Perciformes,,,Stichaeidae,Chirolophinae,,Chirolophis,,small in empty barnacle,Josef Point,49.1287,-123.7029,,open,103,70,decorated warbonnet,Chirolophis decoratus,216742,4
Codium setchellii,Plantae,Chlorophyta,,,Ulvophyceae,,,Bryopsidales,,,Codiaceae,,,Codium,,,Josef Point,49.1287,-123.7029,,open,71,65,spongy cushion,Codium setchellii,117776,6
Pterygophora californica,Chromista,Ochrophyta,,,Phaeophyceae,,,Laminariales,,,Alariaceae,,,Pterygophora,,,Josef Point,49.1287,-123.7029,,open,71,65,old growth kelp,Pterygophora californica,124146,24
Chondracanthus exasperatus,Plantae,Rhodophyta,,,Florideophyceae,,,Gigartinales,,,Gigartinaceae,,,Chondracanthus,,,Josef Point,49.1287,-123.7029,,open,71,65,Turkish towel,Chondracanthus exasperatus,127153,16
Mazzaella splendens,Plantae,Rhodophyta,,,Florideophyceae,,,Gigartinales,,,Gigartinaceae,,,Mazzaella,,,Josef Point,49.1287,-123.7029,,open,71,65,iridescent seaweed,Mazzaella splendens,71118,11
Orthopyxis sp.,Animalia,Cnidaria,,,Hydrozoa,Hydroidolina,,Leptothecata,,,Campanulariidae,,,Orthopyxis,,,Josef Point,49.1287,-123.7029,,open,71,65,spider web hydroid,Orthopyxis,500952,14
Similiclava nivea,Animalia,Cnidaria,,,Hydrozoa,Hydroidolina,,Anthoathecata,Filifera,,Similiclavidae,,,Similiclava,,,Josef Point,49.1287,-123.7029,,open,71,65,white hydroid,Similiclava nivea,873890,26
Acanthodoris hudsoni,Animalia,Mollusca,,,Gastropoda,Heterobranchia,Nudipleura,Nudibranchia,Doridina,Onchidoridoidea,Onchidorididae,,,Acanthodoris,,,Josef Point,49.1287,-123.7029,,open,71,65,Hudson's dorid,Acanthodoris hudsoni,48447,13
Limacia cockerelli,Animalia,Mollusca,,,Gastropoda,Heterobranchia,Nudipleura,Nudibranchia,Doridina,Polyceroidea,Polyceridae,Triophinae,,Limacia,,,Josef Point,49.1287,-123.7029,,open,71,65,Cockerell's nudibranch,Limacia cockerelli,538830,1
Doris montereyensis,Animalia,Mollusca,,,Gastropoda,Heterobranchia,Nudipleura,Nudibranchia,Doridina,Doridoidea,Dorididae,,,Doris,,,Josef Point,49.1287,-123.7029,,open,71,65,Monterey sea lemon,Doris montereyensis,47469,10
Diaulula odonoghuei,Animalia,Mollusca,,,Gastropoda,Heterobranchia,Nudipleura,Nudibranchia,Doridina,Doridoidea,Discodorididae,,,Diaulula,,,Josef Point,49.1287,-123.7029,,open,71,65,spotted leopard dorid,Diaulula odonoghuei,508237,9
Dirona pellucida,Animalia,Mollusca,,,Gastropoda,Heterobranchia,Nudipleura,Nudibranchia,Cladobranchia,Proctonotoidea,Dironidae,,,Dirona,,,Josef Point,49.1287,-123.7029,,open,71,65,golden dirona,Dirona pellucida,50447,1
Bankia setacea,Animalia,Mollusca,,,Bivalvia,Heterodonta,Imparidentia,Myida,,Pholadoidea,Teredinidae,Bankiinae,,Bankia,,log,Josef Point,49.1287,-123.7029,,open,71,65,feathery shipworm,Bankia setacea,347368,2
Semibalanus cariosus,Animalia,Arthropoda,Crustacea,Multicrustacea,Hexanauplia,Thecostraca,Thoracica,Sessilia,Balanomorpha,Balanoidea,Archaeobalanidae,,,Semibalanus,,,Josef Point,49.1287,-123.7029,,open,71,65,thatched acorn barnacle,Semibalanus cariosus,47658,1
Hapalogaster mertensii,Animalia,Arthropoda,Crustacea,Multicrustacea,Malacostraca,Eumalacostraca,Eucarida,Decapoda,Pleocyemata,Lithodoidea,Lithodidae,,,Hapalogaster,,,Josef Point,49.1287,-123.7029,,open,71,65,hairy crab,Hapalogaster mertensii,51635,5
Pachycheles rudis,Animalia,Arthropoda,Crustacea,Multicrustacea,Malacostraca,Eumalacostraca,Eucarida,Decapoda,Pleocyemata,Galatheoidea,Porcellanidae,,,Pachycheles,,,Josef Point,49.1287,-123.7029,,open,71,65,thickclaw porcelain crab,Pachycheles rudis,53621,1
Pugettia producta,Animalia,Arthropoda,Crustacea,Multicrustacea,Malacostraca,Eumalacostraca,Eucarida,Decapoda,Pleocyemata,Majoidea,Epialtidae,,,Pugettia,,,Josef Point,49.1287,-123.7029,,open,71,65,northern kelp crab,Pugettia producta,49723,7
Phoca vitulina,Animalia,Chordata,Vertebrata,,Mammalia,Theria,Laurasiatheria,Carnivora,Pinnipedia,,Phocidae,,,Phoca,,,Josef Point,49.1287,-123.7029,,open,71,65,harbour seal,Phoca vitulina,41708,1
Eumetopias jubatus,Animalia,Chordata,Vertebrata,,Mammalia,Theria,Laurasiatheria,Carnivora,Pinnipedia,,Otariidae,,,Eumetopias,,several,Josef Point,49.1287,-123.7029,,open,71,65,Steller sea lion,Eumetopias jubatus,41755,1
Neoagarum fimbriatum,Chromista,Ochrophyta,,,Phaeophyceae,,,Laminariales,,,Agaraceae,,,Neoagarum,,,Kendrick Island,49.12667,-123.69167,,open,55,30,fringed sea colander kelp,Neoagarum fimbriatum,895193,24
Sycon spp.,Animalia,Porifera,,,Calcarea,Calcaronea,,Leucosolenida,,,Sycettidae,,,Sycon,,,Kendrick Island,49.12667,-123.69167,,open,55,30,tiny vase sponges,Sycon,347738,3
Tomopteris pacifica,Animalia,Annelida,,,Polychaeta,Errantia,,Phyllodocida,,,Tomopteridae,,,Tomopteris,,,Kendrick Island,49.12667,-123.69167,,open,55,30,tailed Pacific transparent-worm,Tomopteris pacifica,693689,1
Neotrypaea californiensis,Animalia,Arthropoda,Crustacea,Multicrustacea,Malacostraca,Eumalacostraca,Eucarida,Decapoda,Pleocyemata,,Callianassidae,,,Neotrypaea,,? - mounds,Kendrick Island,49.12667,-123.69167,,open,55,30,bay ghost shrimp,Neotrypaea californiensis,56659,1
Upogebia pugettensis,Animalia,Arthropoda,Crustacea,Multicrustacea,Malacostraca,Eumalacostraca,Eucarida,Decapoda,Pleocyemata,,Upogebiidae,,,Upogebia,,? - mounds,Kendrick Island,49.12667,-123.69167,,open,55,30,blue mud shrimp,Upogebia pugettensis,117662,1
Botrylloides violaceus,Animalia,Chordata,Tunicata,,Ascidiacea,,,Stolidobranchia,,,Styelidae,,,Botrylloides,,,Kendrick Island,49.12667,-123.69167,,open,55,30,lined compound ascidian,Botrylloides violaceus,81776,2
Desmarestia ligulata,Chromista,Ochrophyta,,,Phaeophyceae,,,Desmarestiales,,,Desmarestiaceae,,,Desmarestia,,,Josef Point,49.1287,-123.7029,,open,68,64,broad acid weed,Desmarestia ligulata,328357,8
Alaria marginata,Chromista,Ochrophyta,,,Phaeophyceae,,,Laminariales,,,Alariaceae,,,Alaria,,,Josef Point,49.1287,-123.7029,,open,68,64,winged kelp,Alaria marginata,124814,19
Halichondria bowerbanki,Animalia,Porifera,,,Demospongiae,Heteroscleromorpha,,Suberitida,,,Halichondriidae,,,Halichondria,,? bright yellow encrusting volcano,Josef Point,49.1287,-123.7029,,open,68,64,Bowerbank's crumb of bread sponge,Halichondria bowerbanki,120498,10
Lirabuccinum dirum,Animalia,Mollusca,,,Gastropoda,Caenogastropoda,,Neogastropoda,,Buccinoidea,Buccinidae,,,Lirabuccinum,,,Josef Point,49.1287,-123.7029,,open,68,64,dire whelk,Lirabuccinum dirum,117642,3
Flabellina verrucosa,Animalia,Mollusca,,,Gastropoda,Heterobranchia,Nudipleura,Nudibranchia,Cladobranchia,Fionoidea,Coryphellidae,,,Coryphella,,,Josef Point,49.1287,-123.7029,,open,68,64,red-gilled nudibranch,Coryphella verrucosa,633193,13
Ophiura luetkenii,Animalia,Echinodermata,Asterozoa,,Ophiuroidea,Myophiuroidea,Euryophiurida,Ophiurida,Ophiurina,,Ophiuridae,Ophiurinae,,Ophiura,,,Josef Point,49.1287,-123.7029,,open,68,64,gray brittle star,Ophiura luetkenii,255865,14
Cystodytes lobatus,Animalia,Chordata,Tunicata,,Ascidiacea,,,Aplousobranchia,,,Polycitoridae,,,Cystodytes,,,Josef Point,49.1287,-123.7029,,open,68,64,lobed compound tunicate,Cystodytes lobatus,339197,9
Pholis sp.,Animalia,Chordata,Vertebrata,,Actinopterygii,,,Perciformes,,,Pholidae,,,Pholis,,very bright red!,Josef Point,49.1287,-123.7029,,open,68,64,gunnel,Pholis,62608,1
Mytilus trossulus,Animalia,Mollusca,,,Bivalvia,Pteriomorphia,,Mytilida,,Mytiloidea,Mytilidae,Mytilinae,,Mytilus,,on woody kelps,Josef Point,49.1287,-123.7029,,open,96,71,Pacific blue mussel,Mytilus trossulus,130239,10
Lottia pelta,Animalia,Mollusca,,,Gastropoda,Patellogastropoda,,,,Lottioidea,Lottiidae,,,Lottia,,,Josef Point,49.1287,-123.7029,,open,96,71,shield limpet,Lottia pelta,63243,1
Pholis laeta,Animalia,Chordata,Vertebrata,,Actinopterygii,,,Perciformes,,,Pholidae,,,Pholis,,red,Josef Point,49.1287,-123.7029,,open,96,71,crescent gunnel,Pholis laeta,67362,4
Zostera marina,Plantae,Tracheophyta,Angiospermae,,Liliopsida,,,Alismatales,,,Zosteraceae,,,Zostera,,,Josef Point,49.1287,-123.7029,,open,76,68,eelgrass,Zostera marina,52614,4
Hildenbrandia spp.,Plantae,Rhodophyta,,,Florideophyceae,,,Hildenbrandiales,,,Hildenbrandiaceae,,,Hildenbrandia,,,Josef Point,49.1287,-123.7029,,open,76,68,red rock crust,Hildenbrandia,68615,33
"Bossiella, Calliarthron, Corallina, Serraticardia",Plantae,Rhodophyta,,,Florideophyceae,,,Corallinales,,,Corallinaceae,Corallinoideae,,,,,Josef Point,49.1287,-123.7029,,open,76,68,articulated coralline algae,Corallinoideae,840800,6
Metridium farcimen,Animalia,Cnidaria,,,Anthozoa,Hexacorallia,,Actiniaria,Enthemonae,Metridioidea,Metridiidae,,,Metridium,,,Josef Point,49.1287,-123.7029,,open,76,68,giant plumose anemone,Metridium farcimen,51812,36
Phidolopora pacifica,Animalia,Bryozoa,,,Gymnolaemata,,,Cheilostomatida,Flustrina,Celleporoidea,Phidoloporidae,,,Phidolopora,,,Josef Point,49.1287,-123.7029,,open,76,68,lattice-work bryozoan,Phidolopora pacifica,51796,2
Hippodiplosia insculpta,Animalia,Bryozoa,,,Gymnolaemata,,,Cheilostomatida,Flustrina,Schizoporelloidea,Pacificincolidae,,,Primavelans,,,Josef Point,49.1287,-123.7029,,open,76,68,fluted bryozoan,Primavelans insculpta,429861,11
Zirfaea pilsbryi,Animalia,Mollusca,,,Bivalvia,Heterodonta,Imparidentia,Myida,,Pholadoidea,Pholadidae,Pholadinae,,Zirfaea,,"sandstone, holes",Josef Point,49.1287,-123.7029,,open,76,68,rough piddock,Zirfaea pilsbryi,117472,2
Lophopanopeus bellus,Animalia,Arthropoda,Crustacea,Multicrustacea,Malacostraca,Eumalacostraca,Eucarida,Decapoda,Pleocyemata,Xanthoidea,Panopeidae,,,Lophopanopeus,,,Josef Point,49.1287,-123.7029,,open,76,68,black-clawed crab,Lophopanopeus bellus,50818,1
Eudistoma molle,Animalia,Chordata,Tunicata,,Ascidiacea,,,Aplousobranchia,,,Polycitoridae,,,Eudistoma,,,Josef Point,49.1287,-123.7029,,open,76,68,red-dotted compound tunicate,Eudistoma molle,448127,2
Didemnum carnulentum,Animalia,Chordata,Tunicata,,Ascidiacea,,,Aplousobranchia,,,Didemnidae,,,Didemnum,,,Josef Point,49.1287,-123.7029,,open,76,68,Pacific white crust,Didemnum carnulentum,344918,2
Lessoniopsis littoralis,Chromista,Ochrophyta,,,Phaeophyceae,,,Laminariales,,,Lessoniaceae,,,Lessoniopsis,,,Josef Point,49.1287,-123.7029,,open,82,60,strap kelp,Lessoniopsis littoralis,464963,2
Desmarestia viridis,Chromista,Ochrophyta,,,Phaeophyceae,,,Desmarestiales,,,Desmarestiaceae,,,Desmarestia,,,Josef Point,49.1287,-123.7029,,open,82,60,stringy acid weed,Desmarestia viridis,182892,2
Myxilla incrustans,Animalia,Porifera,,,Demospongiae,Heteroscleromorpha,,Poecilosclerida,,,Myxillidae,,,Myxilla,,,Josef Point,49.1287,-123.7029,,open,82,60,rough scallop sponge,Myxilla incrustans,256019,11
Mycale adhaerens,Animalia,Porifera,,,Demospongiae,Heteroscleromorpha,,Poecilosclerida,,,Mycalidae,,,Mycale,,,Josef Point,49.1287,-123.7029,,open,82,60,smooth scallop sponge,Mycale adhaerens,256010,7
Beroe spp.,Animalia,Ctenophora,,,Nuda,,,Beroida,,,Beroidae,,,Beroe,,"large, some",Josef Point,49.1287,-123.7029,,open,82,60,transluscent comb jelly,Beroe,51507,1
Apostichopus leukothele,Animalia,Echinodermata,Echinozoa,,Holothuroidea,,,Synallactida,,,Stichopodidae,,,Apostichopus,,,Josef Point,49.1287,-123.7029,,open,82,60,giant orange sea cucumber,Apostichopus leukothele,432809,2
Hydrallmania franciscana,Animalia,Cnidaria,,,Hydrozoa,Hydroidolina,,Leptothecata,,Sertularioidea,Sertulariidae,,,Hydrallmania,,,Blackberry Point Reef,49.055777,-123.657959,,open,63,23,loose spiral hydroid,Hydrallmania franciscana,873899,2
Bolinopsis infundibulum,Animalia,Ctenophora,,,Tentaculata,,,Lobata,,,Bolinopsidae,,,Bolinopsis,,,Blackberry Point Reef,49.055777,-123.657959,,open,63,23,lobed sea gooseberry,Bolinopsis infundibulum,492705,6
Diopatra ornata,Animalia,Annelida,,,Polychaeta,Errantia,,Eunicida,,,Onuphidae,,,Diopatra,,,Blackberry Point Reef,49.055777,-123.657959,,open,63,23,ornate tubeworm,Diopatra ornata,339286,1
Chone aurantiaca,Animalia,Annelida,,,Polychaeta,Sedentaria,,Sabellida,,,Sabellidae,,,Chone,,,Blackberry Point Reef,49.055777,-123.657959,,open,63,23,orange feather-duster,Chone aurantiaca,356415,3
Onchidoris bilamellata,Animalia,Mollusca,,,Gastropoda,Heterobranchia,Nudipleura,Nudibranchia,Doridina,Onchidoridoidea,Onchidorididae,,,Onchidoris,,and eggs,Blackberry Point Reef,49.055777,-123.657959,,open,63,23,barnacle-eating nudibranch,Onchidoris bilamellata,47480,4
Cancer magister,Animalia,Arthropoda,Crustacea,Multicrustacea,Malacostraca,Eumalacostraca,Eucarida,Decapoda,Pleocyemata,Cancroidea,Cancridae,,,Metacarcinus,,,Blackberry Point Reef,49.055777,-123.657959,,open,63,23,Dungeness crab,Metacarcinus magister,63697,3
Chionoecetes bairdi,Animalia,Arthropoda,Crustacea,Multicrustacea,Malacostraca,Eumalacostraca,Eucarida,Decapoda,Pleocyemata,Majoidea,Oregoniidae,,,Chionoecetes,,covered with barnacles,Blackberry Point Reef,49.055777,-123.657959,,open,63,23,tanner crab,Chionoecetes bairdi,359388,2
Liparis sp.,Animalia,Chordata,Vertebrata,,Actinopterygii,,,Scorpaeniformes,,,Liparidae,,,Liparis,,"Liparis florae, tiny yellow",Blackberry Point Reef,49.055777,-123.657959,,open,63,23,snailfish,Liparis,157721,2
Odontopyxis trispinosa,Animalia,Chordata,Vertebrata,,Actinopterygii,,,Scorpaeniformes,,,Agonidae,Bathyagoninae,,Odontopyxis,,,Blackberry Point Reef,49.055777,-123.657959,,open,63,23,pygmy poacher,Odontopyxis trispinosa,226210,2
Citharichthys stigmaeus,Animalia,Chordata,Vertebrata,,Actinopterygii,,,Pleuronectiformes,,,Paralichthyidae,,,Citharichthys,,various sizes,Blackberry Point Reef,49.055777,-123.657959,,open,63,23,speckled sanddab,Citharichthys stigmaeus,117542,2
Lepidopsetta bilineata,Animalia,Chordata,Vertebrata,,Actinopterygii,,,Pleuronectiformes,,,Pleuronectidae,Pleuronectinae,,Lepidopsetta,,juv,Blackberry Point Reef,49.055777,-123.657959,,open,63,23,rock sole,Lepidopsetta bilineata,183018,2
Sarcodiotheca gaudichaudii,Plantae,Rhodophyta,,,Florideophyceae,,,Gigartinales,,,Solieriaceae,,,Sarcodiotheca,,,Cardale Point,49.01585,-123.611406,,open,64,39,succulent seaweed,Sarcodiotheca gaudichaudii,327099,8
Virgularia sp.,Animalia,Cnidaria,,,Anthozoa,Octocorallia,,Pennatulacea,Subsessiliflorae,,Virgulariidae,,,Virgularia,,,Cardale Point,49.01585,-123.611406,,open,64,39,white sea pen,Virgularia,195571,2
Chaeopterus species complex,Animalia,Annelida,,,Polychaeta,Sedentaria,,Spionida,,,Chaetopteridae,,,Chaetopterus,,,Cardale Point,49.01585,-123.611406,,open,64,39,U-shaped parchment tubeworm,Chaetopterus,171303,1
Modiolus rectus,Animalia,Mollusca,,,Bivalvia,Pteriomorphia,,Mytilida,,Mytiloidea,Mytilidae,Modiolinae,,Modiolus,,shells,Cardale Point,49.01585,-123.611406,,open,64,39,straight horsemussel,Modiolus rectus,196218,1
Clinocardium nuttalli,Animalia,Mollusca,,,Bivalvia,Heterodonta,Imparidentia,Cardiida,,Cardioidea,Cardiidae,Clinocardiinae,,Clinocardium,,,Cardale Point,49.01585,-123.611406,,open,64,39,Nuttall's cockle,Clinocardium nuttalli,874034,3
Phyllaplysia taylori,Animalia,Mollusca,,,Gastropoda,Heterobranchia,,Aplysiida,,Aplysioidea,Aplysiidae,,,Phyllaplysia,,,Cardale Point,49.01585,-123.611406,,open,64,39,zebra leafslug,Phyllaplysia taylori,49864,1
Hippolyte clarki,Animalia,Arthropoda,Crustacea,Multicrustacea,Malacostraca,Eumalacostraca,Eucarida,Decapoda,Pleocyemata,Alpheoidea,Hippolytidae,,,Hippolyte,,,Cardale Point,49.01585,-123.611406,,open,64,39,grass shrimp,Hippolyte clarki,179835,1
Lumpenus sagitta,Animalia,Chordata,Vertebrata,,Actinopterygii,,,Perciformes,,,Stichaeidae,Lumpeninae,,Lumpenus,,,Cardale Point,49.01585,-123.611406,,open,64,39,snake prickleback,Lumpenus sagitta,224164,3
Hexagrammos stelleri,Animalia,Chordata,Vertebrata,,Actinopterygii,,,Scorpaeniformes,,,Hexagrammidae,Hexagramminae,,Hexagrammos,,juvs,Cardale Point,49.01585,-123.611406,,open,64,39,whitespotted greenling,Hexagrammos stelleri,186849,3
Triglops pingelii,Animalia,Chordata,Vertebrata,,Actinopterygii,,,Scorpaeniformes,,,Cottidae,,,Triglops,,,Cardale Point,49.01585,-123.611406,,open,64,39,ribbed sculpin,Triglops pingelii,232947,1
Hymenena spp.,Plantae,Rhodophyta,,,Florideophyceae,,,Ceramiales,,,Delesseriaceae,,Cryptopleureae,Hymenena,,small,Noel Bay Reefs,49.04,-123.595,,open,102,50,black-lined red seaweed,Hymenena,339066,9
Opuntiella californica,Plantae,Rhodophyta,,,Florideophyceae,,,Gigartinales,,,Areschougiaceae,,,Opuntiella,,,Noel Bay Reefs,49.04,-123.595,,open,102,50,prickly pear seaweed,Opuntiella californica,349218,3
Stomphia didemon,Animalia,Cnidaria,,,Anthozoa,Hexacorallia,,Actiniaria,Enthemonae,Actinostoloidea,Actinostolidae,,,Stomphia,,,Noel Bay Reefs,49.04,-123.595,,open,102,50,swimming anemone,Stomphia didemon,501276,1
Thuiaria spp.,Animalia,Cnidaria,,,Hydrozoa,Hydroidolina,,Leptothecata,,Sertularioidea,Sertulariidae,,,Thuiaria,,"short, nice collonies",Noel Bay Reefs,49.04,-123.595,,open,102,50,embedded sea fir hydroids,Thuiaria,514521,8
Nanomia bijuga,Animalia,Cnidaria,,,Hydrozoa,Hydroidolina,,Siphonophorae,Physonectae,,Agalmatidae,,,Nanomia,,,Noel Bay Reefs,49.04,-123.595,,open,102,50,tailed jelly,Nanomia bijuga,506580,1
Arctonoe fragilis,Animalia,Annelida,,,Polychaeta,Errantia,,Phyllodocida,Aphroditiformia,,Polynoidae,,,Arctonoe,,on Orthasterias,Noel Bay Reefs,49.04,-123.595,,open,102,50,fragile ruffled scaleworm,Arctonoe fragilis,69914,3
Dendrobeania lichenoides,Animalia,Bryozoa,,,Gymnolaemata,,,Cheilostomatida,Flustrina,Buguloidea,Bugulidae,,,Dendrobeania,,,Noel Bay Reefs,49.04,-123.595,,open,102,50,leaf crust bryozoan,Dendrobeania lichenoides,339213,3
Heteropora alaskensis,Animalia,Bryozoa,,,Stenolaemata,,,Cyclostomatida,Cerioporina,,Heteroporidae,,,Heteropora,,tiny,Noel Bay Reefs,49.04,-123.595,,open,102,50,delicate staghorn bryozoan,Heteropora alaskensis,873902,3
Gari californica,Animalia,Mollusca,,,Bivalvia,Heterodonta,Imparidentia,Cardiida,,Tellinoidea,Psammobiidae,,,Gari,,shells,Noel Bay Reefs,49.04,-123.595,,open,102,50,California sunsetclam,Gari californica,354323,3
Humilaria kennerleyi,Animalia,Mollusca,,,Bivalvia,Heterodonta,Imparidentia,Venerida,,Veneroidea,Veneridae,,,Humilaria,,shells,Noel Bay Reefs,49.04,-123.595,,open,102,50,Kennerley's venus,Humilaria kennerleyi,873901,6
Fusitriton oregonensis,Animalia,Mollusca,,,Gastropoda,Caenogastropoda,,Littorinimorpha,,Tonnoidea,Ranellidae,,,Fusitriton,,some aggregating to spawn,Noel Bay Reefs,49.04,-123.595,,open,102,50,Oregon triton,Fusitriton oregonensis,448389,6
Doris odhneri,Animalia,Mollusca,,,Gastropoda,Heterobranchia,Nudipleura,Nudibranchia,Doridina,Doridoidea,Dorididae,,,Doris,,,Noel Bay Reefs,49.04,-123.595,,open,102,50,white nudibranch,Doris odhneri,124210,4
Cadlina modesta,Animalia,Mollusca,,,Gastropoda,Heterobranchia,Nudipleura,Nudibranchia,Doridina,Doridoidea,Cadlinidae,,,Cadlina,,tiny,Noel Bay Reefs,49.04,-123.595,,open,102,50,modest cadlina,Cadlina modesta,47400,1
Tritonia festiva,Animalia,Mollusca,,,Gastropoda,Heterobranchia,Nudipleura,Nudibranchia,Cladobranchia,Tritonioidea,Tritoniidae,,,Tritonia,,large,Noel Bay Reefs,49.04,-123.595,,open,102,50,diamondback nudibranch,Tritonia festiva,48827,8
Dendronotus albus,Animalia,Mollusca,,,Gastropoda,Heterobranchia,Nudipleura,Nudibranchia,Cladobranchia,Dendronotoidea,Dendronotidae,,,Dendronotus,,very tiny on Thiuaria,Noel Bay Reefs,49.04,-123.595,,open,102,50,multicolor/ white dendronotid,Dendronotus albus,47773,7
Solaster endeca,Animalia,Echinodermata,Asterozoa,,Asteroidea,,Valvatacea,Valvatida,,,Solasteridae,,,Solaster,,,Noel Bay Reefs,49.04,-123.595,,open,102,50,northern sun star,Solaster endeca,371725,1
Corella inflata,Animalia,Chordata,Tunicata,,Ascidiacea,,,Phlebobranchia,,,Corellidae,,,Corella,,,Noel Bay Reefs,49.04,-123.595,,open,102,50,brooding transparent tunicate,Corella inflata,347987,2
Pholis clemensi,Animalia,Chordata,Vertebrata,,Actinopterygii,,,Perciformes,,,Pholidae,,,Pholis,,dull,Noel Bay Reefs,49.04,-123.595,,open,102,50,longfin gunnel,Pholis clemensi,67405,2
Sebastes emphaeus,Animalia,Chordata,Vertebrata,,Actinopterygii,,,Scorpaeniformes,,,Sebastidae,Sebastinae,,Sebastes,,,Noel Bay Reefs,49.04,-123.595,,open,102,50,Puget Sound rockfish,Sebastes emphaeus,64468,15
Artedius sp.,Animalia,Chordata,Vertebrata,,Actinopterygii,,,Scorpaeniformes,,,Cottidae,,,Artedius,,"tiny, perhaps meanyi",Noel Bay Reefs,49.04,-123.595,,open,102,50,sculpin,Artedius,86650,2
Costaria costata,Chromista,Ochrophyta,,,Phaeophyceae,,,Laminariales,,,Laminariaceae,,,Costaria,,,wreck of the Del Norte,49.03,-123.58667,,open,81,60,seersucker kelp,Costaria costata,125877,8
Cystoseira geminata,Chromista,Ochrophyta,,,Phaeophyceae,,,Fucales,,,Cystoseiraceae,,,Cystoseira,,very nice field,wreck of the Del Norte,49.03,-123.58667,,open,81,60,northern bladder chain,Cystoseira geminata,429954,5
Desmarestia aculeata,Chromista,Ochrophyta,,,Phaeophyceae,,,Desmarestiales,,,Desmarestiaceae,,,Desmarestia,,,wreck of the Del Norte,49.03,-123.58667,,open,81,60,wiry acid weed,Desmarestia aculeata,182896,2
Palmaria callophylloides,Plantae,Rhodophyta,,,Florideophyceae,,,Palmariales,,,Palmariaceae,,,Palmaria,,,wreck of the Del Norte,49.03,-123.58667,,open,81,60,Callophyllis-like dulse,Palmaria callophylloides,341794,3
Callophyllis spp.,Plantae,Rhodophyta,,,Florideophyceae,,,Gigartinales,,,Kallymeniaceae,,,Callophyllis,,,wreck of the Del Norte,49.03,-123.58667,,open,81,60,beautiful leaf seaweed,Callophyllis,183048,18
Cryptopleura ruprechtiana,Plantae,Rhodophyta,,,Florideophyceae,,,Ceramiales,,,Delesseriaceae,,Cryptopleureae,Cryptopleura,,,wreck of the Del Norte,49.03,-123.58667,,open,81,60,ruffled red seaweed,Cryptopleura ruprechtiana,327014,7
Laurencia spectabilis,Plantae,Rhodophyta,,,Florideophyceae,,,Ceramiales,,,Rhodomelaceae,,Laurencieae,Osmundea,,,wreck of the Del Norte,49.03,-123.58667,,open,81,60,sea laurel,Osmundea spectabilis,339015,3
Pterochondria woodii,Plantae,Rhodophyta,,,Florideophyceae,,,Ceramiales,,,Rhodomelaceae,,,Pterochondria,,,wreck of the Del Norte,49.03,-123.58667,,open,81,60,cartilage-wing seaweed,Pterochondria woodii,339016,3
Schizymenia pacifica,Plantae,Rhodophyta,,,Florideophyceae,,,Gigartinales,,,Schizymeniaceae,,,Schizymenia,,,wreck of the Del Norte,49.03,-123.58667,,open,81,60,slimy leaf,Schizymenia pacifica,339050,2
Polyneura latissima,Plantae,Rhodophyta,,,Florideophyceae,,,Ceramiales,,,Delesseriaceae,,,Polyneura,,,wreck of the Del Norte,49.03,-123.58667,,open,81,60,network red seaweed,Polyneura latissima,339014,2
Delesseria decipiens,Plantae,Rhodophyta,,,Florideophyceae,,,Ceramiales,,,Delesseriaceae,,,Cumathamnion,,,wreck of the Del Norte,49.03,-123.58667,,open,81,60,winged rib,Cumathamnion decipiens,496909,6
Membranoptera platyphylla,Plantae,Rhodophyta,,,Florideophyceae,,,Ceramiales,,,Delesseriaceae,Delesserioideae,,Membranoptera,,,wreck of the Del Norte,49.03,-123.58667,,open,81,60,feather-veined red seaweed,Membranoptera platyphylla,873897,5
Bonnemaisonia nootkana,Plantae,Rhodophyta,,,Florideophyceae,,,Bonnemaisoniales,,,Bonnemaisoniaceae,,,Bonnemaisonia,,,wreck of the Del Norte,49.03,-123.58667,,open,81,60,delicately-branched red seaweed,Bonnemaisonia nootkana,873866,3
Rhodoptilum plumosum,Plantae,Rhodophyta,,,Florideophyceae,,,Ceramiales,,,Dasyaceae,,,Rhodoptilum,,,wreck of the Del Norte,49.03,-123.58667,,open,81,60,plumose red braid,Rhodoptilum plumosum,446890,6
Gloiocladia laciniata,Plantae,Rhodophyta,,,Florideophyceae,,,Rhodymeniales,,,Faucheaceae,,,Gloiocladia,,,wreck of the Del Norte,49.03,-123.58667,,open,81,60,blue branching seaweed,Gloiocladia laciniata,429862,6
Fryeella gardneri,Plantae,Rhodophyta,,,Florideophyceae,,,Rhodymeniales,,,Fryeellaceae,,,Fryeella,,,wreck of the Del Norte,49.03,-123.58667,,open,81,60,arched red seaweed,Fryeella gardneri,500286,1
Griffithsia pacifica?,Plantae,Rhodophyta,,,Florideophyceae,,,Ceramiales,,,Ceramiaceae,,,Griffithsia,,,wreck of the Del Norte,49.03,-123.58667,,open,81,60,"seaweed C, orange-coloured red alga",Griffithsia pacifica,326993,10
Adocia sp.,Animalia,Porifera,,,Demospongiae,Heteroscleromorpha,,Haplosclerida,,,Chalinidae,,,Adocia,,,wreck of the Del Norte,49.03,-123.58667,,open,81,60,pale orange carpet sponge,Adocia,464717,15
Rhizocaulus verticillatus,Animalia,Cnidaria,,,Hydrozoa,Hydroidolina,,Leptothecata,,,Campanulariidae,,,Rhizocaulus,,,wreck of the Del Norte,49.03,-123.58667,,open,81,60,horse-tail hydroid,Rhizocaulus verticillatus,127158,8
Hydractinia sp. (H. laevispina?),Animalia,Cnidaria,,,Hydrozoa,Hydroidolina,,Anthoathecata,Filifera,,Hydractiniidae,,,Hydractinia,,,wreck of the Del Norte,49.03,-123.58667,,open,81,60,barnacle fur hydroid,Hydractinia,203798,2
Tubularia indivisa,Animalia,Cnidaria,,,Hydrozoa,Hydroidolina,,Anthoathecata,Aplanulata,,Tubulariidae,,,Tubularia,,,wreck of the Del Norte,49.03,-123.58667,,open,81,60,giant pink-mouth hydroid,Tubularia indivisa,461660,8
Thuiaria thuja,Animalia,Cnidaria,,,Hydrozoa,Hydroidolina,,Leptothecata,,Sertularioidea,Sertulariidae,,,Thuiaria,,,wreck of the Del Norte,49.03,-123.58667,,open,81,60,bottlebrush hydroid,Thuiaria thuja,873882,2
Arctonoe pulchra,Animalia,Annelida,,,Polychaeta,Errantia,,Phyllodocida,Aphroditiformia,,Polynoidae,,,Arctonoe,,on Dermasterias,wreck of the Del Norte,49.03,-123.58667,,open,81,60,red commensal scaleworm,Arctonoe pulchra,465156,2
Pseudochitinopoma occidentalis,Animalia,Annelida,,,Polychaeta,Sedentaria,,Sabellida,,,Serpulidae,,,Pseudochitinopoma,,,wreck of the Del Norte,49.03,-123.58667,,open,81,60,western calcareous tubeworm,Pseudochitinopoma occidentalis,538107,2
Parasabella media,Animalia,Annelida,,,Polychaeta,Sedentaria,,Sabellida,,,Sabellidae,,,Parasabella,,,wreck of the Del Norte,49.03,-123.58667,,open,81,60,parasol feather-duster,Parasabella media,367054,3
Eurystomella bilabiata,Animalia,Bryozoa,,,Gymnolaemata,,,Cheilostomatida,Flustrina,Catenicelloidea,Eurystomellidae,,,Integripelta,,orange and brown,wreck of the Del Norte,49.03,-123.58667,,open,81,60,derby hat bryozoan,Integripelta bilabiata,334556,2
Mopalia lignosa,Animalia,Mollusca,,,Polyplacophora,Neoloricata,,Chitonida,Acanthochitonina,Mopalioidea,Mopaliidae,,,Mopalia,,,wreck of the Del Norte,49.03,-123.58667,,open,81,60,woody chiton,Mopalia lignosa,51724,7
Mopalia swanii,Animalia,Mollusca,,,Polyplacophora,Neoloricata,,Chitonida,Acanthochitonina,Mopalioidea,Mopaliidae,,,Mopalia,,,wreck of the Del Norte,49.03,-123.58667,,open,81,60,Swan's mopalia,Mopalia swanii,339904,3
Chlamys hastata,Animalia,Mollusca,,,Bivalvia,Pteriomorphia,,Pectinida,,Pectinoidea,Pectinidae,Pedinae,Chlamydini,Chlamys,,,wreck of the Del Norte,49.03,-123.58667,,open,81,60,spiny pink scallop,Chlamys hastata,180013,14
Cryptobranchia concentrica,Animalia,Mollusca,,,Gastropoda,Patellogastropoda,,,,Lottioidea,Lepetidae,,,Cryptobranchia,,,wreck of the Del Norte,49.03,-123.58667,,open,81,60,ringed blind limpet,Cryptobranchia concentrica,541593,2
Calliostoma annulatum,Animalia,Mollusca,,,Gastropoda,Vetigastropoda,,Trochida,,Trochoidea,Calliostomatidae,,,Calliostoma,,,wreck of the Del Norte,49.03,-123.58667,,open,81,60,purple-ringed topsnail,Calliostoma annulatum,121181,1
Euspira lewisii,Animalia,Mollusca,,,Gastropoda,Caenogastropoda,,Littorinimorpha,,Naticoidea,Naticidae,,,Neverita,,shells,wreck of the Del Norte,49.03,-123.58667,,open,81,60,Lewis's moonsnail,Neverita lewisii,447427,8
Diaulula lentiginosa,Animalia,Mollusca,,,Gastropoda,Heterobranchia,Nudipleura,Nudibranchia,Doridina,Doridoidea,Discodorididae,,,Diaulula,,large,wreck of the Del Norte,49.03,-123.58667,,open,81,60,freckled pale sea lemon,Diaulula lentiginosa,513834,1
Janolus fuscus,Animalia,Mollusca,,,Gastropoda,Heterobranchia,Nudipleura,Nudibranchia,Cladobranchia,Proctonotoidea,Proctonotidae,,,Antiopella,,,wreck of the Del Norte,49.03,-123.58667,,open,81,60,white-and-orange-tipped nudibranch,Antiopella fusca,886884,3
Chromopleustes oculatus,Animalia,Arthropoda,Crustacea,Multicrustacea,Malacostraca,Eumalacostraca,Peracarida,Amphipoda,Amphilochidea,,Pleustidae,,,Chromopleustes,,,wreck of the Del Norte,49.03,-123.58667,,open,81,60,black-and-white sea flea,Chromopleustes oculatus,796029,2
Argulus pugettensis,Animalia,Arthropoda,Crustacea,Oligostraca,Ichthyostraca,Branchiura,,Arguloida,,,Argulidae,,,Argulus,,on head of striped perch,wreck of the Del Norte,49.03,-123.58667,,open,81,60,surfperch fish louse,Argulus pugettensis,873865,1
Pagurus kennerlyi,Animalia,Arthropoda,Crustacea,Multicrustacea,Malacostraca,Eumalacostraca,Eucarida,Decapoda,Pleocyemata,Paguroidea,Paguridae,,,Pagurus,,,wreck of the Del Norte,49.03,-123.58667,,open,81,60,bluespine hermit,Pagurus kennerlyi,459637,2
Cucumaria pallida,Animalia,Echinodermata,Echinozoa,,Holothuroidea,,,Dendrochirotida,,,Cucumariidae,,,Cucumaria,,,wreck of the Del Norte,49.03,-123.58667,,open,81,60,pale sea cucumber,Cucumaria pallida,356416,12
Didemnum/Trididemnum complex,Animalia,Chordata,Tunicata,,Ascidiacea,,,Aplousobranchia,,,Didemnidae,,,,,,wreck of the Del Norte,49.03,-123.58667,,open,81,60,white glove leather,Didemnidae,54931,10
Cryptopleura lobulifera,Plantae,Rhodophyta,,,Florideophyceae,,,Ceramiales,,,Delesseriaceae,,Cryptopleureae,Cryptopleura,,,South Vernaci Bay,49.01667,-123.595,,open,43,43,hidden-ribbed red seaweed,Cryptopleura lobulifera,345215,15
Sparlingia pertusa,Plantae,Rhodophyta,,,Florideophyceae,,,Rhodymeniales,,,Rhodymeniaceae,,,Sparlingia,,,South Vernaci Bay,49.01667,-123.595,,open,43,43,red eyelet silk,Sparlingia pertusa,429855,5
Constantinea simplex,Plantae,Rhodophyta,,,Florideophyceae,,,Gigartinales,,,Dumontiaceae,,,Constantinea,,,South Vernaci Bay,49.01667,-123.595,,open,43,43,cup and saucer seaweed,Constantinea simplex,345231,3
Urticina clandestina,Animalia,Cnidaria,,,Anthozoa,Hexacorallia,,Actiniaria,Enthemonae,Actinioidea,Actiniidae,,,Urticina,,,South Vernaci Bay,49.01667,-123.595,,open,43,43,stubby rose anemone,Urticina clandestina,898651,3
Anthopleura artemisia,Animalia,Cnidaria,,,Anthozoa,Hexacorallia,,Actiniaria,Enthemonae,Actinioidea,Actiniidae,,,Anthopleura,,,South Vernaci Bay,49.01667,-123.595,,open,43,43,burrowing anemone,Anthopleura artemisia,51658,2
Phoronopsis harmeri,Animalia,Phoronida,,,,,,,,,Phoronidae,,,Phoronopsis,,"patch on sand, short",South Vernaci Bay,49.01667,-123.595,,open,43,43,large green phoronid,Phoronopsis harmeri,48061,1
Glycymeris septentrionalis,Animalia,Mollusca,,,Bivalvia,Pteriomorphia,,Arcida,,Arcoidea,Glycymerididae,,,Glycymeris,,shells,South Vernaci Bay,49.01667,-123.595,,open,43,43,western bittersweet,Glycymeris septentrionalis,479438,1
Lacuna vincta,Animalia,Mollusca,,,Gastropoda,Caenogastropoda,,Littorinimorpha,,Littorinoidea,Littorinidae,Lacuninae,,Lacuna,,,South Vernaci Bay,49.01667,-123.595,,open,43,43,wide lacuna,Lacuna vincta,193902,1
Armina californica,Animalia,Mollusca,,,Gastropoda,Heterobranchia,Nudipleura,Nudibranchia,Cladobranchia,Arminoidea,Arminidae,,,Armina,,,South Vernaci Bay,49.01667,-123.595,,open,43,43,striped nudibranch,Armina californica,47499,1
Sebastes auriculatus,Animalia,Chordata,Vertebrata,,Actinopterygii,,,Scorpaeniformes,,,Sebastidae,Sebastinae,,Sebastes,,?,South Vernaci Bay,49.01667,-123.595,,open,43,43,brown rockfish,Sebastes auriculatus,117541,2
"Bossiella spp., Calliarthron spp.",Plantae,Rhodophyta,,,Florideophyceae,,,Corallinales,,,Corallinaceae,Corallinoideae,,Bossiella,,spindly,wreck of the Del Norte,49.03,-123.58667,,open,80,47,leaf coral seaweed,Bossiella,127155,4
Arctonoe vittata,Animalia,Annelida,,,Polychaeta,Errantia,,Phyllodocida,Aphroditiformia,,Polynoidae,,,Arctonoe,,on Parastichopus,wreck of the Del Norte,49.03,-123.58667,,open,80,47,red-banded commensal scaleworm,Arctonoe vittata,122163,2
Saxidomus gigantea,Animalia,Mollusca,,,Bivalvia,Heterodonta,Imparidentia,Venerida,,Veneroidea,Veneridae,,,Saxidomus,,being eaten by pink star,wreck of the Del Norte,49.03,-123.58667,,open,80,47,Washington butter clam,Saxidomus gigantea,130233,6
Ronquilus jordani,Animalia,Chordata,Vertebrata,,Actinopterygii,,,Perciformes,,,Bathymasteridae,,,Ronquilus,,,wreck of the Del Norte,49.03,-123.58667,,open,80,47,northern ronquil,Ronquilus jordani,230312,10
Dictyota binghamiae,Chromista,Ochrophyta,,,Phaeophyceae,,,Dictyotales,,,Dictyotaceae,,Dictyoteae,Dictyota,,,Josef Point,49.1287,-123.7029,,open,87,55,mermaid's gloves,Dictyota binghamiae,124829,1
Acarnus erithacus,Animalia,Porifera,,,Demospongiae,Heteroscleromorpha,,Poecilosclerida,,,Acarnidae,,,Acarnus,,large,Josef Point,49.1287,-123.7029,,open,87,55,thick encrusting scarlet sponge,Acarnus erithacus,63669,5
Anthoarcuata graceae,Animalia,Porifera,,,Demospongiae,Heteroscleromorpha,,Poecilosclerida,,,Microcionidae,,,Antho,,,Josef Point,49.1287,-123.7029,,open,87,55,red-brown encrusting sponge,Antho graceae,459794,1
Halecium densum,Animalia,Cnidaria,,,Hydrozoa,Hydroidolina,,Leptothecata,,,Haleciidae,,,Halecium,,?,Josef Point,49.1287,-123.7029,,open,87,55,dense bushy hydroid,Halecium densum,874028,4
Neoturris breviconis,Animalia,Cnidaria,,,Hydrozoa,Hydroidolina,,Anthoathecata,Filifera,,Pandeidae,,,Neoturris,,,Josef Point,49.1287,-123.7029,,open,87,55,blob-top jelly,Neoturris breviconis,491131,2
Mopalia kennerlyi,Animalia,Mollusca,,,Polyplacophora,Neoloricata,,Chitonida,Acanthochitonina,Mopalioidea,Mopaliidae,,,Mopalia,,,Josef Point,49.1287,-123.7029,,open,87,55,northern hairy chiton,Mopalia kennerleyi,360858,2
Nucella canaliculata,Animalia,Mollusca,,,Gastropoda,Caenogastropoda,,Neogastropoda,,Muricoidea,Muricidae,Ocenebrinae,,Nucella,,small white,Josef Point,49.1287,-123.7029,,open,87,55,channelled dogwinkle,Nucella canaliculata,69998,4
Pagurus caurinus,Animalia,Arthropoda,Crustacea,Multicrustacea,Malacostraca,Eumalacostraca,Eucarida,Decapoda,Pleocyemata,Paguroidea,Paguridae,,,Pagurus,,,Josef Point,49.1287,-123.7029,,open,87,55,greenmark hermit,Pagurus caurinus,180026,5
Pagurus hirsutiusculus,Animalia,Arthropoda,Crustacea,Multicrustacea,Malacostraca,Eumalacostraca,Eucarida,Decapoda,Pleocyemata,Paguroidea,Paguridae,,,Pagurus,,,Josef Point,49.1287,-123.7029,,open,87,55,hairy hermit,Pagurus hirsutiusculus,63219,1
Oncorhynchus keta,Animalia,Chordata,Vertebrata,,Actinopterygii,,,Salmoniformes,,,Salmonidae,Salmoninae,,Oncorhynchus,,juvs at surface,Josef Point,49.1287,-123.7029,,open,87,55,chum salmon,Oncorhynchus keta,107572,1
Mopalia hindsii,Animalia,Mollusca,,,Polyplacophora,Neoloricata,,Chitonida,Acanthochitonina,Mopalioidea,Mopaliidae,,,Mopalia,,,wreck of the Del Norte,49.03,-123.58667,,open,85,56,Hind's mopalia,Mopalia hindsii,51725,8
Halocynthia aurantium,Animalia,Chordata,Tunicata,,Ascidiacea,,,Stolidobranchia,,,Pyuridae,,,Halocynthia,,tiny,wreck of the Del Norte,49.03,-123.58667,,open,85,56,Pacific sea peach,Halocynthia aurantium,473652,8
Synoicum parfustis,Animalia,Chordata,Tunicata,,Ascidiacea,,,Aplousobranchia,,,Polyclinidae,,,Synoicum,,,wreck of the Del Norte,49.03,-123.58667,,open,85,56,peach-coloured compound tunicate,Synoicum parfustis,424278,1
Odonthalia floccosa,Plantae,Rhodophyta,,,Florideophyceae,,,Ceramiales,,,Rhodomelaceae,,,Odonthalia,,,wreck of the Del Norte,49.03,-123.58667,,open,82,48,sea brush,Odonthalia floccosa,322180,3
Tritonia gigantea,Animalia,Mollusca,,,Gastropoda,Heterobranchia,Nudipleura,Nudibranchia,Cladobranchia,Tritonioidea,Tritoniidae,,,Tritonia,,one huge,wreck of the Del Norte,49.03,-123.58667,,open,82,48,orange-peel nudibranch,Tritonia tetraquetra,545545,2
Ammodytes hexapterus,Animalia,Chordata,Vertebrata,,Actinopterygii,,,Perciformes,,,Ammodytidae,,,Ammodytes,,"school, juvs",wreck of the Del Norte,49.03,-123.58667,,open,82,48,Pacific sand lance,Ammodytes hexapterus,130238,1
Gadus macrocephalus,Animalia,Chordata,Vertebrata,,Actinopterygii,,,Gadiformes,,,Gadidae,,,Gadus,,juvs,wreck of the Del Norte,49.03,-123.58667,,open,82,48,Pacific cod,Gadus macrocephalus,180029,1
Scabrotrophon maltzani,Animalia,Mollusca,,,Gastropoda,Caenogastropoda,,Neogastropoda,,Muricoidea,Muricidae,Trophoninae,,Scabrotrophon,,,wreck of the Del Norte,49.03,-123.58667,,open,76,54,sandpaper trophon,Scabrotrophon maltzani,500269,2
Epitonium indianorum,Animalia,Mollusca,,,Gastropoda,Caenogastropoda,,,,Epitonioidea,Epitoniidae,,,Epitonium,,with hermit,wreck of the Del Norte,49.03,-123.58667,,open,76,54,money wentletrap,Epitonium indianorum,129921,1
Dendronotus rufus,Animalia,Mollusca,,,Gastropoda,Heterobranchia,Nudipleura,Nudibranchia,Cladobranchia,Dendronotoidea,Dendronotidae,,,Dendronotus,,,wreck of the Del Norte,49.03,-123.58667,,open,82,46,red dendronotid,Dendronotus rufus,50393,3
Aplidiopsis pannosum,Animalia,Chordata,Tunicata,,Ascidiacea,,,Aplousobranchia,,,Polyclinidae,,,Aplidiopsis,,?,wreck of the Del Norte,49.03,-123.58667,,open,82,46,pale mushroom compound tunicate,Aplidiopsis pannosum,799170,1
Prasiola meridionalis,Plantae,Chlorophyta,,,Trebouxiophyceae,,,Prasiolales,,,Prasiolaceae,,,Prasiola,,patches?,Vernaci Point,49.01833,-123.59,,open,85,56,short sea lettuce,Prasiola meridionalis,429864,1
"Ectocarpus, Feldmannia, Hincksia, Pilayella",Chromista,Ochrophyta,,,Phaeophyceae,,,Ectocarpales,,,,,,,,in bay?,Vernaci Point,49.01833,-123.59,,open,85,56,brown tuft,Ectocarpales,117795,2
Porphyra nereocystis,Plantae,Rhodophyta,,,Bangiophyceae,,,Bangiales,,,Bangiaceae,,,Pyropia,,,Vernaci Point,49.01833,-123.59,,open,85,56,bull-kelp nori,Pyropia nereocystis,542165,1
Mopalia spectabilis,Animalia,Mollusca,,,Polyplacophora,Neoloricata,,Chitonida,Acanthochitonina,Mopalioidea,Mopaliidae,,,Mopalia,,,Vernaci Point,49.01833,-123.59,,open,85,56,red-flecked mopalia,Mopalia spectabilis,364026,4
Aldisa sanguinea,Animalia,Mollusca,,,Gastropoda,Heterobranchia,Nudipleura,Nudibranchia,Doridina,Doridoidea,Cadlinidae,,,Aldisa,,,Vernaci Point,49.01833,-123.59,,open,85,56,red dorid,Aldisa sanguinea,50098,2
Aulorhynchus flavidus,Animalia,Chordata,Vertebrata,,Actinopterygii,,,Gasterosteiformes,,,Aulorhynchidae,,,Aulorhynchus,,large school of large adults,Vernaci Point,49.01833,-123.59,,open,85,56,tubesnout,Aulorhynchus flavidus,117568,2
Smithora naiadum,Plantae,Rhodophyta,,,Compsopogonophyceae,,,Erythropeltidales,,,Erythrotrichiaceae,,,Smithora,,,wreck of the Del Norte,49.03,-123.58667,,open,85,53,red fringe,Smithora naiadum,339024,2
Amphilectus rigida,Animalia,Porifera,,,Demospongiae,Heteroscleromorpha,,Poecilosclerida,,,Isodictyidae,,,Neoesperiopsis,,,wreck of the Del Norte,49.03,-123.58667,,open,85,53,orange finger sponge,Neoesperiopsis rigida,367052,1
Tresus sp.,Animalia,Mollusca,,,Bivalvia,Heterodonta,Imparidentia,Venerida,,Mactroidea,Mactridae,Lutrariinae,,Tresus,,,wreck of the Del Norte,49.03,-123.58667,,open,85,53,gaper,Tresus,117624,5
Cadlina flavomaculata,Animalia,Mollusca,,,Gastropoda,Heterobranchia,Nudipleura,Nudibranchia,Doridina,Doridoidea,Cadlinidae,,,Cadlina,,,wreck of the Del Norte,49.03,-123.58667,,open,85,53,yellow spotted cadlina,Cadlina flavomaculata,50143,1
Endocladia muricata,Plantae,Rhodophyta,,,Florideophyceae,,,Gigartinales,,,Endocladiaceae,,,Endocladia,,,wreck of the Del Norte,49.03,-123.58667,,open,85,57,nail brush seaweed,Endocladia muricata,117781,1
Didemnum sp.,Animalia,Chordata,Tunicata,,Ascidiacea,,,Aplousobranchia,,,Didemnidae,,,Didemnum,,"1 large patch, bright yellow?",wreck of the Del Norte,49.03,-123.58667,,open,85,57,invasive compound tunicate,Didemnum,55512,1
Oligocottus maculosus,Animalia,Chordata,Vertebrata,,Actinopterygii,,,Scorpaeniformes,,,Cottidae,,,Oligocottus,,,wreck of the Del Norte,49.03,-123.58667,,open,85,57,tidepool sculpin,Oligocottus maculosus,67629,2
Rhodymenia californica,Plantae,Rhodophyta,,,Florideophyceae,,,Rhodymeniales,,,Rhodymeniaceae,,,Rhodymenia,,,Josef Point,49.1287,-123.7029,,open,67,41,California rose seaweed,Rhodymenia californica,133214,2
Phacellophora camtschatica,Animalia,Cnidaria,,,Scyphozoa,Discomedusae,,Semaeostomeae,,,Phacellophoridae,,,Phacellophora,,,Josef Point,49.1287,-123.7029,,open,67,41,fried egg jellyfish,Phacellophora camtschatica,52966,7
Tritonia tetraquetra,Animalia,Mollusca,,,Gastropoda,Heterobranchia,Nudipleura,Nudibranchia,Cladobranchia,Tritonioidea,Tritoniidae,,,Tritonia,,,wreck of the Del Norte,49.03,-123.58667,,open,77,53,pink tritonia,Tritonia tetraquetra,545545,1
Pleuronichthys coenosus,Animalia,Chordata,Vertebrata,,Actinopterygii,,,Pleuronectiformes,,,Pleuronectidae,Pleuronectinae,,Pleuronichthys,,,wreck of the Del Norte,49.03,-123.58667,,open,77,53,C-O sole,Pleuronichthys coenosus,228393,1
Laminaria bongardiana,Chromista,Ochrophyta,,,Phaeophyceae,,,Laminariales,,,Laminariaceae,,,Saccharina,,,Josef Point,49.1287,-123.7029,,open,91,60,dark-brown wrack kelp,Saccharina bongardiana,465193,1
Microcladia borealis,Plantae,Rhodophyta,,,Florideophyceae,,,Ceramiales,,,Ceramiaceae,,,Microcladia,,,Josef Point,49.1287,-123.7029,,open,91,60,coarse sea lace,Microcladia borealis,339006,3
Ceramium pacificum,Plantae,Rhodophyta,,,Florideophyceae,,,Ceramiales,,,Ceramiaceae,,,Ceramium,,,Josef Point,49.1287,-123.7029,,open,91,60,hairy pottery seaweed,Ceramium pacificum,429948,3
Constantinea subulifera,Plantae,Rhodophyta,,,Florideophyceae,,,Gigartinales,,,Dumontiaceae,,,Constantinea,,,Josef Point,49.1287,-123.7029,,open,91,60,giant cup and saucer seaweed,Constantinea subulifera,473053,1
Sarcodiotheca furcata,Plantae,Rhodophyta,,,Florideophyceae,,,Gigartinales,,,Solieriaceae,,,Sarcodiotheca,,,Josef Point,49.1287,-123.7029,,open,91,60,furcated fleshy red seaweed,Sarcodiotheca furcata,327100,1
Eudistylia polymorpha,Animalia,Annelida,,,Polychaeta,Sedentaria,,Sabellida,,,Sabellidae,,,Eudistylia,,,Josef Point,49.1287,-123.7029,,open,91,60,polymorph feather-duster,Eudistylia polymorpha,117595,3
Neorhodomela larix,Plantae,Rhodophyta,,,Florideophyceae,,,Ceramiales,,,Rhodomelaceae,,,Neorhodomela,,,wreck of the Del Norte,49.03,-123.58667,,open,71,50,black pine,Neorhodomela larix,67413,1
Neostylidium eschrichtii,Animalia,Mollusca,,,Gastropoda,Caenogastropoda,,,,Cerithioidea,Cerithiidae,,,Neostylidium,,with hermit,wreck of the Del Norte,49.03,-123.58667,,open,71,50,threaded bittium,Neostylidium eschrichtii,897701,1
Craniella spinosa,Animalia,Porifera,,,Demospongiae,Heteroscleromorpha,,Tetractinellida,Spirophorina,,Tetillidae,,,Craniella,,,Vernaci Point,49.01833,-123.59,,open,73,50,spiny tennis ball sponge,Craniella spinosa,459694,1
Grammaria spp.,Animalia,Cnidaria,,,Hydrozoa,Hydroidolina,,Leptothecata,,,Lafoeidae,,,Grammaria,,,Vernaci Point,49.01833,-123.59,,open,73,50,spindly embedded hydroids,Grammaria,874029,1
Disporella separata,Animalia,Bryozoa,,,Stenolaemata,,,Cyclostomatida,Rectangulata,,Lichenoporidae,,,Disporella,,,Vernaci Point,49.01833,-123.59,,open,73,50,purple encrusting bryozoan,Disporella separata,465160,2
Flabellina pricei,Animalia,Mollusca,,,Gastropoda,Heterobranchia,Nudipleura,Nudibranchia,Cladobranchia,Fionoidea,Apataidae,,,Apata,,,Vernaci Point,49.01833,-123.59,,open,73,50,Price's aeolid,Apata pricei,631469,2
Bowerbankia sp.,Animalia,Bryozoa,,,Gymnolaemata,,,Ctenostomatida,Vesicularina,Vesicularioidea,Vesiculariidae,,,Bowerbankia,,,Vernaci Point,49.01833,-123.59,,open,60,51,tubeworm fuzz,Bowerbankia,345483,1
Sarsia tubulosa,Animalia,Cnidaria,,,Hydrozoa,Hydroidolina,,Anthoathecata,Capitata,,Corynidae,,,Sarsia,,colpny,wreck of the Del Norte,49.03,-123.58667,,open,78,46,clapper hydroid,Sarsia tubulosa,448319,1
Autolytus magnus,Animalia,Annelida,,,Polychaeta,Errantia,,Phyllodocida,Nereidiformia,,Syllidae,,,Epigamia,,"with eggs, green",wreck of the Del Norte,49.03,-123.58667,,open,78,46,noble necklace-worm,Epigamia magna,628178,1
Luidia foliolata,Animalia,Echinodermata,Asterozoa,,Asteroidea,,Valvatacea,Paxillosida,,,Luidiidae,,,Luidia,,,wreck of the Del Norte,49.03,-123.58667,,open,87,52,sand star,Luidia foliolata,195859,1
Anarrhichthys ocellatus,Animalia,Chordata,Vertebrata,,Actinopterygii,,,Perciformes,,,Anarhichadidae,,,Anarrhichthys,,large male,wreck of the Del Norte,49.03,-123.58667,,open,87,52,wolf-eel,Anarrhichthys ocellatus,60635,1
"Blidingia spp., including Blidingia minima var. vexata",Plantae,Chlorophyta,,,Ulvophyceae,,,Ulvales,,,Ulvaceae,,,Blidingia,,small patch,Josef Point,49.1287,-123.7029,,open,82,60,tiny-tube sea lettuces,Blidingia,339057,1
Plocamium cartilageneum pacificum,Plantae,Rhodophyta,,,Florideophyceae,,,Plocamiales,,,Plocamiaceae,,,Plocamium,,,Josef Point,49.1287,-123.7029,,open,82,60,sea braid,Plocamium cartilagineum pacificum,339051,1
Microcladia coulteri,Plantae,Rhodophyta,,,Florideophyceae,,,Ceramiales,,,Ceramiaceae,,,Microcladia,,,Josef Point,49.1287,-123.7029,,open,82,60,delicate sea lace,Microcladia coulteri,71116,1
Chelonaplysilla polyraphis,Animalia,Porifera,,,Demospongiae,Keratosa,,Dendroceratida,,,Darwinellidae,,,Chelonaplysilla,,,Josef Point,49.1287,-123.7029,,open,82,60,slippery purple sponge,Chelonaplysilla polyraphis,216652,1
Tectura scutum,Animalia,Mollusca,,,Gastropoda,Patellogastropoda,,,,Lottioidea,Lottiidae,,,Lottia,,large,Josef Point,49.1287,-123.7029,,open,82,60,plate limpet,Lottia scutum,129962,1
Chthamalus dalli,Animalia,Arthropoda,Crustacea,Multicrustacea,Hexanauplia,Thecostraca,Thoracica,Sessilia,Balanomorpha,Chthamaloidea,Chthamalidae,,,Chthamalus,,"very shallow, black cirri",Josef Point,49.1287,-123.7029,,open,82,60,small acorn barnacle,Chthamalus dalli,129910,1
Polymastia pachymastia,Animalia,Porifera,,,Demospongiae,Heteroscleromorpha,,Polymastiida,,,Polymastiidae,,,Polymastia,,small nipples,Canoe Island Reef (Death Rock),49.02333,-123.585,,open,70,61,aggregated nipple sponge,Polymastia pachymastia,117717,2
Solen sicarius,Animalia,Mollusca,,,Bivalvia,Heterodonta,Imparidentia,Adapedonta,,Solenoidea,Solenidae,,,Solen,,shells,Cardale Point,49.01585,-123.611406,,open,40,35,sickle jackknife-clam,Solen sicarius,54529,1
Leukoma staminea,Animalia,Mollusca,,,Bivalvia,Heterodonta,Imparidentia,Venerida,,Veneroidea,Veneridae,Chioninae,,Leukoma,,shells,Cardale Point,49.01585,-123.611406,,open,40,35,Pacific littleneck clam,Leukoma staminea,333608,2
Aglaja ocelligera,Animalia,Mollusca,,,Gastropoda,Heterobranchia,,Cephalaspidea,,Philinoidea,Aglajidae,,,Aglaja,,,Cardale Point,49.01585,-123.611406,,open,40,35,spotted aglajid,Aglaja ocelligera,49842,1
Melibe leonina,Animalia,Mollusca,,,Gastropoda,Heterobranchia,Nudipleura,Nudibranchia,Cladobranchia,Dendronotoidea,Tethydidae,,,Melibe,,"some golden, small",Cardale Point,49.01585,-123.611406,,open,40,35,hooded nudibranch,Melibe leonina,48455,1
Euplokamis dunlapae,Animalia,Ctenophora,,,Tentaculata,,,Cydippida,,,Euplokamidae,,,Euplokamis,,,wreck of the Del Norte,49.03,-123.58667,,open,87,40,oval sea gooseberry,Euplokamis dunlapae,873875,1
Aphrocallistes vastus,Animalia,Porifera,,,Hexactinellida,Hexasterophora,,Sceptrulophora,,,Aphrocallistidae,,,Aphrocallistes,,?,Josef Point,49.1287,-123.7029,,open,74,36,cloud sponge,Aphrocallistes vastus,424651,1
Leucosolenia nautilia,Animalia,Porifera,,,Calcarea,Calcaronea,,Leucosolenida,,,Leucosoleniidae,,,Leucosolenia,,,Josef Point,49.1287,-123.7029,,open,63,52,lacy ball sponge,Leucosolenia nautilia,347319,1
Laqueus vancouverensis,Animalia,Brachiopoda,Rhynchonelliformea,,Rhynchonellata,,,Terebratulida,,,Laqueidae,,,Laqueus,,,Josef Point,49.1287,-123.7029,,open,63,52,transverse lamp shell,Laqueus vancouveriensis,525797,2
Pholis ornata,Animalia,Chordata,Vertebrata,,Actinopterygii,,,Perciformes,,,Pholidae,,,Pholis,,?,Josef Point,49.1287,-123.7029,,open,63,52,saddleback gunnel,Pholis ornata,62605,1
Corallina vancouveriensis,Plantae,Rhodophyta,,,Florideophyceae,,,Corallinales,,,Corallinaceae,Corallinoideae,,Corallina,,,Josef Point,49.1287,-123.7029,,open,59,59,graceful coralline,Corallina vancouveriensis,126448,1
Botryocladia pseudodichotoma,Plantae,Rhodophyta,,,Florideophyceae,,,Rhodymeniales,,,Rhodymeniaceae,,,Botryocladia,,,Josef Point,49.1287,-123.7029,,open,59,59,sea grapes,Botryocladia pseudodichotoma,327042,1
Sabellaria cementarium,Animalia,Annelida,,,Polychaeta,Sedentaria,,Sabellida,,,Sabellariidae,,,Neosabellaria,,,Josef Point,49.1287,-123.7029,,open,59,59,cemented sandmason tubeworm,Neosabellaria cementarium,339237,1
Tectura sp.,Animalia,Mollusca,,,Gastropoda,Patellogastropoda,,,,Lottioidea,Lottiidae,,,Tectura,,,Josef Point,49.1287,-123.7029,,open,59,59,limpet,Tectura,50081,1
Crepidula nummaria,Animalia,Mollusca,,,Gastropoda,Caenogastropoda,,Littorinimorpha,,Calyptraeoidea,Calyptraeidae,,,Crepidula,,,Josef Point,49.1287,-123.7029,,open,59,59,northern white slippersnail,Crepidula nummaria,117325,1
Hima mendica,Animalia,Mollusca,,,Gastropoda,Caenogastropoda,,Neogastropoda,,Buccinoidea,Nassariidae,,,Hima,,,Josef Point,49.1287,-123.7029,,open,59,59,western lean nassa,Hima mendica,370749,1
Corambe pacifica,Animalia,Mollusca,,,Gastropoda,Heterobranchia,Nudipleura,Nudibranchia,Doridina,Onchidoridoidea,Corambidae,,,Corambe,,with eggs,Josef Point,49.1287,-123.7029,,open,59,59,frost spot nudibranch,Corambe pacifica,50032,1
Staurocalyptus dowlingi,Animalia,Porifera,,,Hexactinellida,Hexasterophora,,Lyssacinosida,,,Rossellidae,,,Acanthascus,,solitary in mud,Valdes Island cliffs,49.087832,-123.684704,,open,,60,round lipped boot sponge,Acanthascus dowlingi,424717,1
Rhabdocalyptus dawsoni,Animalia,Porifera,,,Hexactinellida,Hexasterophora,,Lyssacinosida,,,Rossellidae,,,Rhabdocalyptus,,,Valdes Island cliffs,49.087832,-123.684704,,open,,60,sharp lipped boot sponge,Rhabdocalyptus dawsoni,751673,1
Pandalus platyceros,Animalia,Arthropoda,Crustacea,Multicrustacea,Malacostraca,Eumalacostraca,Eucarida,Decapoda,Pleocyemata,Pandaloidea,Pandalidae,,,Pandalus,,I think,Valdes Island cliffs,49.087832,-123.684704,,open,,60,Pacific prawn,Pandalus platyceros,180394,1
Munida quadrispina,Animalia,Arthropoda,Crustacea,Multicrustacea,Malacostraca,Eumalacostraca,Eucarida,Decapoda,Pleocyemata,Galatheoidea,Munididae,,,Munida,,,Valdes Island cliffs,49.087832,-123.684704,,open,,60,squat lobster or galatheid crab,Munida quadrispina,334674,1
