ID,Date,LatitudeDD,LongitudeDD,SpeciesName,ScientificName,GroupSize,Confidence,SightingsID
65,05/19/08,48.94652557,-123.3456345,dall's porpoise,Phocoenoides dalli,4,certain,72766
74,05/14/08,49.02801667,-123.5531833,dall's porpoise,Phocoenoides dalli,27,certain,1782
158,05/19/08,48.91220856,-123.3101273,dall's porpoise,Phocoenoides dalli,3,certain,70625
159,05/19/08,48.95970154,-123.363327,dall's porpoise,Phocoenoides dalli,8,certain,73136
267,04/08/04,48.96768333,-123.4206667,dall's porpoise,Phocoenoides dalli,20,certain,35193
276,04/18/10,48.87736667,-123.3012833,dall's porpoise,Phocoenoides dalli,5,certain,48339
302,08/03/12,48.89403333,-123.4438333,dall's porpoise,Phocoenoides dalli,3,certain,79212
339,03/30/15,48.85481667,-123.3179833,dall's porpoise,Phocoenoides dalli,1,probable,95530
353,08/05/14,48.99333333,-123.605,dall's porpoise,Phocoenoides dalli,NA,probable,90672
388,04/10/12,48.86996667,-123.30225,dall's porpoise,Phocoenoides dalli,5,certain,77343
449,07/02/16,48.9186,-123.3013,dall's porpoise,Phocoenoides dalli,1,probable,114446
513,06/13/17,48.949,-123.5926,dall's porpoise,Phocoenoides dalli,2,certain,122802
529,05/07/17,48.9003,-123.2998,dall's porpoise,Phocoenoides dalli,1,certain,119394
590,09/01/19,48.9745,-123.6013,dall's porpoise,Phocoenoides dalli,-,probable,17F9897D-FAC4-4891-82BB-7A5C4F06FEDA
651,04/06/20,48.882,-123.2899,dall's porpoise,Phocoenoides dalli,-,certain,87637066-26ae-44fc-a583-eb610088fe62
711,01/11/19,48.8599,-123.3466,dall's porpoise,Phocoenoides dalli,5,certain,62D585C9-4899-4C31-A47E-9791DC3B3416
520,07/05/17,48.9517,-123.4489,fin whale,Balaenoptera physalus,1,probable,123168
146,05/20/11,48.97306667,-123.5814667,grey whale,Eschrichtius robustus,1,,56926
151,10/18/11,48.9217,-123.3268833,grey whale,Eschrichtius robustus,1,probable,59180
206,01/28/11,48.87526667,-123.2952,grey whale,Eschrichtius robustus,1,possible,55789
248,04/15/01,49.0021,-123.5417,grey whale,Eschrichtius robustus,3,probable,20035
488,06/19/17,48.98655,-123.5830667,grey whale,Eschrichtius robustus,1,certain,122218
637,12/27/19,48.8372,-123.349,grey whale,Eschrichtius robustus,-,probable,a3f766ce-b137-4cd1-a761-8bd34ec6563a
36,04/20/16,48.86833333,-123.41755,harbour porpoise,Phocoena phocoena,3,certain,111403
47,07/28/08,48.98021667,-123.4836333,harbour porpoise,Phocoena phocoena,3,probable,33419
66,05/19/08,48.88713455,-123.3006668,harbour porpoise,Phocoena phocoena,3,certain,72767
69,10/05/07,48.89016667,-123.2981667,harbour porpoise,Phocoena phocoena,4,certain,1439
75,05/19/08,48.89333333,-123.4466667,harbour porpoise,Phocoena phocoena,1,certain,2697
101,05/15/08,48.85816667,-123.4054667,harbour porpoise,Phocoena phocoena,2,certain,29769
130,05/05/08,49.0224,-123.5784833,harbour porpoise,Phocoena phocoena,10,certain,41846
153,05/19/08,48.88329315,-123.3017578,harbour porpoise,Phocoena phocoena,1,certain,70526
154,05/19/08,48.8466568,-123.3679504,harbour porpoise,Phocoena phocoena,5,certain,70527
155,05/19/08,48.84285355,-123.3624039,harbour porpoise,Phocoena phocoena,3,certain,70528
156,05/19/08,48.8380127,-123.3553696,harbour porpoise,Phocoena phocoena,3,certain,70529
157,05/19/08,48.93004608,-123.3242645,harbour porpoise,Phocoena phocoena,2,certain,70624
163,07/12/11,48.89056667,-123.2964,harbour porpoise,Phocoena phocoena,3,certain,77204
195,10/30/08,49.0168,-123.5839167,harbour porpoise,Phocoena phocoena,2,probable,34171
200,09/09/09,48.87826667,-123.30505,harbour porpoise,Phocoena phocoena,3,certain,43909
212,08/04/11,48.97761667,-123.59085,harbour porpoise,Phocoena phocoena,NA,probable,58122
214,08/19/11,48.92998333,-123.5173667,harbour porpoise,Phocoena phocoena,1,possible,58189
217,05/19/08,48.84697342,-123.3687668,harbour porpoise,Phocoena phocoena,2,certain,74766
221,07/07/12,48.85848333,-123.3498167,harbour porpoise,Phocoena phocoena,1,certain,79414
227,08/13/12,48.86758333,-123.3073833,harbour porpoise,Phocoena phocoena,2,certain,79434
228,09/02/12,48.87016667,-123.3063167,harbour porpoise,Phocoena phocoena,2,certain,79439
229,09/02/12,48.8621,-123.33735,harbour porpoise,Phocoena phocoena,3,probable,79440
230,09/23/12,48.91166667,-123.4535,harbour porpoise,Phocoena phocoena,2,certain,81288
231,09/23/12,48.91166667,-123.4535,harbour porpoise,Phocoena phocoena,2,certain,87191
278,09/21/10,48.89616667,-123.4381667,harbour porpoise,Phocoena phocoena,2,certain,53698
280,04/27/08,48.955,-123.55,harbour porpoise,Phocoena phocoena,2,,53916
284,08/20/11,48.94833333,-123.5316667,harbour porpoise,Phocoena phocoena,1,certain,58552
285,09/04/11,48.98378333,-123.5887333,harbour porpoise,Phocoena phocoena,1,,58685
286,09/03/11,48.97378333,-123.59355,harbour porpoise,Phocoena phocoena,1,,58686
299,08/27/11,48.99526667,-123.5497667,harbour porpoise,Phocoena phocoena,1,certain,76061
303,08/18/12,48.84741667,-123.3711,harbour porpoise,Phocoena phocoena,2,certain,79213
334,07/04/14,48.9473,-123.5313167,harbour porpoise,Phocoena phocoena,1,certain,90307
336,08/19/12,48.90166667,-123.4875,harbour porpoise,Phocoena phocoena,2,certain,90382
352,07/01/14,48.93563333,-123.5247833,harbour porpoise,Phocoena phocoena,1,probable,90432
366,06/14/15,48.94783333,-123.5866667,harbour porpoise,Phocoena phocoena,2,certain,101829
380,08/01/11,48.89116667,-123.29225,harbour porpoise,Phocoena phocoena,2,certain,77215
383,08/27/11,48.88213333,-123.2940167,harbour porpoise,Phocoena phocoena,1,certain,77228
386,09/06/11,48.92783333,-123.5483333,harbour porpoise,Phocoena phocoena,3,,77296
387,09/06/11,48.91466667,-123.4746667,harbour porpoise,Phocoena phocoena,1,certain,77298
402,05/28/14,48.8693,-123.4360667,harbour porpoise,Phocoena phocoena,3,probable,89597
405,10/07/14,48.90413333,-123.4886333,harbour porpoise,Phocoena phocoena,1,certain,92217
416,08/26/15,48.87958333,-123.3062667,harbour porpoise,Phocoena phocoena,2,certain,105769
424,09/11/14,48.92033333,-123.4885,harbour porpoise,Phocoena phocoena,2,certain,97336
425,09/12/14,48.92233333,-123.5395,harbour porpoise,Phocoena phocoena,2,certain,97337
426,09/21/14,48.85083333,-123.3705,harbour porpoise,Phocoena phocoena,2,certain,97339
427,09/21/14,48.90766667,-123.3062,harbour porpoise,Phocoena phocoena,4,certain,97340
434,01/12/15,48.952,-123.5445,harbour porpoise,Phocoena phocoena,1,certain,102651
455,09/25/16,48.85166667,-123.362,harbour porpoise,Phocoena phocoena,3,certain,118914
460,09/05/15,48.92098333,-123.45705,harbour porpoise,Phocoena phocoena,1,probable,106801
468,11/22/16,48.86058333,-123.3451833,harbour porpoise,Phocoena phocoena,6,certain,110553
487,09/21/17,48.9315,-123.5555,harbour porpoise,Phocoena phocoena,1,certain,120119
489,06/19/17,48.98671667,-123.61175,harbour porpoise,Phocoena phocoena,2,certain,122219
493,08/20/17,48.90438333,-123.3192667,harbour porpoise,Phocoena phocoena,1,certain,124804
495,08/22/17,48.8535,-123.3053,harbour porpoise,Phocoena phocoena,1,certain,124833
496,09/01/17,48.93576667,-123.5131667,harbour porpoise,Phocoena phocoena,1,certain,125014
505,08/26/18,48.91666667,-123.5,harbour porpoise,Phocoena phocoena,2,certain,125239
531,05/22/17,48.95153333,-123.5923,harbour porpoise,Phocoena phocoena,2,certain,119587
532,05/22/17,48.9398,-123.5731,harbour porpoise,Phocoena phocoena,1,probable,119588
547,09/10/17,49.0131,-123.588,harbour porpoise,Phocoena phocoena,1,certain,129134
550,09/23/17,48.87633333,-123.3083833,harbour porpoise,Phocoena phocoena,6,certain,129237
578,08/12/19,48.8905,-123.4928,harbour porpoise,Phocoena phocoena,-,certain,E15BD4AA-17B4-4253-A317-26948FF3986E
595,09/10/19,48.9508,-123.3777,harbour porpoise,Phocoena phocoena,NA,certain,91C6F049-E9E6-4645-8323-71D05870A6C0
596,09/10/19,48.9486,-123.3738,harbour porpoise,Phocoena phocoena,NA,certain,72B076CE-8150-458E-A2A6-446CA5DB6839
597,09/13/19,48.8776,-123.2919,harbour porpoise,Phocoena phocoena,-,certain,9090DAA2-0BC4-48AF-932D-32B8203DC9D5
610,10/27/19,48.8597,-123.3243,harbour porpoise,Phocoena phocoena,-,certain,9ba2e18b-98da-413a-a1c7-eb346547b934
669,07/15/19,48.9009,-123.288,harbour porpoise,Phocoena phocoena,3,certain,0eb4e0fc-4062-4d5c-a4a1-32a64b2bbe2b
690,05/11/19,48.8829,-123.2984,harbour porpoise,Phocoena phocoena,3,certain,de943324-b402-4ba5-80c3-161dadf2ac04
699,04/02/19,48.9009,-123.5008,harbour porpoise,Phocoena phocoena,3,certain,81D50CC0-8880-42A7-A3F8-0A6DB3E52C1D
731,09/17/18,48.9301,-123.5494,harbour porpoise,Phocoena phocoena,1,certain,AD13D7F0-6939-4F59-A572-E6D4FD8D5BA5
748,08/21/18,48.9208,-123.5355,harbour porpoise,Phocoena phocoena,6,certain,7D75FDAD-B601-4385-AB35-D7CBF466CF1F
800,10/27/17,48.9021,-123.5068,harbour porpoise,Phocoena phocoena,1,certain,E6C7AEDC-63A5-4BAE-8294-45C475AB1080
801,10/27/17,48.9515,-123.593,harbour porpoise,Phocoena phocoena,3,certain,88DA6130-BA01-4239-B0D7-AF9620461759
17,05/29/04,49.01268333,-123.5904833,humpback whale,Megaptera novaeangliae,2,,8765
18,05/29/04,49.01268333,-123.5904833,humpback whale,Megaptera novaeangliae,2,,12134
143,05/12/11,48.92515,-123.5228,humpback whale,Megaptera novaeangliae,1,certain,56760
152,10/16/11,48.91076667,-123.36985,humpback whale,Megaptera novaeangliae,1,certain,59185
166,06/08/08,48.85868333,-123.3213667,humpback whale,Megaptera novaeangliae,1,certain,1409
283,08/20/11,49.02666667,-123.5533333,humpback whale,Megaptera novaeangliae,1,certain,58550
292,05/29/12,48.92186667,-123.29195,humpback whale,Megaptera novaeangliae,1,,78327
296,10/09/12,48.87706667,-123.2934,humpback whale,Megaptera novaeangliae,1,certain,79914
297,10/07/12,49.025,-123.58555,humpback whale,Megaptera novaeangliae,1,certain,79979
298,10/09/12,48.86358333,-123.3096833,humpback whale,Megaptera novaeangliae,1,certain,79993
301,07/15/12,48.96181667,-123.4849333,humpback whale,Megaptera novaeangliae,1,probable,79199
304,11/13/12,48.85736667,-123.35535,humpback whale,Megaptera novaeangliae,1,probable,80609
305,11/14/12,48.92315,-123.5312833,humpback whale,Megaptera novaeangliae,2,,80620
308,05/04/13,48.85251667,-123.349,humpback whale,Megaptera novaeangliae,1,possible,82920
322,08/10/14,48.8783,-123.42665,humpback whale,Megaptera novaeangliae,NA,certain,90802
324,08/18/14,48.86931667,-123.4166667,humpback whale,Megaptera novaeangliae,NA,certain,90954
326,09/02/14,48.91218333,-123.3369,humpback whale,Megaptera novaeangliae,2,certain,91084
333,06/01/14,48.96208333,-123.435,humpback whale,Megaptera novaeangliae,2,certain,90226
338,11/16/14,49.0147,-123.5942167,humpback whale,Megaptera novaeangliae,2,certain,93402
343,05/15/13,48.88188333,-123.29475,humpback whale,Megaptera novaeangliae,1,certain,83467
345,05/28/13,48.92001667,-123.38245,humpback whale,Megaptera novaeangliae,1,probable,83523
350,11/11/13,48.85765,-123.3146333,humpback whale,Megaptera novaeangliae,1,certain,85867
351,10/19/13,48.91345,-123.3851833,humpback whale,Megaptera novaeangliae,2,certain,85912
355,11/04/14,48.84578333,-123.3313167,humpback whale,Megaptera novaeangliae,2,certain,93247
356,11/08/14,48.85728333,-123.3065667,humpback whale,Megaptera novaeangliae,2,certain,93264
357,12/12/14,48.87983333,-123.2910833,humpback whale,Megaptera novaeangliae,2,certain,93306
375,10/24/16,48.84523333,-123.3513667,humpback whale,Megaptera novaeangliae,1,certain,109580
376,11/10/16,48.91325,-123.3666833,humpback whale,Megaptera novaeangliae,2,probable,109691
394,10/08/12,48.86641667,-123.3081333,humpback whale,Megaptera novaeangliae,1,probable,83914
403,08/29/14,48.88368333,-123.44435,humpback whale,Megaptera novaeangliae,3,probable,91184
404,12/03/14,48.86305,-123.3091667,humpback whale,Megaptera novaeangliae,1,certain,91244
408,07/08/13,48.89181667,-123.4855,humpback whale,Megaptera novaeangliae,1,certain,96624
411,09/04/15,48.85473333,-123.3490333,humpback whale,Megaptera novaeangliae,2,certain,101307
413,10/30/15,48.87898333,-123.29715,humpback whale,Megaptera novaeangliae,2,certain,101442
415,08/11/13,48.93918333,-123.4231333,humpback whale,Megaptera novaeangliae,1,certain,105473
421,07/12/16,48.90616667,-123.286,humpback whale,Megaptera novaeangliae,1,certain,108476
433,12/24/15,48.91358333,-123.3771,humpback whale,Megaptera novaeangliae,3,certain,102394
436,05/22/15,48.955,-123.4066667,humpback whale,Megaptera novaeangliae,2,probable,104837
439,07/03/15,48.83855,-123.3377667,humpback whale,Megaptera novaeangliae,1,certain,105265
445,05/13/16,48.85733333,-123.3081667,humpback whale,Megaptera novaeangliae,2,probable,107642
446,12/04/16,48.89833333,-123.3033333,humpback whale,Megaptera novaeangliae,2,certain,112064
453,10/29/16,48.9653,-123.3989333,humpback whale,Megaptera novaeangliae,3,certain,118870
454,10/29/16,48.93198333,-123.4226,humpback whale,Megaptera novaeangliae,2,certain,118872
456,11/08/16,48.95466667,-123.4719,humpback whale,Megaptera novaeangliae,2,certain,118920
461,10/24/15,48.88226667,-123.3078167,humpback whale,Megaptera novaeangliae,2,certain,106846
464,12/01/16,48.9565,-123.3581667,humpback whale,Megaptera novaeangliae,2,certain,110101
465,11/20/16,48.85348333,-123.3494333,humpback whale,Megaptera novaeangliae,1,certain,110546
466,11/26/16,48.91235,-123.3699833,humpback whale,Megaptera novaeangliae,2,certain,110547
467,11/26/16,48.85645,-123.3491,humpback whale,Megaptera novaeangliae,2,certain,110548
474,11/23/15,48.88921667,-123.3064833,humpback whale,Megaptera novaeangliae,3,certain,112987
486,08/02/17,48.8832,-123.3096667,humpback whale,Megaptera novaeangliae,2,,116496
494,08/20/17,48.84885,-123.36945,humpback whale,Megaptera novaeangliae,2,certain,124806
499,08/29/17,48.91273333,-123.3803833,humpback whale,Megaptera novaeangliae,1,certain,125054
503,08/18/18,48.8584,-123.3096667,humpback whale,Megaptera novaeangliae,1,certain,125196
509,06/01/17,48.88166667,-123.2983333,humpback whale,Megaptera novaeangliae,2,certain,114158
515,06/17/17,48.95916667,-123.5520833,humpback whale,Megaptera novaeangliae,1,certain,122959
519,07/01/17,48.85706667,-123.3210667,humpback whale,Megaptera novaeangliae,2,probable,123099
523,11/12/18,49.0198,-123.5764333,humpback whale,Megaptera novaeangliae,4,certain,126282
524,11/24/18,48.98833333,-123.4998333,humpback whale,Megaptera novaeangliae,1,certain,126419
525,01/30/16,48.88816667,-123.2926167,humpback whale,Megaptera novaeangliae,1,certain,113381
526,08/21/17,49.02643333,-123.5837833,humpback whale,Megaptera novaeangliae,1,certain,117520
535,07/17/18,48.97798333,-123.5967167,humpback whale,Megaptera novaeangliae,1,certain,124232
536,07/17/18,48.9855,-123.5833667,humpback whale,Megaptera novaeangliae,2,certain,124233
537,07/18/18,48.9077,-123.4639167,humpback whale,Megaptera novaeangliae,1,certain,124257
538,08/08/18,48.86253333,-123.34365,humpback whale,Megaptera novaeangliae,1,possible,124560
545,09/09/17,48.85846667,-123.338,humpback whale,Megaptera novaeangliae,1,certain,129013
554,10/24/19,48.88853333,-123.2954,humpback whale,Megaptera novaeangliae,2,,131293
563,09/24/18,48.87811667,-123.2919833,humpback whale,Megaptera novaeangliae,1,certain,125516
566,09/26/17,48.85623333,-123.3076833,humpback whale,Megaptera novaeangliae,2,certain,129370
571,07/12/19,48.85845,-123.3439667,humpback whale,Megaptera novaeangliae,2,uncertain,129908
572,12/30/19,48.86638333,-123.3088167,humpback whale,Megaptera novaeangliae,2,certain,131823
573,12/22/19,48.86638333,-123.3088167,humpback whale,Megaptera novaeangliae,1,certain,131826
575,07/12/19,48.86038333,-123.3494,humpback whale,Megaptera novaeangliae,2,uncertain,132189
585,08/21/19,48.8817,-123.3016,humpback whale,Megaptera novaeangliae,NA,certain,E4C5B9D5-953D-4DEE-AADC-0E61C04D9BEC
591,09/04/19,48.8543,-123.3456,humpback whale,Megaptera novaeangliae,-,certain,7bc45562-5984-488a-a281-456e83e74c35
592,09/04/19,48.8545,-123.3445,humpback whale,Megaptera novaeangliae,-,certain,42a68a30-d62a-4af8-adef-71bfa8d8ce02
593,09/04/19,48.8546,-123.3521,humpback whale,Megaptera novaeangliae,NA,certain,7558A345-8E8F-4C48-A2D7-B419ECE98F06
594,09/06/19,48.8773,-123.297,humpback whale,Megaptera novaeangliae,NA,possible,55BEBE8B-91CD-43E6-8DEE-D4765DDD7823
599,09/25/19,48.8352,-123.3431,humpback whale,Megaptera novaeangliae,NA,certain,C44D2D3D-03A4-4DD5-97DB-AC9767476349
600,09/28/19,48.8636,-123.3089,humpback whale,Megaptera novaeangliae,NA,certain,347596EE-B760-4DF1-8257-A7EE92CC5BA8
601,09/28/19,48.8908,-123.2932,humpback whale,Megaptera novaeangliae,NA,certain,EF86EB24-5DDF-4AEB-A223-966F76AD4592
602,09/29/19,48.9059,-123.2919,humpback whale,Megaptera novaeangliae,-,certain,7bbf42e2-94f4-4cae-a745-487d88a9ef20
605,10/06/19,48.9303,-123.512,humpback whale,Megaptera novaeangliae,NA,certain,48F8606F-EE94-4891-B623-1BD2F6CDCA5C
607,10/13/19,48.8609,-123.3282,humpback whale,Megaptera novaeangliae,NA,certain,56E9B052-686E-44FB-B3A7-59D33A788904
611,11/02/19,48.8868,-123.2858,humpback whale,Megaptera novaeangliae,NA,probable,be3c3fb6-2a18-4ca9-ad4b-29657ae9b344
617,10/13/19,48.8488,-123.348,humpback whale,Megaptera novaeangliae,NA,certain,5dda9173-c7a3-4aa7-be77-2516fc29e568
620,10/19/19,48.8824,-123.297,humpback whale,Megaptera novaeangliae,NA,certain,842c84ec-df48-4844-9f6f-f66d07b174e8
625,12/07/19,48.8927,-123.2968,humpback whale,Megaptera novaeangliae,-,certain,8ef66f6b-faf4-4532-b20b-b6da3fda45de
626,12/14/19,48.8852,-123.2963,humpback whale,Megaptera novaeangliae,-,certain,a020c579-3dee-4328-ad85-eef9aea2047f
628,12/18/19,48.8797,-123.303,humpback whale,Megaptera novaeangliae,-,certain,6ae30d53-180a-4e3d-b126-7891fb6dbd25
630,12/22/19,48.8457,-123.3493,humpback whale,Megaptera novaeangliae,-,certain,c9fe5f94-d792-4a8a-96e2-56fb35a32630
631,12/22/19,48.8537,-123.3531,humpback whale,Megaptera novaeangliae,-,certain,3b004d41-1f2e-4561-9d7e-fd553e018c10
633,12/26/19,48.8672,-123.3047,humpback whale,Megaptera novaeangliae,-,certain,a713753a-c338-4e98-8a99-1227ea729abf
634,08/29/19,49.005,-123.5179,humpback whale,Megaptera novaeangliae,-,certain,b4d823e0-366d-489f-860d-949d08bca98f
638,12/30/19,48.8897,-123.2945,humpback whale,Megaptera novaeangliae,-,certain,3243177c-c114-4b33-9ede-0393185dc46c
641,01/04/20,48.896,-123.2896,humpback whale,Megaptera novaeangliae,-,certain,37a6d2bd-beae-4e45-bf08-17f0f75fe24b
642,01/24/20,48.8798,-123.2955,humpback whale,Megaptera novaeangliae,-,certain,1936429e-1522-451b-a0d0-9d36ce4aa00a
645,03/04/20,48.86,-123.3171,humpback whale,Megaptera novaeangliae,-,certain,3aec4c49-09d1-4421-91d7-78c74358d955
646,03/01/20,48.844,-123.3542,humpback whale,Megaptera novaeangliae,-,certain,124f3f7c-fff1-4001-95d6-248a7999c876
650,04/06/20,48.9,-123.3265,humpback whale,Megaptera novaeangliae,-,probable,a89063ce-c404-4f76-9303-b81ec52d59df
658,05/04/20,48.895,-123.303,humpback whale,Megaptera novaeangliae,-,probable,1807d759-c9e8-4b27-a376-7acc9300be24
659,05/04/20,48.8847,-123.2922,humpback whale,Megaptera novaeangliae,-,certain,59c8edb5-0e94-45b0-a226-268a16b09a3d
660,05/18/20,48.8799,-123.2903,humpback whale,Megaptera novaeangliae,-,certain,a63087f5-793a-4681-bccc-32da959a4aae
661,08/04/19,48.8993,-123.3023,humpback whale,Megaptera novaeangliae,3,certain,3eaae898-27b2-4366-8116-0b422fbf94f4
662,08/02/19,48.8468,-123.3466,humpback whale,Megaptera novaeangliae,3,certain,18ca67a2-7f7a-4d1e-a131-f71a29be173f
663,07/31/19,48.8484,-123.3413,humpback whale,Megaptera novaeangliae,1,certain,43e9c378-e5c8-4686-a1eb-d5a7578afddd
665,07/25/19,48.8436,-123.3544,humpback whale,Megaptera novaeangliae,2,certain,10297372-2BDD-4365-B96A-A591945FC5AC
666,07/19/19,48.8705,-123.3062,humpback whale,Megaptera novaeangliae,2,certain,8DFA5293-FB1C-433C-ACEF-BFAB80DEA8FA
670,07/13/19,49.0072,-123.5092,humpback whale,Megaptera novaeangliae,2,certain,C279A958-9081-49E3-A39C-FB653311FB2B
672,07/09/19,48.8902,-123.2984,humpback whale,Megaptera novaeangliae,2,certain,EC454CA5-0013-4A1D-A657-6BAC4E53A8C7
684,05/31/19,48.8468,-123.3466,humpback whale,Megaptera novaeangliae,1,certain,be5a4d11-63b8-4002-b47e-e5761d7be7f2
686,05/26/19,48.9016,-123.2893,humpback whale,Megaptera novaeangliae,1,certain,92d9f584-73e2-44a0-920e-31a2a2650d34
719,12/08/18,48.8655,-123.3072,humpback whale,Megaptera novaeangliae,1,certain,5fe367cb-aaf2-4e1f-a6e6-74098e215aba
720,12/08/18,48.8683,-123.3035,humpback whale,Megaptera novaeangliae,1,certain,79a03267-7717-4af2-8d12-99080bd9379f
722,12/06/18,48.8632,-123.3404,humpback whale,Megaptera novaeangliae,1,probable,a0109b2a-adcf-4194-b3a5-d7d22617b613
723,12/01/18,48.8376,-123.3454,humpback whale,Megaptera novaeangliae,1,certain,bc07472d-9be8-48a3-aad8-354108a56956
728,10/21/18,48.8577,-123.3248,humpback whale,Megaptera novaeangliae,1,certain,AC160F28-F537-4E5B-8127-055C90C2CDC2
729,10/21/18,48.8573,-123.3069,humpback whale,Megaptera novaeangliae,2,certain,5C6ACAE9-B291-493A-B3A3-4113DFE9B21A
735,09/13/18,48.8572,-123.3249,humpback whale,Megaptera novaeangliae,1,certain,1A564A82-8BF2-46C4-B681-C73871335B77
739,09/03/18,48.8548,-123.304,humpback whale,Megaptera novaeangliae,1,certain,8B00A0A2-0DD6-45F0-A7B1-3B63EC81F135
740,09/03/18,48.8701,-123.3063,humpback whale,Megaptera novaeangliae,1,certain,5DB77D46-09BB-449E-97F4-A198E8D4EDB3
741,09/03/18,48.8656,-123.3062,humpback whale,Megaptera novaeangliae,1,certain,8C8978DF-F68F-418D-BE3A-561D2DF05FB2
758,07/23/18,48.9865,-123.5781,humpback whale,Megaptera novaeangliae,1,probable,D4A7BA40-E627-408A-B849-8BFEA7060884
761,07/17/18,48.9858,-123.5779,humpback whale,Megaptera novaeangliae,2,certain,53475461-B3C7-43AD-BDCC-B2AB4BFF97F2
762,07/13/18,48.8565,-123.3047,humpback whale,Megaptera novaeangliae,1,certain,09946B61-AE59-476F-868C-57EFDC0AB042
769,06/30/18,48.8603,-123.3295,humpback whale,Megaptera novaeangliae,1,certain,424766D1-3B78-4AD9-BB13-2544CCD26EAB
774,06/27/18,48.8827,-123.2907,humpback whale,Megaptera novaeangliae,1,certain,be79128a-667f-46fe-93b5-04964ae9e038
775,06/27/18,48.8581,-123.3494,humpback whale,Megaptera novaeangliae,1,certain,4350557C-0D3E-4BB1-B316-B924B7B71322
777,06/14/18,48.8591,-123.3558,humpback whale,Megaptera novaeangliae,1,probable,64019172-42C4-4B83-BAD4-734AB4555CA8
778,06/14/18,48.85,-123.3333,humpback whale,Megaptera novaeangliae,1,certain,2958A863-A45C-4B08-9BC2-E66376FBB114
784,05/24/18,48.8593,-123.3501,humpback whale,Megaptera novaeangliae,2,certain,342FCF28-4874-40D2-A7E6-00C4E9A3A1A9
785,05/24/18,48.8433,-123.35,humpback whale,Megaptera novaeangliae,2,certain,92D227C5-09EC-4DFF-A026-E82994BBDB54
789,05/21/18,48.8661,-123.3894,humpback whale,Megaptera novaeangliae,1,certain,C348A0D1-03B8-4865-839C-1D31EF7D2750
790,05/11/18,48.8761,-123.3023,humpback whale,Megaptera novaeangliae,1,probable,A82AADCF-A714-4646-AAF8-D3B1B25A6F86
797,12/05/17,48.9669,-123.4818,humpback whale,Megaptera novaeangliae,1,certain,80c85246-ba38-466c-8018-6f5d69fde533
798,12/03/17,48.8675,-123.3079,humpback whale,Megaptera novaeangliae,2,certain,7A552DE8-8E2A-44BA-B0DD-59C11F3EEF6E
799,11/20/17,48.9425,-123.4083,humpback whale,Megaptera novaeangliae,-,certain,48c74bd8-2b6f-4d33-a2ed-613459ebdb3b
1,06/03/06,48.8636166,-123.30865,killer whale,Orcinus orca,NA,certain,471
2,07/08/06,48.8636166,-123.30865,killer whale,Orcinus orca,NA,certain,523
3,07/08/07,48.86201667,-123.3404833,killer whale,Orcinus orca,NA,certain,636
4,03/05/05,48.83333333,-123.3333333,killer whale,Orcinus orca,10,certain,47716
5,10/24/10,48.85341667,-123.3627333,killer whale,Orcinus orca,5,certain,53840
6,10/24/10,48.85833333,-123.352,killer whale,Orcinus orca,5,,76758
7,09/19/05,48.84765,-123.3476167,killer whale,Orcinus orca,NA,,4922
8,07/15/02,48.886,-123.305,killer whale,Orcinus orca,NA,certain,4935
9,07/15/02,48.886,-123.305,killer whale,Orcinus orca,NA,certain,41276
10,06/24/07,48.89996667,-123.4960833,killer whale,Orcinus orca,NA,certain,4946
11,10/16/11,48.95365,-123.5520833,killer whale,Orcinus orca,25,certain,76847
12,07/20/04,48.83833333,-123.3533333,killer whale,Orcinus orca,10,certain,5032
13,03/16/02,49.015,-123.5881,killer whale,Orcinus orca,7,certain,5114
14,04/23/14,49.00483333,-123.5425,killer whale,Orcinus orca,NA,certain,92720
15,09/30/04,48.85016667,-123.3518333,killer whale,Orcinus orca,15,certain,7238
16,05/19/03,48.8505,-123.3449,killer whale,Orcinus orca,NA,certain,7424
19,04/26/14,48.865,-123.385,killer whale,Orcinus orca,NA,certain,92721
20,07/10/04,48.8575,-123.3128333,killer whale,Orcinus orca,40,certain,11030
21,03/30/14,48.91835,-123.4992167,killer whale,Orcinus orca,4,,93047
22,08/12/05,48.85855,-123.3114333,killer whale,Orcinus orca,20,certain,11709
23,10/31/06,48.98066667,-123.5759833,killer whale,Orcinus orca,1,probable,11851
24,08/01/02,48.8761,-123.3127,killer whale,Orcinus orca,5,certain,11895
25,05/17/07,48.8636166,-123.30865,killer whale,Orcinus orca,NA,certain,13793
26,09/25/03,48.86666667,-123.305,killer whale,Orcinus orca,NA,probable,14113
27,04/23/14,48.87766667,-123.2915333,killer whale,Orcinus orca,5,,93051
28,05/16/07,48.85976667,-123.31775,killer whale,Orcinus orca,NA,certain,15719
29,10/02/02,48.875,-123.3033333,killer whale,Orcinus orca,NA,certain,15812
30,05/26/06,48.85966667,-123.3452667,killer whale,Orcinus orca,NA,certain,15847
31,08/05/06,48.8607,-123.33635,killer whale,Orcinus orca,NA,certain,17949
32,05/26/05,48.86,-123.31,killer whale,Orcinus orca,3,certain,19199
33,04/26/14,48.86716667,-123.3918333,killer whale,Orcinus orca,3,,93052
34,04/20/16,48.85126667,-123.4065167,killer whale,Orcinus orca,7,certain,111402
35,11/30/08,48.88616667,-123.4456167,killer whale,Orcinus orca,5,certain,21263
37,03/19/18,48.86333333,-123.3341667,killer whale,Orcinus orca,5,,128619
38,07/08/06,48.8636166,-123.30865,killer whale,Orcinus orca,10,certain,25225
39,07/29/03,48.884,-123.2872,killer whale,Orcinus orca,20,certain,25255
40,07/17/04,48.86061667,-123.33495,killer whale,Orcinus orca,6,certain,26435
41,09/29/01,48.8625,-123.3438,killer whale,Orcinus orca,NA,,26635
42,08/05/06,48.8636166,-123.30865,killer whale,Orcinus orca,12,certain,28363
43,06/10/05,48.88763333,-123.3053333,killer whale,Orcinus orca,10,certain,28530
44,06/08/05,48.86013333,-123.31105,killer whale,Orcinus orca,7,certain,30046
45,05/28/05,48.84673333,-123.3337167,killer whale,Orcinus orca,5,certain,31852
46,05/07/05,48.84901667,-123.3593,killer whale,Orcinus orca,5,,32025
48,05/31/11,48.88666667,-123.3083333,killer whale,Orcinus orca,5,certain,57046
49,07/18/06,48.86075,-123.3102,killer whale,Orcinus orca,NA,certain,36001
50,05/17/07,48.9659,-123.5736333,killer whale,Orcinus orca,NA,certain,37840
51,07/11/04,48.87583333,-123.3128333,killer whale,Orcinus orca,12,certain,38056
52,07/13/09,48.83333333,-123.3383333,killer whale,Orcinus orca,15,certain,42947
53,05/02/19,48.8555,-123.3502,killer whale,Orcinus orca,24,certain,cc3a30a9-5a6c-495a-9b3b-28ef4b9478d5
54,04/12/10,48.84573333,-123.3400667,killer whale,Orcinus orca,4,certain,51339
55,06/06/10,48.99463333,-123.4533667,killer whale,Orcinus orca,5,certain,51359
56,06/22/10,48.84303333,-123.3730333,killer whale,Orcinus orca,3,certain,51360
57,07/24/10,48.8707,-123.3076333,killer whale,Orcinus orca,10,certain,51515
58,07/16/10,48.85741667,-123.30915,killer whale,Orcinus orca,6,certain,53235
59,07/25/10,48.85861667,-123.3474167,killer whale,Orcinus orca,20,certain,53237
60,08/14/10,48.88211667,-123.3009,killer whale,Orcinus orca,10,certain,53247
62,12/27/10,49.0267,-123.57625,killer whale,Orcinus orca,11,certain,56497
63,05/08/11,48.87506667,-123.3065,killer whale,Orcinus orca,10,certain,56681
64,11/23/11,48.97956667,-123.5727333,killer whale,Orcinus orca,NA,,59830
67,05/22/11,48.94625,-123.5396833,killer whale,Orcinus orca,7,certain,75162
68,05/29/11,49.02448333,-123.5806167,killer whale,Orcinus orca,44,,75168
70,04/10/07,48.83745,-123.3348333,killer whale,Orcinus orca,5,certain,1459
71,09/27/03,48.871,-123.306,killer whale,Orcinus orca,NA,certain,1573
72,10/17/04,48.859,-123.3092,killer whale,Orcinus orca,20,certain,1644
73,08/11/05,48.8457,-123.3348333,killer whale,Orcinus orca,NA,,1652
76,05/03/03,48.8824,-123.2893,killer whale,Orcinus orca,NA,certain,2737
77,11/03/06,48.96383333,-123.5668333,killer whale,Orcinus orca,6,certain,3006
78,07/08/07,48.85426667,-123.3509167,killer whale,Orcinus orca,5,certain,4512
79,09/18/05,48.8597,-123.3311833,killer whale,Orcinus orca,NA,certain,8133
80,07/01/04,48.85935,-123.3303167,killer whale,Orcinus orca,NA,,8325
81,02/08/04,48.84531667,-123.3308333,killer whale,Orcinus orca,2,certain,8424
82,04/23/04,48.91666667,-123.3833333,killer whale,Orcinus orca,7,certain,9428
83,02/08/04,48.86063333,-123.3336167,killer whale,Orcinus orca,2,certain,9592
84,06/22/06,48.86613333,-123.3059667,killer whale,Orcinus orca,NA,certain,9599
85,02/15/07,48.84711667,-123.3536333,killer whale,Orcinus orca,12,certain,11478
86,11/15/04,48.8564,-123.3106,killer whale,Orcinus orca,NA,certain,11482
87,03/24/02,49.0146,-123.5408,killer whale,Orcinus orca,12,certain,14239
88,07/29/06,48.86795,-123.3076167,killer whale,Orcinus orca,20,certain,14510
89,07/08/03,48.84176667,-123.3445333,killer whale,Orcinus orca,12,certain,15902
90,04/08/05,48.8585,-123.3484833,killer whale,Orcinus orca,12,certain,16223
91,06/13/03,48.8626,-123.3372,killer whale,Orcinus orca,NA,certain,17450
92,08/20/04,48.8731,-123.2976,killer whale,Orcinus orca,NA,certain,17583
93,08/13/06,48.85813333,-123.3198833,killer whale,Orcinus orca,NA,certain,22851
94,06/12/01,48.858,-123.308,killer whale,Orcinus orca,NA,,26315
95,12/08/06,48.85143333,-123.35615,killer whale,Orcinus orca,NA,certain,26336
96,11/07/07,48.91845,-123.4993333,killer whale,Orcinus orca,20,,27402
97,09/24/04,48.85715,-123.31185,killer whale,Orcinus orca,30,certain,27422
98,12/31/03,48.88833333,-123.29,killer whale,Orcinus orca,5,certain,27450
99,11/15/04,48.8574,-123.3113,killer whale,Orcinus orca,10,certain,27560
100,06/13/04,48.86083333,-123.3341333,killer whale,Orcinus orca,NA,certain,29726
102,09/24/06,48.88638333,-123.28625,killer whale,Orcinus orca,NA,certain,31214
103,11/08/03,48.9163,-123.5318167,killer whale,Orcinus orca,NA,certain,31259
104,04/23/04,48.94171667,-123.5076,killer whale,Orcinus orca,1,certain,31289
105,07/19/04,48.877,-123.295,killer whale,Orcinus orca,20,certain,31470
106,06/29/02,48.886,-123.305,killer whale,Orcinus orca,NA,certain,31563
107,12/31/03,48.85991667,-123.3481667,killer whale,Orcinus orca,11,certain,31591
108,05/28/02,48.8577,-123.3156,killer whale,Orcinus orca,NA,,31606
109,03/06/09,48.87375,-123.3043667,killer whale,Orcinus orca,5,certain,31667
110,04/23/04,48.85811667,-123.3148,killer whale,Orcinus orca,4,certain,32909
111,06/24/07,48.8826,-123.2975667,killer whale,Orcinus orca,NA,,33113
112,10/02/07,48.89938333,-123.3287667,killer whale,Orcinus orca,7,,33134
113,07/04/07,48.8636166,-123.30865,killer whale,Orcinus orca,2,certain,33167
114,09/01/04,48.8669,-123.3076,killer whale,Orcinus orca,NA,certain,33244
115,05/01/06,49.002,-123.5985167,killer whale,Orcinus orca,15,certain,34707
116,07/25/07,48.84113333,-123.3359667,killer whale,Orcinus orca,2,certain,36450
117,06/20/03,48.8509,-123.3483,killer whale,Orcinus orca,NA,certain,36526
118,09/26/04,48.8434,-123.354,killer whale,Orcinus orca,NA,certain,36615
119,07/11/02,48.858,-123.308,killer whale,Orcinus orca,NA,certain,36673
120,01/31/02,49.01333333,-123.5833333,killer whale,Orcinus orca,3,certain,36803
121,07/15/07,48.85885,-123.3202,killer whale,Orcinus orca,NA,certain,36850
122,07/22/05,48.85866667,-123.3939,killer whale,Orcinus orca,NA,,38236
123,05/30/04,48.87751667,-123.29985,killer whale,Orcinus orca,11,certain,38251
124,06/17/06,48.87873333,-123.2893833,killer whale,Orcinus orca,NA,certain,38579
125,09/15/06,48.97775,-123.5691833,killer whale,Orcinus orca,1,certain,40116
126,07/06/06,48.85791667,-123.3107,killer whale,Orcinus orca,NA,certain,40140
127,05/13/05,48.8636166,-123.30865,killer whale,Orcinus orca,NA,certain,40276
128,07/17/04,48.87968333,-123.2927667,killer whale,Orcinus orca,NA,certain,40339
129,08/31/04,48.8611,-123.3087,killer whale,Orcinus orca,4,certain,41824
131,07/09/06,48.86323333,-123.3438167,killer whale,Orcinus orca,NA,certain,41876
132,07/12/04,48.885,-123.2916667,killer whale,Orcinus orca,6,certain,42083
133,05/14/10,48.86148333,-123.3417167,killer whale,Orcinus orca,7,certain,48761
134,06/07/10,48.99068333,-123.59015,killer whale,Orcinus orca,4,certain,49121
135,05/23/10,48.95296667,-123.5665167,killer whale,Orcinus orca,5,certain,51888
136,07/04/10,48.89166667,-123.3376,killer whale,Orcinus orca,20,certain,54495
137,07/04/10,48.87625,-123.29205,killer whale,Orcinus orca,NA,certain,54496
138,07/07/10,48.84711667,-123.3431167,killer whale,Orcinus orca,10,certain,54501
139,01/10/11,48.99578333,-123.5884333,killer whale,Orcinus orca,10,certain,54522
140,07/28/10,48.91246667,-123.2963333,killer whale,Orcinus orca,10,certain,54544
141,08/17/10,48.86086667,-123.3385833,killer whale,Orcinus orca,20,certain,54616
142,09/25/10,48.85551667,-123.3477167,killer whale,Orcinus orca,10,certain,54681
144,05/22/11,48.98255,-123.5973833,killer whale,Orcinus orca,6,,56913
145,05/24/11,48.83613333,-123.3342333,killer whale,Orcinus orca,3,,56920
147,04/29/15,48.97706667,-123.4671333,killer whale,Orcinus orca,3,certain,106353
148,04/16/13,49.01738333,-123.5851333,killer whale,Orcinus orca,13,certain,85607
149,06/09/07,48.8636166,-123.30865,killer whale,Orcinus orca,NA,certain,28897
160,03/26/12,48.99216667,-123.5961667,killer whale,Orcinus orca,7,certain,77148
161,03/24/12,48.97891667,-123.57235,killer whale,Orcinus orca,1,certain,77158
162,03/27/12,48.97916667,-123.5725167,killer whale,Orcinus orca,12,certain,77197
164,07/27/11,48.86771667,-123.3071667,killer whale,Orcinus orca,4,certain,77214
165,07/26/07,48.9299,-123.3875833,killer whale,Orcinus orca,NA,certain,1044
167,05/13/04,48.90833333,-123.3283333,killer whale,Orcinus orca,6,certain,2215
168,07/22/04,48.85,-123.3333333,killer whale,Orcinus orca,30,certain,2278
169,07/14/05,48.84673333,-123.3337167,killer whale,Orcinus orca,10,certain,2463
170,01/09/04,48.87743333,-123.3021,killer whale,Orcinus orca,10,certain,2476
171,09/21/04,48.83666667,-123.3533333,killer whale,Orcinus orca,6,certain,3863
172,05/09/05,48.8636166,-123.30865,killer whale,Orcinus orca,12,certain,4283
173,12/08/03,48.8575,-123.3067833,killer whale,Orcinus orca,17,certain,7639
174,09/04/01,48.85333333,-123.3533333,killer whale,Orcinus orca,30,certain,10313
175,09/05/01,48.855,-123.3494,killer whale,Orcinus orca,15,certain,10427
177,05/19/03,48.8799,-123.2926,killer whale,Orcinus orca,NA,certain,10490
178,07/12/07,48.85,-123.3484667,killer whale,Orcinus orca,15,certain,12403
179,09/04/05,48.95,-123.5499833,killer whale,Orcinus orca,3,,13695
180,07/09/04,48.855,-123.35,killer whale,Orcinus orca,50,certain,17055
181,08/24/03,48.83335,-123.3449667,killer whale,Orcinus orca,NA,certain,18503
182,09/30/01,48.8586,-123.3255,killer whale,Orcinus orca,NA,certain,18944
183,09/01/04,48.92886667,-123.3417167,killer whale,Orcinus orca,NA,possible,22587
184,08/04/06,48.8636166,-123.30865,killer whale,Orcinus orca,NA,certain,24068
185,08/04/06,48.8636166,-123.30865,killer whale,Orcinus orca,NA,certain,29107
186,12/19/01,48.886,-123.305,killer whale,Orcinus orca,8,possible,24237
187,09/29/01,48.885,-123.2916667,killer whale,Orcinus orca,10,certain,25816
188,06/11/05,48.87821667,-123.3047667,killer whale,Orcinus orca,8,certain,25859
189,07/26/07,48.84113333,-123.3359667,killer whale,Orcinus orca,12,certain,28108
190,07/26/07,48.8636166,-123.30865,killer whale,Orcinus orca,NA,certain,29088
191,01/05/03,48.8772,-123.298,killer whale,Orcinus orca,7,,30656
192,07/21/06,48.86405,-123.3430167,killer whale,Orcinus orca,NA,certain,33748
193,09/06/03,48.88541667,-123.31045,killer whale,Orcinus orca,1,certain,33864
196,09/17/03,48.8712,-123.3058,killer whale,Orcinus orca,20,certain,35910
197,09/23/02,48.8625,-123.3438,killer whale,Orcinus orca,NA,certain,37563
198,05/19/07,48.8636166,-123.30865,killer whale,Orcinus orca,12,certain,37636
199,06/03/06,48.8636166,-123.30865,killer whale,Orcinus orca,6,certain,40603
201,09/27/09,48.85681667,-123.3460833,killer whale,Orcinus orca,4,certain,43915
202,05/30/10,48.97468333,-123.5973,killer whale,Orcinus orca,5,certain,54067
203,06/12/10,48.97468333,-123.5973,killer whale,Orcinus orca,5,certain,54070
204,09/02/10,48.97468333,-123.5973,killer whale,Orcinus orca,20,certain,54075
205,01/21/11,48.96666667,-123.5833333,killer whale,Orcinus orca,6,certain,55785
207,01/30/11,48.98088333,-123.5807167,killer whale,Orcinus orca,18,certain,55826
208,10/12/03,49.00463333,-123.5952833,killer whale,Orcinus orca,5,certain,55827
209,02/26/11,48.99833333,-123.59915,killer whale,Orcinus orca,3,certain,55858
210,03/19/11,48.93368333,-123.5277167,killer whale,Orcinus orca,3,certain,56111
211,08/05/11,48.87401667,-123.31165,killer whale,Orcinus orca,NA,certain,58120
213,08/14/11,48.85595,-123.3492,killer whale,Orcinus orca,12,certain,58165
215,11/06/11,48.9667,-123.5599667,killer whale,Orcinus orca,30,,59557
216,10/30/11,48.99575,-123.6037,killer whale,Orcinus orca,6,,59568
218,03/06/12,48.97665,-123.5706,killer whale,Orcinus orca,12,certain,76677
219,05/12/12,48.85951667,-123.34745,killer whale,Orcinus orca,4,certain,78122
220,05/29/12,48.96083333,-123.4252167,killer whale,Orcinus orca,5,certain,78245
222,07/07/12,48.88286667,-123.29505,killer whale,Orcinus orca,5,certain,79415
223,07/13/12,48.84618333,-123.3583333,killer whale,Orcinus orca,5,certain,79420
224,07/21/12,48.85626667,-123.35225,killer whale,Orcinus orca,12,certain,79424
225,07/28/12,48.85971667,-123.3471833,killer whale,Orcinus orca,12,certain,79425
226,07/28/12,48.86591667,-123.3081167,killer whale,Orcinus orca,5,certain,79426
232,07/08/06,48.8636166,-123.30865,killer whale,Orcinus orca,12,certain,67
233,05/22/01,48.883,-123.298,killer whale,Orcinus orca,NA,certain,1845
234,01/14/06,48.93823333,-123.5225833,killer whale,Orcinus orca,6,,1938
235,06/20/04,48.876555,-123.3148883,killer whale,Orcinus orca,8,probable,2120
236,06/22/06,48.84566667,-123.3446333,killer whale,Orcinus orca,20,certain,3698
237,07/15/07,48.86043333,-123.309,killer whale,Orcinus orca,NA,certain,3808
238,03/29/05,48.86,-123.31,killer whale,Orcinus orca,10,certain,5422
239,07/13/08,48.87315,-123.3036667,killer whale,Orcinus orca,6,certain,6695
240,09/05/05,48.85871667,-123.3184667,killer whale,Orcinus orca,12,,6928
241,05/03/06,48.99731667,-123.5940333,killer whale,Orcinus orca,10,certain,8459
242,04/08/05,48.8636166,-123.30865,killer whale,Orcinus orca,NA,certain,8698
243,07/05/07,48.8636166,-123.30865,killer whale,Orcinus orca,NA,,10044
244,08/31/04,48.96666667,-123.5833167,killer whale,Orcinus orca,NA,certain,10053
245,06/17/05,48.91783333,-123.4905833,killer whale,Orcinus orca,3,probable,13012
246,03/17/02,48.8701,-123.4211,killer whale,Orcinus orca,1,,14856
247,06/25/03,48.8556,-123.3028,killer whale,Orcinus orca,NA,certain,16652
249,07/26/02,49.0225,-123.5512,killer whale,Orcinus orca,11,certain,23568
250,09/26/01,48.8363,-123.3429,killer whale,Orcinus orca,8,certain,23656
251,06/28/03,48.84211667,-123.3497167,killer whale,Orcinus orca,15,certain,23832
252,06/22/04,48.86123333,-123.3337167,killer whale,Orcinus orca,NA,certain,25295
253,09/01/04,48.8385,-123.3505,killer whale,Orcinus orca,20,certain,25547
254,10/05/04,48.85775,-123.316,killer whale,Orcinus orca,6,certain,26807
255,08/23/07,48.8588,-123.3090833,killer whale,Orcinus orca,NA,certain,26891
256,06/27/06,48.8636166,-123.30865,killer whale,Orcinus orca,12,certain,27197
257,10/24/03,48.87548333,-123.30465,killer whale,Orcinus orca,NA,certain,27210
258,02/23/05,48.86608333,-123.30885,killer whale,Orcinus orca,3,certain,29362
259,08/26/03,48.8633,-123.3366,killer whale,Orcinus orca,NA,certain,30863
260,01/09/04,48.89981667,-123.50585,killer whale,Orcinus orca,2,certain,31066
262,06/27/06,48.8636166,-123.30865,killer whale,Orcinus orca,10,certain,32478
263,06/11/04,48.85963333,-123.3292167,killer whale,Orcinus orca,NA,certain,32496
264,09/03/06,48.8636166,-123.30865,killer whale,Orcinus orca,20,,32556
265,09/24/04,48.85881667,-123.31185,killer whale,Orcinus orca,10,certain,32580
266,06/29/06,48.85618333,-123.3256167,killer whale,Orcinus orca,20,certain,34436
268,07/14/04,48.8559,-123.312,killer whale,Orcinus orca,NA,certain,36974
270,10/17/04,48.8561,-123.3211,killer whale,Orcinus orca,NA,certain,37058
271,09/09/04,48.83616667,-123.3233333,killer whale,Orcinus orca,15,certain,39368
272,07/06/06,48.83856667,-123.3572,killer whale,Orcinus orca,NA,certain,39428
273,05/08/07,48.86125,-123.342,killer whale,Orcinus orca,5,certain,41524
274,03/18/10,48.95111667,-123.5482667,killer whale,Orcinus orca,8,certain,48231
275,08/19/09,48.85923333,-123.3101667,killer whale,Orcinus orca,12,certain,48310
277,08/28/10,48.8582,-123.31005,killer whale,Orcinus orca,NA,certain,51929
279,03/04/10,48.85878333,-123.3500667,killer whale,Orcinus orca,8,certain,53899
281,07/10/11,48.87018333,-123.3044167,killer whale,Orcinus orca,3,certain,57409
282,07/07/11,48.85748333,-123.3352667,killer whale,Orcinus orca,7,certain,57413
287,06/26/11,48.86056667,-123.3505,killer whale,Orcinus orca,4,certain,58854
288,08/05/11,48.87988333,-123.3104333,killer whale,Orcinus orca,12,certain,58866
289,08/28/11,48.88116667,-123.3101167,killer whale,Orcinus orca,4,certain,58877
290,12/17/11,48.86968333,-123.3036833,killer whale,Orcinus orca,4,certain,75370
291,05/23/12,48.97253333,-123.5661333,killer whale,Orcinus orca,12,certain,78303
293,05/21/12,48.86651667,-123.3116667,killer whale,Orcinus orca,7,certain,78370
294,06/24/12,48.8467,-123.3554,killer whale,Orcinus orca,10,certain,78493
295,06/27/12,48.87426667,-123.3048667,killer whale,Orcinus orca,8,certain,78589
300,01/30/12,48.87873333,-123.3094167,killer whale,Orcinus orca,6,certain,76077
306,01/20/13,48.92633333,-123.508,killer whale,Orcinus orca,2,certain,81918
307,03/10/13,48.93606667,-123.5047333,killer whale,Orcinus orca,3,certain,82268
309,08/17/13,48.8731,-123.3077,killer whale,Orcinus orca,10,certain,84403
310,08/22/13,48.90358333,-123.4461833,killer whale,Orcinus orca,4,certain,84553
311,08/28/13,48.91473333,-123.3833667,killer whale,Orcinus orca,4,certain,84599
312,09/04/13,48.89755,-123.3337333,killer whale,Orcinus orca,1,certain,84640
313,09/06/13,48.89783333,-123.3357167,killer whale,Orcinus orca,4,certain,84641
314,08/25/13,48.85935,-123.3352667,killer whale,Orcinus orca,15,certain,84677
315,09/06/13,48.94266667,-123.3893167,killer whale,Orcinus orca,5,certain,84708
316,07/22/13,48.92746667,-123.5335333,killer whale,Orcinus orca,3,certain,84710
317,08/31/13,48.92563333,-123.4748333,killer whale,Orcinus orca,2,certain,84752
318,09/06/13,48.95085,-123.5491333,killer whale,Orcinus orca,2,certain,84802
319,12/03/13,48.91875,-123.3777333,killer whale,Orcinus orca,10,certain,85975
320,06/24/14,48.8558,-123.3207833,killer whale,Orcinus orca,8,certain,89668
321,06/20/14,48.85901667,-123.3452167,killer whale,Orcinus orca,11,certain,89688
323,06/25/14,48.85761667,-123.3102333,killer whale,Orcinus orca,5,certain,90814
325,08/08/14,48.85996667,-123.3110833,killer whale,Orcinus orca,20,certain,90958
327,08/31/14,48.85785,-123.3152333,killer whale,Orcinus orca,2,certain,91165
328,12/16/14,48.93278333,-123.4231667,killer whale,Orcinus orca,12,,94844
329,04/13/13,48.85566667,-123.32025,killer whale,Orcinus orca,7,certain,82895
330,04/21/13,48.85896667,-123.3437833,killer whale,Orcinus orca,5,certain,82896
331,12/30/13,48.86393333,-123.3082333,killer whale,Orcinus orca,1,certain,88709
332,01/01/14,48.87261667,-123.4288,killer whale,Orcinus orca,1,certain,88737
337,10/01/14,48.8587,-123.32275,killer whale,Orcinus orca,3,certain,91615
340,03/23/15,48.93915,-123.4256167,killer whale,Orcinus orca,15,certain,98016
341,10/04/15,48.87813333,-123.3085667,killer whale,Orcinus orca,2,certain,100865
344,05/16/13,48.85781667,-123.3887833,killer whale,Orcinus orca,12,certain,83471
346,05/28/13,48.91798333,-123.3895,killer whale,Orcinus orca,6,certain,83524
347,06/03/13,48.85673333,-123.3478167,killer whale,Orcinus orca,4,certain,83527
348,06/05/13,49.0005,-123.6012333,killer whale,Orcinus orca,11,certain,83582
354,09/13/14,48.99078333,-123.6094333,killer whale,Orcinus orca,3,certain,93161
358,04/19/15,48.87366667,-123.2962667,killer whale,Orcinus orca,9,certain,96774
359,05/15/15,48.84068333,-123.3480833,killer whale,Orcinus orca,4,certain,97215
360,05/17/15,48.94643333,-123.3853833,killer whale,Orcinus orca,NA,possible,97217
361,06/12/15,48.85828333,-123.3137,killer whale,Orcinus orca,11,certain,99482
362,06/28/15,48.8671,-123.309,killer whale,Orcinus orca,NA,certain,99502
363,06/28/15,48.92726667,-123.5464333,killer whale,Orcinus orca,4,certain,99503
364,06/22/15,49.00981667,-123.59425,killer whale,Orcinus orca,4,certain,99519
367,07/05/15,48.85075,-123.3390667,killer whale,Orcinus orca,12,certain,106145
368,08/23/15,48.85175,-123.355,killer whale,Orcinus orca,1,probable,106454
369,08/22/15,48.88611667,-123.40015,killer whale,Orcinus orca,3,certain,106559
370,10/13/16,48.91,-123.3659667,killer whale,Orcinus orca,4,certain,109234
371,09/05/16,48.85943333,-123.3474667,killer whale,Orcinus orca,1,probable,109465
372,09/10/16,48.86463333,-123.3082667,killer whale,Orcinus orca,16,certain,109471
374,10/26/16,48.87433333,-123.3051667,killer whale,Orcinus orca,5,certain,109570
377,01/16/16,48.87145,-123.3047667,killer whale,Orcinus orca,5,certain,113105
378,03/19/16,49.00556667,-123.5538667,killer whale,Orcinus orca,4,certain,113202
379,04/13/17,48.85483333,-123.318,killer whale,Orcinus orca,3,certain,113298
381,08/05/11,48.88368333,-123.3062833,killer whale,Orcinus orca,10,certain,77216
382,08/26/11,48.88213333,-123.2913833,killer whale,Orcinus orca,2,certain,77226
384,08/27/11,48.88803333,-123.3032167,killer whale,Orcinus orca,3,certain,77229
385,07/10/11,48.89023333,-123.3010333,killer whale,Orcinus orca,4,certain,77233
389,04/07/13,48.85908333,-123.3268,killer whale,Orcinus orca,4,certain,82433
390,04/05/13,48.88091667,-123.3072167,killer whale,Orcinus orca,5,certain,82434
391,04/05/13,48.88091667,-123.3072167,killer whale,Orcinus orca,8,certain,82435
392,03/25/13,48.90653333,-123.3102,killer whale,Orcinus orca,2,certain,82439
393,04/04/13,48.87943333,-123.3069667,killer whale,Orcinus orca,3,,82440
395,04/10/14,48.85366667,-123.3021667,killer whale,Orcinus orca,5,certain,89381
396,04/11/14,48.85898333,-123.3066833,killer whale,Orcinus orca,1,certain,89383
397,04/24/14,48.87651667,-123.3065333,killer whale,Orcinus orca,1,certain,89399
398,03/28/14,48.855,-123.35,killer whale,Orcinus orca,2,certain,89407
399,04/09/14,48.84638333,-123.3344667,killer whale,Orcinus orca,2,certain,89409
400,04/10/14,48.85988333,-123.3281333,killer whale,Orcinus orca,5,certain,89410
401,04/24/14,48.87276667,-123.3041167,killer whale,Orcinus orca,5,,89465
406,11/17/14,48.90793333,-123.3606167,killer whale,Orcinus orca,3,certain,92394
409,10/23/15,48.90065,-123.3392667,killer whale,Orcinus orca,2,certain,98783
410,03/23/15,48.9175,-123.3886667,killer whale,Orcinus orca,1,certain,99085
412,10/23/15,48.92045,-123.3807167,killer whale,Orcinus orca,3,certain,101390
414,06/01/15,48.86358333,-123.30835,killer whale,Orcinus orca,5,certain,105356
417,06/26/16,48.85908333,-123.343,killer whale,Orcinus orca,6,certain,108418
418,06/25/16,48.85685,-123.3297333,killer whale,Orcinus orca,6,certain,108421
419,07/06/16,48.86076667,-123.3063,killer whale,Orcinus orca,1,certain,108433
420,07/06/16,48.86041667,-123.3212167,killer whale,Orcinus orca,1,certain,108435
422,07/12/16,48.86278333,-123.33995,killer whale,Orcinus orca,10,certain,108477
423,07/31/16,48.8544,-123.3451333,killer whale,Orcinus orca,4,certain,108534
428,02/23/15,48.97393333,-123.5918333,killer whale,Orcinus orca,5,certain,97893
429,08/14/15,48.88443333,-123.3029167,killer whale,Orcinus orca,5,certain,99973
430,08/24/15,48.85956667,-123.3284833,killer whale,Orcinus orca,15,certain,100179
431,08/26/15,48.86776667,-123.3092667,killer whale,Orcinus orca,7,certain,100184
432,09/01/15,48.90861667,-123.3603167,killer whale,Orcinus orca,5,certain,100197
435,04/22/15,48.89106667,-123.4066667,killer whale,Orcinus orca,1,certain,102652
437,03/11/16,48.85798333,-123.3534667,killer whale,Orcinus orca,1,certain,105085
438,04/24/16,48.85896667,-123.3107833,killer whale,Orcinus orca,8,certain,105178
440,07/17/15,48.836,-123.3266167,killer whale,Orcinus orca,3,certain,105266
441,06/22/15,48.8713,-123.3080667,killer whale,Orcinus orca,30,certain,105324
442,07/05/15,48.87485,-123.3037833,killer whale,Orcinus orca,30,certain,105326
443,07/13/15,48.87826667,-123.2969333,killer whale,Orcinus orca,40,certain,105328
444,07/23/13,48.86838333,-123.3083,killer whale,Orcinus orca,5,certain,107377
447,02/06/17,48.8422,-123.3391333,killer whale,Orcinus orca,2,certain,112454
448,01/28/17,48.87551667,-123.3126833,killer whale,Orcinus orca,1,certain,112469
450,07/06/16,48.8604,-123.3191,killer whale,Orcinus orca,5,certain,114507
451,09/11/16,48.8705,-123.4003,killer whale,Orcinus orca,1,certain,114659
452,07/20/16,48.8414,-123.355,killer whale,Orcinus orca,NA,probable,114907
457,12/25/16,48.89393333,-123.309,killer whale,Orcinus orca,9,certain,119055
458,02/18/17,49.0069,-123.5551333,killer whale,Orcinus orca,5,certain,119155
459,12/16/17,48.8597,-123.3134167,killer whale,Orcinus orca,2,certain,121083
462,08/24/15,48.8686,-123.3073,killer whale,Orcinus orca,15,certain,106880
463,05/14/16,48.86181667,-123.31135,killer whale,Orcinus orca,8,certain,107158
469,10/08/16,48.8699,-123.30425,killer whale,Orcinus orca,1,certain,112498
470,09/25/16,48.87246667,-123.30425,killer whale,Orcinus orca,10,certain,112499
471,09/07/16,48.87246667,-123.30425,killer whale,Orcinus orca,1,certain,112501
472,02/24/17,48.8677,-123.3074167,killer whale,Orcinus orca,3,certain,112536
473,02/23/17,48.86075,-123.3096833,killer whale,Orcinus orca,5,certain,112538
475,11/26/15,48.85566667,-123.3188833,killer whale,Orcinus orca,7,certain,112988
476,12/23/15,48.88998333,-123.4737167,killer whale,Orcinus orca,NA,,113019
477,12/23/15,48.88928333,-123.2857667,killer whale,Orcinus orca,5,certain,113021
478,08/20/16,48.8657,-123.3114,killer whale,Orcinus orca,3,certain,116136
479,08/20/16,48.8669,-123.3033,killer whale,Orcinus orca,10,certain,116150
480,08/19/16,48.841,-123.3426,killer whale,Orcinus orca,3,certain,116158
481,08/19/16,48.8961,-123.2926,killer whale,Orcinus orca,4,certain,116159
482,08/06/16,48.85856667,-123.3148,killer whale,Orcinus orca,3,certain,116346
483,08/06/16,48.8562,-123.3579,killer whale,Orcinus orca,4,certain,116366
484,08/06/16,48.8997,-123.292,killer whale,Orcinus orca,4,certain,116367
485,08/01/17,48.8832,-123.3096667,killer whale,Orcinus orca,8,,116495
490,08/25/17,48.90988333,-123.3610333,killer whale,Orcinus orca,4,certain,122291
491,08/31/17,48.9393,-123.34745,killer whale,Orcinus orca,4,probable,122295
492,03/24/18,48.99523333,-123.5857167,killer whale,Orcinus orca,7,,122365
497,09/02/17,48.86383333,-123.33805,killer whale,Orcinus orca,4,certain,125041
498,09/02/17,48.86108333,-123.3407,killer whale,Orcinus orca,4,certain,125044
500,08/31/17,48.86978333,-123.3053333,killer whale,Orcinus orca,3,certain,125076
501,08/24/18,48.87133333,-123.4068333,killer whale,Orcinus orca,2,,125164
502,08/26/18,48.87423333,-123.2927333,killer whale,Orcinus orca,4,certain,125182
504,08/18/18,48.8584,-123.3096667,killer whale,Orcinus orca,NA,certain,125197
506,04/17/17,48.8582,-123.31905,killer whale,Orcinus orca,7,certain,113865
507,06/15/16,48.8704,-123.3093,killer whale,Orcinus orca,3,certain,113918
508,06/25/16,48.8802,-123.2942,killer whale,Orcinus orca,6,certain,114143
510,06/28/16,48.868,-123.3029,killer whale,Orcinus orca,3,certain,114217
511,10/07/16,48.88725,-123.3048333,killer whale,Orcinus orca,12,certain,118533
512,10/07/16,48.89761667,-123.2965167,killer whale,Orcinus orca,5,certain,118535
514,06/26/17,48.86836667,-123.3080833,killer whale,Orcinus orca,7,certain,122949
516,06/17/17,49.0017,-123.5449,killer whale,Orcinus orca,6,certain,122966
517,06/29/17,48.85883333,-123.3237333,killer whale,Orcinus orca,3,certain,123062
518,06/30/17,48.8733,-123.2948,killer whale,Orcinus orca,5,certain,123086
521,07/09/17,49.01558333,-123.5834167,killer whale,Orcinus orca,4,certain,123285
522,11/01/18,48.86081667,-123.3429667,killer whale,Orcinus orca,8,certain,126060
527,08/15/17,48.84618333,-123.3368333,killer whale,Orcinus orca,5,,117568
528,08/03/17,48.87658333,-123.3020833,killer whale,Orcinus orca,5,certain,117706
530,05/20/17,48.8544,-123.3449333,killer whale,Orcinus orca,2,certain,119567
533,10/08/16,48.86496667,-123.3088,killer whale,Orcinus orca,5,certain,124078
534,07/01/18,48.95893333,-123.5675167,killer whale,Orcinus orca,4,certain,124162
539,07/01/18,48.85663333,-123.3233333,killer whale,Orcinus orca,3,certain,126777
540,07/01/18,48.85985,-123.3172167,killer whale,Orcinus orca,3,certain,126781
541,03/19/19,48.92933333,-123.51085,killer whale,Orcinus orca,4,certain,128750
542,03/16/19,49.00958333,-123.4894333,killer whale,Orcinus orca,1,certain,128788
543,03/23/19,48.85866667,-123.3253333,killer whale,Orcinus orca,3,certain,128807
544,03/30/19,48.99356667,-123.5854667,killer whale,Orcinus orca,4,certain,128913
546,03/28/19,48.9723,-123.5690167,killer whale,Orcinus orca,5,certain,129032
548,09/11/17,48.8586,-123.3259,killer whale,Orcinus orca,8,certain,129141
549,09/20/17,48.85948333,-123.3376667,killer whale,Orcinus orca,26,certain,129185
551,09/24/17,48.85588333,-123.4027667,killer whale,Orcinus orca,8,certain,129257
552,09/24/17,48.9695,-123.5618833,killer whale,Orcinus orca,12,possible,129309
553,09/25/17,48.83445,-123.3408667,killer whale,Orcinus orca,4,certain,129315
555,07/21/17,48.8361,-123.3252,killer whale,Orcinus orca,4,certain,123565
556,07/21/17,48.8722,-123.2945,killer whale,Orcinus orca,4,certain,123569
557,07/24/17,48.87213333,-123.2934,killer whale,Orcinus orca,4,certain,123599
558,08/01/17,48.8694,-123.3095,killer whale,Orcinus orca,6,certain,123860
559,08/01/17,48.8673,-123.3044167,killer whale,Orcinus orca,6,certain,123866
560,06/23/18,48.85956667,-123.3201833,killer whale,Orcinus orca,15,certain,123891
561,08/03/17,48.86,-123.3239,killer whale,Orcinus orca,4,certain,123917
562,08/03/17,48.85966667,-123.3342167,killer whale,Orcinus orca,5,certain,123918
564,09/29/18,48.876,-123.3108,killer whale,Orcinus orca,3,certain,125524
565,07/28/19,48.8525,-123.3028667,killer whale,Orcinus orca,2,certain,130071
567,06/10/19,48.87198333,-123.3072167,killer whale,Orcinus orca,4,certain,129432
568,07/05/19,49.02796667,-123.5901833,killer whale,Orcinus orca,3,certain,129468
569,07/02/19,48.8521,-123.3524667,killer whale,Orcinus orca,2,certain,129632
570,08/08/19,48.97448333,-123.58165,killer whale,Orcinus orca,3,certain,129865
574,12/21/19,48.86638333,-123.3088167,killer whale,Orcinus orca,4,certain,131828
576,11/18/18,48.87018333,-123.3060333,killer whale,Orcinus orca,4,,128294
577,03/17/19,48.86945,-123.4135,killer whale,Orcinus orca,6,certain,128445
579,08/12/19,48.8459,-123.355,killer whale,Orcinus orca,-,certain,29582CAE-C3BC-44E6-BC3A-4DE6E6896517
580,08/12/19,48.8493,-123.3543,killer whale,Orcinus orca,NA,certain,581c683f-123b-4605-a6da-ecdc65db83d5
581,08/18/19,48.8732,-123.3085,killer whale,Orcinus orca,7,certain,0698a0a7-a285-44c1-9a89-f903b16dbc68
582,08/20/19,48.9012,-123.3395,killer whale,Orcinus orca,-,certain,26456104-9592-40F2-B56B-ADBBA5C08AE6
583,08/20/19,48.8842,-123.2892,killer whale,Orcinus orca,-,certain,509558A8-72B4-4F4D-B9FC-0D3537BFA5CD
584,08/20/19,48.8786,-123.2968,killer whale,Orcinus orca,NA,certain,D1316AF4-A03B-4D6C-AC68-EEFE29FABDD9
586,08/23/19,48.9227,-123.2965,killer whale,Orcinus orca,-,certain,dc6766a1-e832-4d35-bc41-421cb8adc94a
587,08/23/19,48.8824,-123.3067,killer whale,Orcinus orca,NA,certain,8CCAF4AF-C09A-44FC-A116-12E79B442F41
588,08/24/19,48.8548,-123.3452,killer whale,Orcinus orca,-,certain,4e7398ea-c105-4f29-a76e-4e6c9bbc8b50
589,08/25/19,48.8756,-123.3054,killer whale,Orcinus orca,NA,certain,a1cec014-fe1a-45b7-b1c5-1b0d738822e2
598,09/22/19,48.888,-123.2919,killer whale,Orcinus orca,NA,certain,A7CF4004-CE56-4E4B-BA5D-4FFF0E42F8E1
603,09/29/19,48.8556,-123.3582,killer whale,Orcinus orca,NA,certain,5b6738bd-e97f-46e2-b5ea-e00dd7b93272
604,09/30/19,48.8723,-123.3051,killer whale,Orcinus orca,NA,certain,CC98141A-2BBC-4657-8AC9-C69E57B21069
606,10/12/19,48.8579,-123.3241,killer whale,Orcinus orca,NA,certain,326964D3-7C90-4742-8F86-8F44DBBA4B05
608,10/17/19,48.8615,-123.3067,killer whale,Orcinus orca,-,certain,a82abfa4-d474-460f-b0ba-2fead41ae895
609,10/23/19,48.8731,-123.2965,killer whale,Orcinus orca,-,certain,67b4e48a-b62c-4679-adde-c41d60b5d5f1
612,11/25/19,48.8577,-123.328,killer whale,Orcinus orca,NA,certain,134ddfea-7c1a-4189-9fc0-03fab3880328
613,11/27/19,48.9136,-123.311,killer whale,Orcinus orca,NA,certain,c7f653af-ed4b-4be6-a5e3-bd2faaa81428
615,11/16/19,48.8555,-123.352,killer whale,Orcinus orca,NA,certain,07a47add-f12d-4e4a-a3bb-9998d0b6c9e3
616,11/15/19,48.89,-123.298,killer whale,Orcinus orca,NA,certain,9d431586-ea08-4920-9f32-b4509ec5dcff
618,10/15/19,48.874,-123.309,killer whale,Orcinus orca,NA,certain,f3d9419e-7405-45b2-a115-2539bac5d5b9
619,10/27/19,48.8611,-123.311,killer whale,Orcinus orca,NA,certain,3a21d2db-156a-4a72-a19d-f4d5ff0e2fae
621,11/22/19,48.8486,-123.357,killer whale,Orcinus orca,NA,certain,d0316c3a-dabb-478b-9384-c1ede488dc61
622,11/29/19,48.8618,-123.3395,killer whale,Orcinus orca,-,certain,67f0a18f-1a3d-49e8-9d05-8813565de40a
623,11/29/19,48.8558,-123.3488,killer whale,Orcinus orca,6,certain,0ea91369-8ef3-4403-ad74-b1cbb416a362
624,12/05/19,48.8817,-123.2975,killer whale,Orcinus orca,-,certain,9ddc2585-ebd6-445a-9937-4ec3ca647ad2
627,12/17/19,48.8387,-123.3494,killer whale,Orcinus orca,-,certain,ce8e9948-c72e-47db-8708-c20700c2037c
629,12/21/19,48.8607,-123.3103,killer whale,Orcinus orca,-,certain,edca4249-81b1-4a87-8b2e-2a68b2629ea1
632,12/23/19,48.8383,-123.3624,killer whale,Orcinus orca,4,certain,6fe3168d-60d5-4aca-9c2e-0c65dc534c29
635,12/15/19,48.8618,-123.3114,killer whale,Orcinus orca,-,certain,0797ffe1-1f43-48ee-998e-51f73f26ffe5
636,12/15/19,48.8838,-123.288,killer whale,Orcinus orca,-,certain,e764b0cf-c0a4-48f0-ac66-a5bad3dcc1c1
639,01/04/20,48.875,-123.3081,killer whale,Orcinus orca,20,certain,8168b904-8f80-4e5c-b983-a248da885269
640,01/04/20,48.889,-123.3087,killer whale,Orcinus orca,-,certain,750c060a-a770-4260-8cc4-093487c39622
643,02/16/20,48.866,-123.3137,killer whale,Orcinus orca,NA,certain,12d18763-3e58-4433-8ecd-e5e6f5e3ad42
644,02/20/20,48.884,-123.2933,killer whale,Orcinus orca,NA,certain,f3e598e4-bb33-42b8-b6a4-ee238b153cae
647,02/29/20,48.856,-123.3251,killer whale,Orcinus orca,-,certain,ba3e5463-ae8c-4baf-950a-655ff4860288
648,02/29/20,48.858,-123.33,killer whale,Orcinus orca,-,certain,77c76eda-a569-4a8b-a685-7e9b4c1f67b2
649,03/31/20,48.847,-123.3509,killer whale,Orcinus orca,-,certain,e7b27960-01e3-41e9-964e-3d7078a54d94
652,04/07/20,48.871,-123.2994,killer whale,Orcinus orca,-,certain,c2defa2b-266b-41d3-a1d2-4869ec985bd3
653,04/08/20,48.855,-123.3546,killer whale,Orcinus orca,-,certain,68269fe7-95f7-40b1-8b22-9388166f4c36
654,04/10/20,48.871,-123.3067,killer whale,Orcinus orca,-,certain,4a1a1d63-212f-4470-8c45-ba88149d65a9
655,04/10/20,48.871,-123.3078,killer whale,Orcinus orca,-,certain,7ec96fa2-98ed-40af-912a-773f1cac10ff
656,04/16/20,48.89,-123.3163,killer whale,Orcinus orca,-,certain,a8a6f64e-cd71-40c6-a1f2-e53eb10d8e67
657,04/25/20,48.8471,-123.3545,killer whale,Orcinus orca,-,certain,261fdf8b-a6e2-4b26-be47-aaf543a27d90
664,07/25/19,48.9432,-123.5334,killer whale,Orcinus orca,4,certain,62734905-3148-48B6-B73A-EA7717D6DCA0
667,07/16/19,48.8465,-123.3508,killer whale,Orcinus orca,5,certain,F2686CEA-43C2-41EC-ACB7-04F861ADA31B
668,07/16/19,48.8981,-123.3027,killer whale,Orcinus orca,8,certain,AA3E7777-2834-4DE8-8EFF-51FB994192FD
671,07/12/19,48.8714,-123.2994,killer whale,Orcinus orca,2,certain,0F50BB3C-34F6-48AF-9F05-49A90A18513F
673,07/05/19,48.9433,-123.5352,killer whale,Orcinus orca,3,certain,D1F07B73-3FA1-4F61-94B9-F33BA94B9360
674,07/05/19,48.8552,-123.3517,killer whale,Orcinus orca,6,certain,A802B103-056C-4CAB-8732-9F1D25C87E82
675,07/03/19,48.9035,-123.3001,killer whale,Orcinus orca,4,certain,9B757980-47E9-499E-A77F-83F32CC83A3B
676,07/02/19,48.8608,-123.341,killer whale,Orcinus orca,4,certain,AE09E35C-701E-4C66-BECF-836330F37876
677,06/30/19,48.984,-123.5827,killer whale,Orcinus orca,4,certain,2B2A0A2A-852E-46A5-9DE5-E2032AA64327
678,06/26/19,48.8606,-123.3482,killer whale,Orcinus orca,3,certain,9F6876D6-1A0D-4F0C-9986-C658611E69E3
679,06/25/19,48.8468,-123.3739,killer whale,Orcinus orca,3,certain,b742f964-10f3-4323-b899-0a8daa73a31b
680,06/25/19,48.887,-123.2887,killer whale,Orcinus orca,4,certain,599dcf5f-9ae1-4dee-ab1d-41898a173fa9
681,06/25/19,48.8618,-123.3063,killer whale,Orcinus orca,4,certain,7f64156f-5342-4995-91a8-b8bd6cbbf6ef
682,06/23/19,48.8606,-123.3178,killer whale,Orcinus orca,4,certain,a740d0b8-411e-47fe-94be-4ec8b676fea2
683,06/12/19,48.8567,-123.315,killer whale,Orcinus orca,5,certain,25F96A0E-72C3-4856-B8A8-CE45DEF2FE01
685,05/31/19,48.8544,-123.353,killer whale,Orcinus orca,4,certain,d5f0af62-3a41-4a9c-a7d8-9fc4bb5b0c28
687,05/18/19,48.8589,-123.3469,killer whale,Orcinus orca,5,certain,F1CAC04F-ED15-4359-A8AA-3739F5FA1A30
688,05/18/19,48.8567,-123.3696,killer whale,Orcinus orca,4,certain,282e66d2-4ea3-43ca-86ef-2931d49e6fe7
689,05/17/19,48.8473,-123.3311,killer whale,Orcinus orca,5,certain,6cac60eb-2737-4eb4-884d-be21cbd058f6
691,05/03/19,48.9053,-123.3087,killer whale,Orcinus orca,5,certain,7B834B91-CA91-44A5-AF02-B97605042173
692,05/02/19,48.845,-123.3273,killer whale,Orcinus orca,09-Jul,certain,7E0078D6-D821-4A1E-8B23-E88849493A0B
693,04/25/19,48.842,-123.348,killer whale,Orcinus orca,15,certain,d3c063e8-45d6-4049-816a-fcb574c883f6
694,04/25/19,48.9137,-123.4587,killer whale,Orcinus orca,12,certain,A9251D62-A774-4C35-BCC5-28D7E4800509
695,04/21/19,48.8976,-123.3126,killer whale,Orcinus orca,3,certain,8bc64ddd-7594-4dce-af69-65a3de6fea1b
696,04/16/19,48.8733,-123.306,killer whale,Orcinus orca,5,certain,703C968B-FE50-4943-96C4-95E05F62DC7C
697,04/08/19,48.8509,-123.3398,killer whale,Orcinus orca,1,certain,0ED3DA38-776D-4F72-B270-DFCD03ECF5CD
698,04/04/19,48.8338,-123.3481,killer whale,Orcinus orca,1,certain,748FF1FA-9A3F-45B7-9C8F-3B1ADF381C40
700,03/30/19,48.8621,-123.3102,killer whale,Orcinus orca,15,certain,0EA38A1F-F374-42BD-9528-C0EC4E70F312
701,03/23/19,48.8411,-123.3614,killer whale,Orcinus orca,3,certain,c617bccd-f866-480e-b15b-f6c49246658e
702,03/17/19,48.865,-123.3051,killer whale,Orcinus orca,6,certain,485A4453-5431-471E-ACC6-51B4D742663D
703,03/17/19,48.9397,-123.5306,killer whale,Orcinus orca,6,certain,A12DAC1E-0A37-496A-8BD9-F27B6A430588
704,03/15/19,48.8575,-123.3136,killer whale,Orcinus orca,6,certain,99F7F040-1419-40CD-9E62-A84AB7D79DB2
705,03/09/19,48.8338,-123.3462,killer whale,Orcinus orca,2,certain,6C848190-C5D2-46F5-B97F-481B5D578AB6
706,03/08/19,48.8585,-123.3271,killer whale,Orcinus orca,4,certain,f5c6d799-d0c4-4ee6-a63e-e8a5506138c6
707,03/02/19,48.8887,-123.314,killer whale,Orcinus orca,4,certain,11ff4a33-b14e-41d0-8fdd-4d4d270e5b7a
708,02/28/19,48.851,-123.356,killer whale,Orcinus orca,-,certain,4AD41A2D-1B30-4693-8B48-7141B2797F8F
709,02/08/19,48.8846,-123.2885,killer whale,Orcinus orca,3,certain,7901520A-F90C-4954-B2EE-60DAAD954721
710,01/29/19,48.8596,-123.3217,killer whale,Orcinus orca,15,certain,DFD2F2BB-9176-41FF-B1BF-A13FC2A9E1A5
712,12/24/18,48.8632,-123.3077,killer whale,Orcinus orca,5,certain,AA59D612-E18B-45BF-BB00-ACD391D21E39
713,12/19/18,48.8733,-123.3052,killer whale,Orcinus orca,3,certain,1B064DFA-F9DE-46EF-8616-691F1E4468C3
714,12/16/18,48.8503,-123.3533,killer whale,Orcinus orca,6,certain,11C5D039-541A-486C-B501-DB3FE40DB695
715,12/16/18,48.865,-123.3095,killer whale,Orcinus orca,3,certain,d186a690-1155-470f-be84-37320cf41fb8
716,12/11/18,48.8667,-123.3079,killer whale,Orcinus orca,4,certain,b2df9272-ec91-4e0b-a6be-5323cde248a6
717,12/11/18,48.8753,-123.2992,killer whale,Orcinus orca,4,certain,AE45BAE8-1628-4D3B-8565-55C93F2ABFD2
718,12/09/18,48.8511,-123.339,killer whale,Orcinus orca,5,certain,63cb7961-01ce-44c0-896e-497adb58eea4
721,12/07/18,48.8597,-123.3132,killer whale,Orcinus orca,4,certain,d71cb06e-5b23-4e6f-8632-22471dcf1797
724,12/01/18,48.8641,-123.3054,killer whale,Orcinus orca,3,certain,26c724d7-922b-4095-84d3-ed56c81faf76
725,11/18/18,48.8597,-123.3445,killer whale,Orcinus orca,5,certain,C9AC6632-6665-4B26-A866-090BA03E1C1A
726,11/12/18,48.8649,-123.3088,killer whale,Orcinus orca,5,certain,900ab405-05c8-4c8d-b593-1872894f681d
727,11/12/18,48.8833,-123.3094,killer whale,Orcinus orca,6,certain,A4A40345-681D-4D98-95F2-67A73B9B49C9
730,09/27/18,48.8766,-123.3068,killer whale,Orcinus orca,5,certain,283b7880-8baa-4f16-8818-813e1a146d3d
732,09/14/18,48.8498,-123.3368,killer whale,Orcinus orca,12,certain,EC67A3FA-DA54-4F3E-BB0F-F72DF660E4A4
733,09/14/18,48.8438,-123.3327,killer whale,Orcinus orca,12,certain,7C1D2503-F0F2-461A-81F1-C68EE4A642F6
734,09/14/18,48.8739,-123.3071,killer whale,Orcinus orca,7,certain,FF207D61-B8DB-4AAF-8245-7C02B7AF4771
736,09/10/18,48.8602,-123.3292,killer whale,Orcinus orca,15,certain,5CD3A1CC-E472-45AB-8AE3-42F663A083A3
737,09/08/18,48.8694,-123.3016,killer whale,Orcinus orca,-,certain,854f2f69-0a64-4766-85ce-c8ff34f82082
738,09/07/18,48.8873,-123.2955,killer whale,Orcinus orca,5,certain,E41E584C-283A-47B1-ADD9-D3A9BE2CFD4A
742,09/03/18,48.8584,-123.3121,killer whale,Orcinus orca,15,certain,577b3392-f7ca-4779-9072-f7f73ec990b2
743,09/03/18,48.8417,-123.3353,killer whale,Orcinus orca,4,certain,7a105e69-3029-427a-a0a4-ab373a446bdc
744,09/03/18,48.8612,-123.313,killer whale,Orcinus orca,16,certain,d1f8cecc-de25-40e5-8999-6a516e8e9eb8
745,09/01/18,48.8496,-123.3494,killer whale,Orcinus orca,5,certain,402fbda4-f7e1-4d0a-9d23-b91ac3a49ba9
746,09/01/18,48.8741,-123.3038,killer whale,Orcinus orca,10,certain,AC32FC79-39D0-4603-881D-6A4D4DE5F9BF
747,08/24/18,48.8611,-123.3441,killer whale,Orcinus orca,5,certain,0CAFD166-D58E-4E80-8F78-4247BEA25F4A
749,08/18/18,48.8918,-123.3995,killer whale,Orcinus orca,4,certain,FF09872A-5F42-4DF8-9BD6-B062B0F9F9A5
750,08/18/18,48.8938,-123.4025,killer whale,Orcinus orca,5,certain,DBDD5B8B-D420-4484-BB26-431F4C7C7E96
751,08/18/18,48.8921,-123.4041,killer whale,Orcinus orca,5,certain,87EF9F96-4F5A-4A4C-86ED-B709C443245B
752,08/15/18,48.8558,-123.3117,killer whale,Orcinus orca,4,certain,355ECCAA-DFED-40C6-B7FF-5C0924C378CE
753,08/11/18,48.8795,-123.2908,killer whale,Orcinus orca,25,certain,BBF36450-5AAA-4504-BA41-15F08858BB18
754,08/10/18,48.8491,-123.3349,killer whale,Orcinus orca,5,certain,6862A3DE-B2DC-445A-81E8-0DC7FB91AF1D
755,08/10/18,48.8588,-123.3237,killer whale,Orcinus orca,4,certain,9fef5111-e204-4fd2-8ba9-28a8304eaede
756,07/28/18,48.8672,-123.3116,killer whale,Orcinus orca,3,certain,7f148278-d6a5-4369-836d-2987aee61a0f
757,07/28/18,48.8702,-123.3049,killer whale,Orcinus orca,5,certain,3F508711-CA44-4306-A4B8-679AC9F91F74
759,07/22/18,48.9948,-123.5921,killer whale,Orcinus orca,1,certain,A312CBA9-E119-4166-B0F4-9C75656653B4
760,07/18/18,48.8429,-123.3368,killer whale,Orcinus orca,15,certain,74A52667-19DC-4371-B4C6-5849837E0ABB
763,07/10/18,48.8445,-123.3447,killer whale,Orcinus orca,2,certain,0d06c839-6126-48c2-8922-a53ed44d7145
764,07/10/18,48.85,-123.3333,killer whale,Orcinus orca,6,certain,79C8CFD1-D691-4025-8BD8-8D9930D0BEA7
765,07/05/18,48.8593,-123.3368,killer whale,Orcinus orca,3,certain,A72B2727-A3DE-4007-9269-DBC2A7409C5C
766,07/03/18,48.8779,-123.3053,killer whale,Orcinus orca,6,certain,54FC4215-2C40-49CE-828A-AAD6AE513569
767,07/01/18,48.9232,-123.4576,killer whale,Orcinus orca,4,certain,44839870-40F5-423A-B7AC-527BDA887C6E
768,06/30/18,48.8603,-123.3295,killer whale,Orcinus orca,6,certain,327EBE9F-88F0-41F2-9E2B-FAEE62E9883E
770,06/30/18,48.8565,-123.351,killer whale,Orcinus orca,4,certain,3230B389-8E31-4240-8113-39E92212BBEF
771,06/28/18,48.86,-123.3289,killer whale,Orcinus orca,20,certain,52556886-04CF-4327-A596-B6B17B182D41
772,06/28/18,48.8607,-123.3411,killer whale,Orcinus orca,20,certain,e1ca6890-a0be-415b-80a4-20e06dc50833
773,06/28/18,48.8682,-123.311,killer whale,Orcinus orca,15-22,certain,34E3902F-0FB0-44F1-8220-A212B88B9E12
776,06/16/18,48.9094,-123.3429,killer whale,Orcinus orca,4,certain,A901B12E-617C-4336-B358-7849C4A104C2
779,06/13/18,48.8535,-123.3526,killer whale,Orcinus orca,8,certain,8991A5A1-E06E-43B6-A27C-B0260DE725FC
780,06/13/18,48.859,-123.3121,killer whale,Orcinus orca,5,certain,36E130D9-E196-43D7-BBC1-48FA4AC6B112
781,06/13/18,48.8606,-123.3462,killer whale,Orcinus orca,4,certain,1381d24a-413e-474b-9957-7da9a6e6ca46
782,06/11/18,48.8712,-123.3048,killer whale,Orcinus orca,10,certain,8C78405F-2E71-47F9-A760-B87FFA1DC854
783,05/29/18,48.8463,-123.3364,killer whale,Orcinus orca,4,certain,71C6FFE2-A6CA-446E-9A6B-85325E62F1D6
786,05/24/18,48.85,-123.3557,killer whale,Orcinus orca,6,certain,3808DE86-67BE-4764-B328-CA8A324B1879
787,05/24/18,48.8587,-123.3508,killer whale,Orcinus orca,3,certain,B8839AC4-125E-448E-94D8-1896B9BC1776
788,05/22/18,48.858,-123.3137,killer whale,Orcinus orca,3,certain,AAAEA8E8-0BFF-4685-A4BC-A0D18058EB90
791,01/30/18,48.8828,-123.2977,killer whale,Orcinus orca,5,certain,5106C3B9-AB22-4F81-93F5-D8D030A2D3BE
792,01/01/18,48.8673,-123.3044,killer whale,Orcinus orca,8,certain,3FA23D74-093C-4146-A588-1B1573485E2B
793,01/01/18,48.8757,-123.2998,killer whale,Orcinus orca,8,certain,41A6772D-851E-4BB0-9FF9-7F35ADC62368
794,12/23/17,48.8562,-123.347,killer whale,Orcinus orca,3,NA,A07CB19F-43DC-4A1C-9F1C-76FF07034449
795,12/23/17,48.8608,-123.3365,killer whale,Orcinus orca,12,certain,1E774105-0676-456A-9971-91E13D3B0DB5
796,12/16/17,48.8598,-123.3287,killer whale,Orcinus orca,2,certain,EE3306A3-E217-45A4-B9A7-D83F6C24AFEB
261,04/10/04,49.01815,-123.5819667,minke whale,Balaenoptera acutorostrata,1,probable,31161
373,11/07/16,48.90688333,-123.3613333,minke whale,Balaenoptera acutorostrata,2,probable,109549
176,05/01/05,48.8484,-123.3480833,pacific white-sided dolphin,Lagenorhynchus obliquidens,2,certain,10455
194,11/16/07,48.9,-123.2916667,pacific white-sided dolphin,Lagenorhynchus obliquidens,30,certain,34080
349,10/31/13,48.88305,-123.2993833,pacific white-sided dolphin,Lagenorhynchus obliquidens,12,probable,85702
407,02/08/15,48.85651667,-123.3189833,pacific white-sided dolphin,Lagenorhynchus obliquidens,15,certain,96090
365,07/06/15,48.87535,-123.3025,unidentified baleen whale,NA,2,certain,99667
61,04/18/11,48.96003333,-123.5618,unidentified cetacean,NA,3,certain,56469
150,08/31/11,49.01606667,-123.5745667,unidentified cetacean,NA,1,uncertain,59168
269,09/27/06,49.01466667,-123.5742167,unidentified cetacean,NA,1,uncertain,36988
335,07/01/14,49.01141667,-123.5912167,unidentified cetacean,NA,1,certain,90336
342,09/30/15,48.98366667,-123.4971667,unidentified cetacean,NA,1,certain,101084