Taxon,Author,Common Name,Kingdom,Phylum,Subphylum,Superclass,Class,Subclass,Superorder,Order,Suborder,Superfamily,Family,Subfamily,Origin,Status,Reporting,Documenting,Collected/Reported (y-m-d),Collector/Source,Collection/List,Accession Number,First Documented,Documenter,iNaturalist Link,iNaturalist Photo,Notes,ID,Stats Code
Forficula auricularia,Linnaeus,common earwig,Animalia,Arthropoda,Hexapoda,,Insecta,Pterygota,,Dermaptera,Forficulina,,Forficulidae,Forficulinae,,,reported,unobserved,1987-08-05,Geoffrey G.E. Scudder,SEM,SEM-UBC DER-0161,,,,,,,ART
Bibio vestitus,Walker,,Animalia,Arthropoda,Hexapoda,,Insecta,Pterygota,,Diptera,Nematocera,Bibionoidea,Bibionidae,,,,reported,unobserved,1979-04-16,Syd G. Cannings,SEM,SEM-UBC DIP-0098,,,,,,,ART
Kleidocerys resedae resedae,(Panzer),birch catkin bug,Animalia,Arthropoda,Hexapoda,,Insecta,Pterygota,,Hemiptera,Heteroptera,Lygaeoidea,Lygaeidae,,,,reported,unobserved,1987-08-05,Geoffrey G.E. Scudder,SEM,SEM-UBC LYG-0006,,,,,,,ART
Eurygaster alternata,(Say),jewel bug,Animalia,Arthropoda,Hexapoda,,Insecta,Pterygota,,Hemiptera,Heteroptera,Pentatomoidea,Scutelleridae,,,,reported,unobserved,1987-08-05,Geoffrey G.E. Scudder,SEM,SEM-UBC HET-4892,,,,,,,ART
Vespula consobrina,(de Saussure),black-jacket,Animalia,Arthropoda,Hexapoda,,Insecta,Pterygota,,Hymenoptera,Apocrita,Vespoidea,Vespidae,Vespinae,native,S5? (2017),reported,unobserved,1989-06-30,J. McTaggart-Cowan,SEM,SEM-UBC HYM-0603,,,,,,,ART
Hemerobius pacificus,Banks,Pacific brown lacewing,Animalia,Arthropoda,Hexapoda,,Insecta,Pterygota,,Neuroptera,Hemerobiiformia,Hemerobioidea,Hemerobiidae,,unlisted,SNR,reported,unobserved,1987-08-05,E. Scudder,SEM,SEM-UBC NEU-1249,,,,,,,ART
Porichthys notatus,,plainfin midshipman,Animalia,Chordata,Vertebrata,,Actinopterygii,,,Batrachoidiformes,,,Batrachoididae,,,,reported,unobserved,1981-06-18,Margaret J. Legg,CMN,CMNFI 1981-1011.11,,,,,,,FIS
Gadus macrocephalus,"Tilesius, 1810",Pacific cod,Animalia,Chordata,Vertebrata,,Actinopterygii,,,Gadiformes,,,Gadidae,,native,SNR,reported,unobserved,1981-06-18,Margaret J. Legg,CMN,CMNFI 1981-1011.2,,,,,,,FIS
Merluccius productus,"Girard, 1856",North Pacific hake,Animalia,Chordata,Vertebrata,,Actinopterygii,,,Gadiformes,,,Merlucciidae,,native,SNR,reported,unobserved,1981-06-18,Margaret J. Legg,CMN,CMNFI 1981-1011.3,,,,,,,FIS
Lepidogobius lepidus,"Girard, 1858",bay goby,Animalia,Chordata,Vertebrata,,Actinopterygii,,,Gobiiformes,,,Oxudercidae,,native,SNR,reported,unobserved,1981-06-18,Margaret J. Legg,CMN,CMNFI 1981-1011.14,,,,,,,FIS
Lumpenus sagitta,,snake prickleback,Animalia,Chordata,Vertebrata,,Actinopterygii,,,Perciformes,,,Stichaeidae,Lumpeninae,,,reported,unobserved,1981-06-18,Margaret J. Legg,CMN,CMNFI 1981-1011.12,,,,,,,FIS
Lycodes pacificus,"Collett, 1879",blackbelly eelpout,Animalia,Chordata,Vertebrata,,Actinopterygii,,,Perciformes,,,Zoarcidae,Lycodinae,native,SNR,reported,unobserved,1981-06-18,Margaret J. Legg,CMN,CMNFI 1981-1011.13,,,,,,,FIS
Citharichthys sordidus,"(Girard, 1854)",Pacific sanddab,Animalia,Chordata,Vertebrata,,Actinopterygii,,,Pleuronectiformes,,,Paralichthyidae,,,,reported,unobserved,1981-06-18,Margaret J. Legg,CMN,CMNFI 1981-1011.4,,,,,,,FIS
Hippoglossoides elassodon,"Jordan & Gilbert, 1880",flathead sole,Animalia,Chordata,Vertebrata,,Actinopterygii,,,Pleuronectiformes,,,Pleuronectidae,Hippoglossoidinae,native,SNR,reported,unobserved,1981-06-18,Margaret J. Legg,CMN,CMNFI 1981-1011.5,,,,,,,FIS
Isopsetta isolepis,"(Lockington, 1880)",butter sole,Animalia,Chordata,Vertebrata,,Actinopterygii,,,Pleuronectiformes,,,Pleuronectidae,Pleuronectinae,native,SNR,reported,unobserved,1981-06-18,Margaret J. Legg,CMN,CMNFI 1981-1011.6,,,,,,,FIS
Lyopsetta exilis,,slender sole,Animalia,Chordata,Vertebrata,,Actinopterygii,,,Pleuronectiformes,,,Pleuronectidae,Pleuronectinae,,,reported,unobserved,1981-06-18,Margaret J. Legg,CMN,CMNFI 1981-1011.7,,,,,,,FIS
Microstomus pacificus,"(Lockington, 1879)",Pacific dover sole,Animalia,Chordata,Vertebrata,,Actinopterygii,,,Pleuronectiformes,,,Pleuronectidae,Pleuronectinae,native,SNR,reported,unobserved,1981-06-18,Margaret J. Legg,CMN,CMNFI 1981-1011.8,,,,,,,FIS
Parophrys vetulus,,English sole,Animalia,Chordata,Vertebrata,,Actinopterygii,,,Pleuronectiformes,,,Pleuronectidae,Pleuronectinae,,,reported,unobserved,1981-06-18,Margaret J. Legg,CMN,CMNFI 1981-1011.9,,,,,,,FIS
Chitonotus pugetensis,,roughback sculpin,Animalia,Chordata,Vertebrata,,Actinopterygii,,,Scorpaeniformes,,,Cottidae,,,,reported,unobserved,1981-06-18,Margaret J. Legg,CMN,CMNFI 1981-1011.10,,,,,,,FIS
Pseudacris regilla,,northern Pacific treefrog,Animalia,Chordata,Vertebrata,,Amphibia,,,Anura,,,Hylidae,Acridinae,,,reported,unobserved,2016-04-09,MICS,Edith Point Ecological Baseline Report,,,,,,,,HER
Rana aurora,,northern red-legged frog,Animalia,Chordata,Vertebrata,,Amphibia,,,Anura,,,Ranidae,,native,S3 (2016),reported,unobserved,2016-04-09,MICS,Edith Point Ecological Baseline Report,,,,,,,,HER
Ambystoma macrodactylum,,long-toed salamander,Animalia,Chordata,Vertebrata,,Amphibia,,,Caudata,,,Ambystomatidae,,,,reported,unobserved,2016-04-09,MICS,Edith Point Ecological Baseline Report,,,,,,,,HER
Taricha granulosa,,rough-skinned newt,Animalia,Chordata,Vertebrata,,Amphibia,,,Caudata,,,Salamandridae,Pleurodelinae,,,reported,unobserved,2016-04-09,MICS,Edith Point Ecological Baseline Report,,,,,,,,HER
Accipiter cooperii,"Bonaparte, 1828",Cooper's hawk,Animalia,Chordata,Vertebrata,,Aves,,,Accipitriformes,,,Accipitridae,,native,S5 (2015),reported,unobserved,2018-11-01,Michael Dunn,Birds of Mayne Island,,,,,,,,BIR
Accipiter gentilis atricapillus,"Linnaeus, 1758",northern goshawk,Animalia,Chordata,Vertebrata,,Aves,,,Accipitriformes,,,Accipitridae,,native,"S4B,S4N (2015)",reported,unobserved,1927-01-15,Allan C. Brooks Jr.,MVZ,99659,,,,,,,BIR
Accipiter striatus,"Vieillot, 1808",sharp-shinned hawk,Animalia,Chordata,Vertebrata,,Aves,,,Accipitriformes,,,Accipitridae,,native,"S5B,S5N (2015)",reported,unobserved,2018-11-01,Michael Dunn,Birds of Mayne Island,,,,,,,,BIR
Aquila chrysaetos,"Linnaeus, 1758",golden eagle,Animalia,Chordata,Vertebrata,,Aves,,,Accipitriformes,,,Accipitridae,,native,S4S5 (2015),reported,unobserved,2018-11-01,Michael Dunn,Birds of Mayne Island,,,,,,,,BIR
Buteo jamaicensis,"(Gmelin, 1788)",red-tailed hawk,Animalia,Chordata,Vertebrata,,Aves,,,Accipitriformes,,,Accipitridae,,native,S5 (2015),reported,unobserved,2018-11-01,Michael Dunn,Birds of Mayne Island,,,,,,,,BIR
Buteo lagopus,"(Pontoppidan, 1763)",rough-legged hawk,Animalia,Chordata,Vertebrata,,Aves,,,Accipitriformes,,,Accipitridae,,native,S3N (2015),reported,unobserved,2018-11-01,Michael Dunn,Birds of Mayne Island,,,,,,,,BIR
Circus hudsonius,"(Linnaeus, 1766)",northern harrier,Animalia,Chordata,Vertebrata,,Aves,,,Accipitriformes,,,Accipitridae,,native,S4B (2015),reported,unobserved,2018-11-01,Michael Dunn,Birds of Mayne Island,,,,,,,,BIR
Haliaeetus leucocephalus washingtoniensis,"(Linnaeus, 1766)",bald eagle,Animalia,Chordata,Vertebrata,,Aves,,,Accipitriformes,,,Accipitridae,,native,"S5B,S5N (2015)",reported,unobserved,2018-11-01,Michael Dunn,Birds of Mayne Island,,,,,,,,BIR
Cathartes aura,"(Linnaeus, 1758)",turkey vulture,Animalia,Chordata,Vertebrata,,Aves,,,Accipitriformes,,,Cathartidae,,native,S4 (2015),reported,unobserved,2018-11-01,Michael Dunn,Birds of Mayne Island,,,,,,,,BIR
Pandion haliaetus,"(Linnaeus, 1758)",osprey,Animalia,Chordata,Vertebrata,,Aves,,,Accipitriformes,,,Pandionidae,,native,S5 (2015),reported,unobserved,2018-11-01,Michael Dunn,Birds of Mayne Island,,,,,,,,BIR
Aix sponsa,"(Linnaeus, 1758)",wood duck,Animalia,Chordata,Vertebrata,,Aves,,,Anseriformes,,,Anatidae,,native,"S4B,S4N (2015)",reported,unobserved,2018-11-01,Michael Dunn,Birds of Mayne Island,,,,,,,,BIR
Anas acuta,"Linnaeus, 1758",northern pintail,Animalia,Chordata,Vertebrata,,Aves,,,Anseriformes,,,Anatidae,,native,"S4B,S5N (2015)",reported,unobserved,2018-11-01,Michael Dunn,Birds of Mayne Island,,,,,,,,BIR
Anas carolinensis,"Gmelin, 1789",green-winged teal,Animalia,Chordata,Vertebrata,,Aves,,,Anseriformes,,,Anatidae,,native,"S5B,S5N (2015)",reported,unobserved,2018-11-01,Michael Dunn,Birds of Mayne Island,,,,,,,,BIR
Anas platyrhynchos,"Linnaeus, 1758",mallard,Animalia,Chordata,Vertebrata,,Aves,,,Anseriformes,,,Anatidae,,native,"S5B,S5N (2015)",reported,unobserved,2018-11-01,Michael Dunn,Birds of Mayne Island,,,,,,,,BIR
Aythya collaris,"(Donovan, 1809)",ring-necked duck,Animalia,Chordata,Vertebrata,,Aves,,,Anseriformes,,,Anatidae,,native,"S5B,S5N (2015)",reported,unobserved,2018-11-01,Michael Dunn,Birds of Mayne Island,,,,,,,,BIR
Aythya marila,"(Linnaeus, 1761)",greater scaup,Animalia,Chordata,Vertebrata,,Aves,,,Anseriformes,,,Anatidae,,native,S4N (2015),reported,unobserved,2018-11-01,Michael Dunn,Birds of Mayne Island,,,,,,,,BIR
Branta bernicla nigricans,"(Lawrence, 1846)",black brant,Animalia,Chordata,Vertebrata,,Aves,,,Anseriformes,,,Anatidae,,native,S3M (2015),reported,unobserved,2018-11-01,Michael Dunn,Birds of Mayne Island,,,,,,,,BIR
Branta canadensis,"(Linnaeus, 1758)",Canada goose,Animalia,Chordata,Vertebrata,,Aves,,,Anseriformes,,,Anatidae,,native,S5 (2015),reported,unobserved,2018-11-01,Michael Dunn,Birds of Mayne Island,,,,,,,,BIR
Bucephala albeola,"(Linnaeus, 1758)",bufflehead,Animalia,Chordata,Vertebrata,,Aves,,,Anseriformes,,,Anatidae,,native,"S5B, SNRN (2015)",reported,unobserved,2018-11-01,Michael Dunn,Birds of Mayne Island,,,,,,,,BIR
Bucephala clangula,"(Linnaeus, 1758)",common goldeneye,Animalia,Chordata,Vertebrata,,Aves,,,Anseriformes,,,Anatidae,,native,S5 (2015),reported,unobserved,2018-11-01,Michael Dunn,Birds of Mayne Island,,,,,,,,BIR
Bucephala islandica,"(Gmelin, 1789)",barrow's goldeneye,Animalia,Chordata,Vertebrata,,Aves,,,Anseriformes,,,Anatidae,,native,S4S5 (2015),reported,unobserved,2018-11-01,Michael Dunn,Birds of Mayne Island,,,,,,,,BIR
Chen caerulescens,"(Linnaeus, 1758)",snow goose,Animalia,Chordata,Vertebrata,,Aves,,,Anseriformes,,,Anatidae,,native,S4M (2015),reported,unobserved,2018-11-01,Michael Dunn,Birds of Mayne Island,,,,,,,,BIR
Clangula hyemalis,"(Linnaeus, 1758)",long-tailed duck,Animalia,Chordata,Vertebrata,,Aves,,,Anseriformes,,,Anatidae,,native,"S2S3B,S4N (2015)",reported,unobserved,2018-11-01,Michael Dunn,Birds of Mayne Island,,,,,,,,BIR
Cygnus buccinator,"Richardson, 1832",trumpeter swan,Animalia,Chordata,Vertebrata,,Aves,,,Anseriformes,,,Anatidae,,native,"S4B,S5N (2015)",reported,unobserved,2018-11-01,Michael Dunn,Birds of Mayne Island,,,,,,,,BIR
Histrionicus histrionicus,"(Linnaeus, 1758)",harlequin duck,Animalia,Chordata,Vertebrata,,Aves,,,Anseriformes,,,Anatidae,,native,"S4B,S3N (2015)",reported,unobserved,2018-11-01,Michael Dunn,Birds of Mayne Island,,,,,,,,BIR
Lophodytes cucullatus,"(Linnaeus, 1758)",hooded merganser,Animalia,Chordata,Vertebrata,,Aves,,,Anseriformes,,,Anatidae,,native,S5 (2015),reported,unobserved,2018-11-01,Michael Dunn,Birds of Mayne Island,,,,,,,,BIR
Mareca americana,"(Gmelin, 1789)",American wigeon,Animalia,Chordata,Vertebrata,,Aves,,,Anseriformes,,,Anatidae,,native,"S5B,S5N (2015)",reported,unobserved,2018-11-01,Michael Dunn,Birds of Mayne Island,,,,,,,,BIR
Mareca penelope,"(Linnaeus, 1758)",Eurasian wigeon,Animalia,Chordata,Vertebrata,,Aves,,,Anseriformes,,,Anatidae,,native,SNRN (2015),reported,unobserved,2018-11-01,Michael Dunn,Birds of Mayne Island,,,,,,,,BIR
Melanitta americana,"(Swainson, 1832)",black scoter,Animalia,Chordata,Vertebrata,,Aves,,,Anseriformes,,,Anatidae,,native,S3S4N (2015),reported,unobserved,1927-02-12,Allan C. Brooks Jr.,MVZ,99567,,,,,,,BIR
Melanitta deglandi,"(Bonaparte, 1850)",white-winged scoter,Animalia,Chordata,Vertebrata,,Aves,,,Anseriformes,,,Anatidae,,native,S4S5 (2015),reported,unobserved,2018-11-01,Michael Dunn,Birds of Mayne Island,,,,,,,,BIR
Melanitta perspicillata,"(Linnaeus, 1758)",surf scoter,Animalia,Chordata,Vertebrata,,Aves,,,Anseriformes,,,Anatidae,,native,"S3B,S4N (2015)",reported,unobserved,1927-02-12,Allan C. Brooks Jr.,MVZ,99588,,,,,,,BIR
Mergus merganser,"Linnaeus, 1758",common merganser,Animalia,Chordata,Vertebrata,,Aves,,,Anseriformes,,,Anatidae,,native,S5 (2015),reported,unobserved,2018-11-01,Michael Dunn,Birds of Mayne Island,,,,,,,,BIR
Mergus serrator,"Linnaeus, 1758",red-breasted merganser,Animalia,Chordata,Vertebrata,,Aves,,,Anseriformes,,,Anatidae,,native,S4B (2015),reported,unobserved,1927-02-26,Allan C. Brooks Jr.,MVZ,104712,,,,,,,BIR
Somateria spectabilis,"(Linnaeus, 1758)",king eider,Animalia,Chordata,Vertebrata,,Aves,,,Anseriformes,,,Anatidae,,accidental,SNA,reported,unobserved,2018-11-01,Michael Dunn,Birds of Mayne Island,,,,,,,,BIR
Spatula cyanoptera,"(Vieillot, 1816)",cinnamon teal,Animalia,Chordata,Vertebrata,,Aves,,,Anseriformes,,,Anatidae,,native,S4B (2015),reported,unobserved,2018-11-01,Michael Dunn,Birds of Mayne Island,,,,,,,,BIR
Chaetura vauxi,"(Townsend, 1839)",Vaux’s swift,Animalia,Chordata,Vertebrata,,Aves,,,Apodiformes,,,Apodidae,,native,S5B (2015),reported,unobserved,2018-11-01,Michael Dunn,Birds of Mayne Island,,,,,,,,BIR
Cypseloides niger,"(Gmelin, 1789)",black swift,Animalia,Chordata,Vertebrata,,Aves,,,Apodiformes,,,Apodidae,,native,S2S3B (2015),reported,unobserved,2018-11-01,Michael Dunn,Birds of Mayne Island,,,,,,,,BIR
Calypte anna,"(Lesson, 1829)",Anna's hummingbird,Animalia,Chordata,Vertebrata,,Aves,,,Apodiformes,,,Trochilidae,,native,S4S5 (2015),reported,unobserved,2018-11-01,Michael Dunn,Birds of Mayne Island,,,,,,,,BIR
Selasphorus rufus,"(Gmelin, 1788)",rufous hummingbird,Animalia,Chordata,Vertebrata,,Aves,,,Apodiformes,,,Trochilidae,,native,S4S5B (2015),reported,unobserved,1974-07-24,J.N. Kemp,UBCBBM,B013945,,,,,,,BIR
Chordeiles minor,"(J.R. Foster, 1771)",common nighthawk,Animalia,Chordata,Vertebrata,,Aves,,,Caprimulgiformes,,,Caprimulgidae,,native,S4B (2015),reported,unobserved,2018-11-01,Michael Dunn,Birds of Mayne Island,,,,,,,,BIR
Brachyramphus marmoratus,"(Gmelin, 1789)",marbled murrelet,Animalia,Chordata,Vertebrata,,Aves,,,Charadriiformes,,,Alcidae,,native,"S3B,S3N (2015)",reported,unobserved,2018-11-01,Michael Dunn,Birds of Mayne Island,,,,,,,,BIR
Cepphus columba,"Pallas, 1811",pigeon guillemot,Animalia,Chordata,Vertebrata,,Aves,,,Charadriiformes,,,Alcidae,,native,S4 (2015),reported,unobserved,2018-11-01,Michael Dunn,Birds of Mayne Island,,,,,,,,BIR
Cerorhinca monocerata,"Pallas, 1811",rhinoceros auklet,Animalia,Chordata,Vertebrata,,Aves,,,Charadriiformes,,,Alcidae,,native,S4 (2016),reported,unobserved,2018-11-01,Michael Dunn,Birds of Mayne Island,,,,,,,,BIR
Synthliboramphus antiquus,"(Gmelin, 1789)",ancient murrelet,Animalia,Chordata,Vertebrata,,Aves,,,Charadriiformes,,,Alcidae,,native,"S2S3B,S4N (2015)",reported,unobserved,2018-11-01,Michael Dunn,Birds of Mayne Island,,,,,,,,BIR
Uria aalge,"(Pontoppidan, 1763)",common murre,Animalia,Chordata,Vertebrata,,Aves,,,Charadriiformes,,,Alcidae,,native,"S2B,S3S4N (2015)",reported,unobserved,2018-11-01,Michael Dunn,Birds of Mayne Island,,,,,,,,BIR
Charadrius vociferus,"Linnaeus, 1758",killdeer,Animalia,Chordata,Vertebrata,,Aves,,,Charadriiformes,,,Charadriidae,,native,S4S5B (2015),reported,unobserved,2018-11-01,Michael Dunn,Birds of Mayne Island,,,,,,,,BIR
Haematopus bachmani,"Audubon, 1838",black oystercatcher,Animalia,Chordata,Vertebrata,,Aves,,,Charadriiformes,,,Haematopodidae,,native,S4 (2015),reported,unobserved,2018-11-01,Michael Dunn,Birds of Mayne Island,,,,,,,,BIR
Chroicocephalus philadelphia,"(Ord, 1815)",Bonaparte's gull,Animalia,Chordata,Vertebrata,,Aves,,,Charadriiformes,,,Laridae,Larinae,native,S5? (2015),reported,unobserved,2018-11-01,Michael Dunn,Birds of Mayne Island,,,,,,,,BIR
Hydroprogne caspia,"(Pallas, 1770)",Caspian tern,Animalia,Chordata,Vertebrata,,Aves,,,Charadriiformes,,,Laridae,Sterninae,native,S3B (2015),reported,unobserved,2018-11-01,Michael Dunn,Birds of Mayne Island,,,,,,,,BIR
Larus argentatus,"Pontoppidan, 1763",herring gull,Animalia,Chordata,Vertebrata,,Aves,,,Charadriiformes,,,Laridae,Larinae,native,S4 (2015),reported,unobserved,2018-11-01,Michael Dunn,Birds of Mayne Island,,,,,,,,BIR
Larus californicus,"(Lawrence, 1854)",California gull,Animalia,Chordata,Vertebrata,,Aves,,,Charadriiformes,,,Laridae,Larinae,native,S2S3B (2015),reported,unobserved,2018-11-01,Michael Dunn,Birds of Mayne Island,,,,,,,,BIR
Larus canus,"Linnaeus, 1758",mew gull,Animalia,Chordata,Vertebrata,,Aves,,,Charadriiformes,,,Laridae,Larinae,native,S4B (2015),reported,unobserved,2018-11-01,Michael Dunn,Birds of Mayne Island,,,,,,,,BIR
Larus delawarensis,"Ord, 1815",ring-billed gull,Animalia,Chordata,Vertebrata,,Aves,,,Charadriiformes,,,Laridae,Larinae,native,S4?B (2015),reported,unobserved,2018-11-01,Michael Dunn,Birds of Mayne Island,,,,,,,,BIR
Larus glaucescens,"(Naumann, 1840)",glaucous-winged gull,Animalia,Chordata,Vertebrata,,Aves,,,Charadriiformes,,,Laridae,Larinae,native,S4?B (2015),reported,unobserved,1912-06-03,W. Burton,UAFMC,0035-0003-0041,,,,,,,BIR
Larus glaucoides thayeri,"Brooks, WS, 1915",Iceland gull,Animalia,Chordata,Vertebrata,,Aves,,,Charadriiformes,,,Laridae,Larinae,native,S5N (2017),reported,unobserved,1927-02-01,Allan C. Brooks Jr.,MVZ,52021,,,,,,,BIR
Larus heermanni,"Cassin, 1852",Heermann’s gull,Animalia,Chordata,Vertebrata,,Aves,,,Charadriiformes,,,Laridae,Larinae,native,SUN (2015),reported,unobserved,2018-11-01,Michael Dunn,Birds of Mayne Island,,,,,,,,BIR
Larus occidentalis,"(Audubon, 1839)",western gull,Animalia,Chordata,Vertebrata,,Aves,,,Charadriiformes,,,Laridae,Larinae,native,SUN (2015),reported,unobserved,2018-11-01,Michael Dunn,Birds of Mayne Island,,,,,,,,BIR
Rissa tridactyla,"(Linnaeus, 1758)",black-legged kittiwake,Animalia,Chordata,Vertebrata,,Aves,,,Charadriiformes,,,Laridae,Larinae,native,S1 (2015),reported,unobserved,2018-11-01,Michael Dunn,Birds of Mayne Island,,,,,,,,BIR
Sterna hirundo,"Linnaeus, 1758",common tern,Animalia,Chordata,Vertebrata,,Aves,,,Charadriiformes,,,Laridae,Sterninae,native,SUM (2015),reported,unobserved,2018-11-01,Michael Dunn,Birds of Mayne Island,,,,,,,,BIR
Actitis macularius,"(Linnaeus, 1766)",spotted sandpiper,Animalia,Chordata,Vertebrata,,Aves,,,Charadriiformes,,,Scolopacidae,,native,S5B (2015),reported,unobserved,2018-11-01,Michael Dunn,Birds of Mayne Island,,,,,,,,BIR
Arenaria interpres,"(Linnaeus, 1758)",ruddy turnstone,Animalia,Chordata,Vertebrata,,Aves,,,Charadriiformes,,,Scolopacidae,,native,S4M (2015),reported,unobserved,2018-11-01,Michael Dunn,Birds of Mayne Island,,,,,,,,BIR
Arenaria melanocephala,"(Vigors, 1829)",black turnstone,Animalia,Chordata,Vertebrata,,Aves,,,Charadriiformes,,,Scolopacidae,,native,"S4N,S5M (2015)",reported,unobserved,2018-11-01,Michael Dunn,Birds of Mayne Island,,,,,,,,BIR
Calidris virgata,"(Gmelin, 1789)",surfbird,Animalia,Chordata,Vertebrata,,Aves,,,Charadriiformes,,,Scolopacidae,,native,S4M (2015),reported,unobserved,2018-11-01,Michael Dunn,Birds of Mayne Island,,,,,,,,BIR
Gallinago delicata,"Ord, 1825",Wilson’s snipe,Animalia,Chordata,Vertebrata,,Aves,,,Charadriiformes,,,Scolopacidae,,native,S5B (2015),reported,unobserved,2018-11-01,Michael Dunn,Birds of Mayne Island,,,,,,,,BIR
Limnodromus scolopaceus,"(Say, 1823)",long-billed dowitcher,Animalia,Chordata,Vertebrata,,Aves,,,Charadriiformes,,,Scolopacidae,,native,S4N (2015),reported,unobserved,2018-11-01,Michael Dunn,Birds of Mayne Island,,,,,,,,BIR
Numenius phaeopus,"(Linnaeus, 1758)",whimbrel,Animalia,Chordata,Vertebrata,,Aves,,,Charadriiformes,,,Scolopacidae,,accidental,SUN (2015),reported,unobserved,2018-11-01,Michael Dunn,Birds of Mayne Island,,,,,,,,BIR
Phalaropus lobatus,"(Linnaeus, 1758)",red-necked phalarope,Animalia,Chordata,Vertebrata,,Aves,,,Charadriiformes,,,Scolopacidae,,native,S3S4B (2015),reported,unobserved,2018-11-01,Michael Dunn,Birds of Mayne Island,,,,,,,,BIR
Tringa melanoleuca,"(Gmelin, 1789)",greater yellowlegs,Animalia,Chordata,Vertebrata,,Aves,,,Charadriiformes,,,Scolopacidae,,native,"S5B, SUN (2015)",reported,unobserved,2018-11-01,Michael Dunn,Birds of Mayne Island,,,,,,,,BIR
Tringa solitaria,"(Wilson, 1813)",solitary sandpiper,Animalia,Chordata,Vertebrata,,Aves,,,Charadriiformes,,,Scolopacidae,,native,S5B (2015),reported,unobserved,2018-11-01,Michael Dunn,Birds of Mayne Island,,,,,,,,BIR
Stercorarius maccormicki,"(Saunders, 1893)",south polar skua,Animalia,Chordata,Vertebrata,,Aves,,,Charadriiformes,,,Stercorariidae,,native,SUM (2015),reported,unobserved,2018-11-01,Michael Dunn,Birds of Mayne Island,,,,,,,,BIR
Stercorarius parasiticus,"(Linnaeus, 1758)",parasitic jaeger,Animalia,Chordata,Vertebrata,,Aves,,,Charadriiformes,,,Stercorariidae,,native,"S1B,SUM (2015)",reported,unobserved,2018-11-01,Michael Dunn,Birds of Mayne Island,,,,,,,,BIR
Columba livia,"Gmelin, 1789",rock pigeon,Animalia,Chordata,Vertebrata,,Aves,,,Columbiformes,,,Columbidae,,exotic,unlisted,reported,unobserved,2018-11-01,Michael Dunn,Birds of Mayne Island,,,,,,,,BIR
Patagioenas fasciata,"(Say, 1823)",band-tailed pigeon,Animalia,Chordata,Vertebrata,,Aves,,,Columbiformes,,,Columbidae,,native,1-SC (SARA 2011),reported,unobserved,2018-11-01,Michael Dunn,Birds of Mayne Island,,,,,,,,BIR
Streptopelia decaocto,"(Frivaldszky, 1838)",Eurasian collared dove,Animalia,Chordata,Vertebrata,,Aves,,,Columbiformes,,,Columbidae,,exotic,unlisted,reported,unobserved,2018-11-01,Michael Dunn,Birds of Mayne Island,,,,,,,,BIR
Megaceryle alcyon,"(Linnaeus, 1758)",belted kingfisher,Animalia,Chordata,Vertebrata,,Aves,,,Coraciiformes,,,Alcedinidae,,native,S4S5B (2015),reported,unobserved,2018-11-01,Michael Dunn,Birds of Mayne Island,,,,,,,,BIR
Falco columbarius,"Linnaeus, 1758",merlin,Animalia,Chordata,Vertebrata,,Aves,,,Falconiformes,,,Falconidae,,native,S5 (2015),reported,unobserved,2018-11-01,Michael Dunn,Birds of Mayne Island,,,,,,,,BIR
Falco peregrinus,"Tunstall, 1771",peregrine falcon,Animalia,Chordata,Vertebrata,,Aves,,,Falconiformes,,,Falconidae,,native,1-SC (SARA),reported,unobserved,2018-11-01,Michael Dunn,Birds of Mayne Island,,,,,,,,BIR
Falco sparverius,"Linnaeus, 1758",American kestrel,Animalia,Chordata,Vertebrata,,Aves,,,Falconiformes,,,Falconidae,,native,S4S5B (2015),reported,unobserved,2018-11-01,Michael Dunn,Birds of Mayne Island,,,,,,,,BIR
Bonasa umbellus brunnescens,"(Linnaeus, 1766)",ruffed grouse,Animalia,Chordata,Vertebrata,,Aves,,,Galliformes,,,Phasianidae,,native,S5 (2015),reported,unobserved,2018-11-01,Michael Dunn,Birds of Mayne Island,,,,,,,,BIR
Dendragapus fuliginosus,"(Ridgway, 1873)",sooty grouse,Animalia,Chordata,Vertebrata,,Aves,,,Galliformes,,,Phasianidae,,native,S4 (2015),reported,unobserved,2018-11-01,Michael Dunn,Birds of Mayne Island,,,,,,,,BIR
Phasianus colchicus,"Linnaeus, 1758",ring-necked pheasant,Animalia,Chordata,Vertebrata,,Aves,,,Galliformes,,,Phasianidae,,exotic,unlisted,reported,unobserved,2018-11-01,Michael Dunn,Birds of Mayne Island,,,,,,,,BIR
Gavia adamsii,"(Gray, 1859)",yellow-billed loon,Animalia,Chordata,Vertebrata,,Aves,,,Gaviiformes,,,Gaviidae,,native,S2S3N (2015),reported,unobserved,2018-11-01,Michael Dunn,Birds of Mayne Island,,,,,,,,BIR
Gavia immer,"(Brunnich, 1764)",common loon,Animalia,Chordata,Vertebrata,,Aves,,,Gaviiformes,,,Gaviidae,,native,S5 (2015),reported,unobserved,2018-11-01,Michael Dunn,Birds of Mayne Island,,,,,,,,BIR
Gavia pacifica,"(Lawrence, 1858)",Pacific loon,Animalia,Chordata,Vertebrata,,Aves,,,Gaviiformes,,,Gaviidae,,native,"S4B,S3S4N (2015)",reported,unobserved,2018-11-01,Michael Dunn,Birds of Mayne Island,,,,,,,,BIR
Gavia stellata,"(Pontoppidan, 1763)",red-throated loon,Animalia,Chordata,Vertebrata,,Aves,,,Gaviiformes,,,Gaviidae,,native,S4 (2015),reported,unobserved,2018-11-01,Michael Dunn,Birds of Mayne Island,,,,,,,,BIR
Antigone canadensis,"(Linnaeus, 1758)",sandhill crane,Animalia,Chordata,Vertebrata,,Aves,,,Gruiformes,,,Gruidae,,native,S4B (2018),reported,unobserved,2018-11-01,Michael Dunn,Birds of Mayne Island,,,,,,,,BIR
Rallus limicola,"Vieillot, 1819",Virginia rail,Animalia,Chordata,Vertebrata,,Aves,,,Gruiformes,,,Rallidae,,native,S4S5 (2015),reported,unobserved,2018-11-01,Michael Dunn,Birds of Mayne Island,,,,,,,,BIR
Psaltriparus minimus,"(Townsend, 1837)",bushtit,Animalia,Chordata,Vertebrata,,Aves,,,Passeriformes,,,Aegithalidae,,native,S4B (2015),reported,unobserved,2018-11-01,Michael Dunn,Birds of Mayne Island,,,,,,,,BIR
Eremophila alpestris,"(Linnaeus, 1758)",horned lark,Animalia,Chordata,Vertebrata,,Aves,,,Passeriformes,,,Alaudidae,,native,S5?B (2015),reported,unobserved,2018-11-01,Michael Dunn,Birds of Mayne Island,,,,,,,,BIR
Bombycilla cedrorum,"Vieillot, 1808",cedar waxwing,Animalia,Chordata,Vertebrata,,Aves,,,Passeriformes,,,Bombycillidae,,native,S5 (2015),reported,unobserved,2018-11-01,Michael Dunn,Birds of Mayne Island,,,,,,,,BIR
Pheucticus melanocephalus,"(Swainson, 1827)",black-headed grosbeak,Animalia,Chordata,Vertebrata,,Aves,,,Passeriformes,,,Cardinalidae,,native,S5B (2016),reported,unobserved,2018-11-01,Michael Dunn,Birds of Mayne Island,,,,,,,,BIR
Piranga ludoviciana,"(Wilson, 1811)",western tanager,Animalia,Chordata,Vertebrata,,Aves,,,Passeriformes,,,Cardinalidae,,native,S5B (2015),reported,unobserved,2018-11-01,Michael Dunn,Birds of Mayne Island,,,,,,,,BIR
Certhia americana,"Bonaparte, 1838",brown creeper,Animalia,Chordata,Vertebrata,,Aves,,,Passeriformes,,,Certhiidae,,native,S5 (2015),reported,unobserved,2018-11-01,Michael Dunn,Birds of Mayne Island,,,,,,,,BIR
Corvus caurinus,"Baird, 1858",northwestern crow,Animalia,Chordata,Vertebrata,,Aves,,,Passeriformes,,,Corvidae,,native,S5 (2015),reported,unobserved,1927-02-25,Allan C. Brooks Jr.,MVZ,103022,,,,,,,BIR
Corvus corax,"Linnaeus, 1758",common raven,Animalia,Chordata,Vertebrata,,Aves,,,Passeriformes,,,Corvidae,,native,S5B (2015),reported,unobserved,1991-05-30,D. Archibald McCallum,"Borror Laboratory of Bioacoustics, Ohio State University, Columbus, OH (BLB)",BLB18663,,,,,,,BIR
Cyanocitta stelleri,"(Gmelin, 1788)",Steller's jay,Animalia,Chordata,Vertebrata,,Aves,,,Passeriformes,,,Corvidae,,native,S5 (2015),reported,unobserved,2018-11-01,Michael Dunn,Birds of Mayne Island,,,,,,,,BIR
Pica hudsonia,"Sabine, 1823",black-billed magpie,Animalia,Chordata,Vertebrata,,Aves,,,Passeriformes,,,Corvidae,,native,S5 (2015),reported,unobserved,2018-11-01,Michael Dunn,Birds of Mayne Island,,,,,,,,BIR
Junco hyemalis,"(Linnaeus, 1758)",dark-eyed junco,Animalia,Chordata,Vertebrata,,Aves,,,Passeriformes,,,Emberizidae,,native,S5B (2015),reported,unobserved,2018-11-01,Michael Dunn,Birds of Mayne Island,,,,,,,,BIR
Melospiza lincolnii,"(Audubon, 1834)",Lincoln’s sparrow,Animalia,Chordata,Vertebrata,,Aves,,,Passeriformes,,,Emberizidae,,native,"S5B,SNRN (2015)",reported,unobserved,2018-11-01,Michael Dunn,Birds of Mayne Island,,,,,,,,BIR
Melospiza melodia,"(Wilson, 1810)",song sparrow,Animalia,Chordata,Vertebrata,,Aves,,,Passeriformes,,,Emberizidae,,native,S5B (2015),reported,unobserved,2018-11-01,Michael Dunn,Birds of Mayne Island,,,,,,,,BIR
Passer domesticus,"(Linnaeus, 1758)",house sparrow,Animalia,Chordata,Vertebrata,,Aves,,,Passeriformes,,,Emberizidae,,exotic,unlisted,reported,unobserved,2018-11-01,Michael Dunn,Birds of Mayne Island,,,,,,,,BIR
Passerculus sandwichensis,"(Gmelin, 1789)",savannah sparrow,Animalia,Chordata,Vertebrata,,Aves,,,Passeriformes,,,Emberizidae,,native,S5B (2015),reported,unobserved,2018-11-01,Michael Dunn,Birds of Mayne Island,,,,,,,,BIR
Passerella iliaca,"(Merrem, 1786)",fox sparrow,Animalia,Chordata,Vertebrata,,Aves,,,Passeriformes,,,Emberizidae,,native,S5 (2015),reported,unobserved,2018-11-01,Michael Dunn,Birds of Mayne Island,,,,,,,,BIR
Pipilo maculatus,"Swainson, 1827",spotted towhee,Animalia,Chordata,Vertebrata,,Aves,,,Passeriformes,,,Emberizidae,,native,S5 (2015),reported,unobserved,2018-11-01,Michael Dunn,Birds of Mayne Island,,,,,,,,BIR
Spizella passerina,"(Bechstein, 1798)",chipping sparrow,Animalia,Chordata,Vertebrata,,Aves,,,Passeriformes,,,Emberizidae,,native,S5B (2015),reported,unobserved,1991-05-31,D. Archibald McCallum,"Borror Laboratory of Bioacoustics, Ohio State University, Columbus, OH (BLB)",BLB18666,,,,,,,BIR
Zonotrichia atricapilla,"(Gmelin, 1789)",golden-crowned sparrow,Animalia,Chordata,Vertebrata,,Aves,,,Passeriformes,,,Emberizidae,,native,S5?B (2015),reported,unobserved,2018-11-01,Michael Dunn,Birds of Mayne Island,,,,,,,,BIR
Zonotrichia leucophrys,"(Forster, 1772)",white-crowned sparrow,Animalia,Chordata,Vertebrata,,Aves,,,Passeriformes,,,Emberizidae,,native,S5 (2011),reported,unobserved,2018-11-01,Michael Dunn,Birds of Mayne Island,,,,,,,,BIR
Coccothraustes vespertinus,"(W. Cooper, 1825)",evening grosbeak,Animalia,Chordata,Vertebrata,,Aves,,,Passeriformes,,,Fringillidae,,native,S5 (2015); SC (2016),reported,unobserved,2018-11-01,Michael Dunn,Birds of Mayne Island,,,,,,,,BIR
Haemorhous mexicanus,"(Müller, 1776)",house finch,Animalia,Chordata,Vertebrata,,Aves,,,Passeriformes,,,Fringillidae,,native,S5 (2015),reported,unobserved,2018-11-01,Michael Dunn,Birds of Mayne Island,,,,,,,,BIR
Haemorhous purpureus,"(Gmelin, 1789)",purple finch,Animalia,Chordata,Vertebrata,,Aves,,,Passeriformes,,,Fringillidae,,native,S5B (2015),reported,unobserved,2018-11-01,Michael Dunn,Birds of Mayne Island,,,,,,,,BIR
Loxia curvirostra,"Linnaeus, 1758",red crossbill,Animalia,Chordata,Vertebrata,,Aves,,,Passeriformes,,,Fringillidae,,native,S5 (2015),reported,unobserved,2018-11-01,Michael Dunn,Birds of Mayne Island,,,,,,,,BIR
Pinicola enucleator,"(Linnaeus, 1758)",pine grosbeak,Animalia,Chordata,Vertebrata,,Aves,,,Passeriformes,,,Fringillidae,,native,S5 (2015),reported,unobserved,2018-11-01,Michael Dunn,Birds of Mayne Island,,,,,,,,BIR
Spinus pinus,"(Wilson, 1810)",pine siskin,Animalia,Chordata,Vertebrata,,Aves,,,Passeriformes,,,Fringillidae,,native,S5B (2015),reported,unobserved,2018-11-01,Michael Dunn,Birds of Mayne Island,,,,,,,,BIR
Spinus tristis,"(Linnaeus, 1758)",American goldfinch,Animalia,Chordata,Vertebrata,,Aves,,,Passeriformes,,,Fringillidae,,native,S4 (2015),reported,unobserved,2018-11-01,Michael Dunn,Birds of Mayne Island,,,,,,,,BIR
Hirundo rustica,"(Linnaeus, 1758)",barn swallow,Animalia,Chordata,Vertebrata,,Aves,,,Passeriformes,,,Hirundinidae,,native,S3S4B (2015),reported,unobserved,2018-11-01,Michael Dunn,Birds of Mayne Island,,,,,,,,BIR
Petrochelidon pyrrhonota,"Vieillot, 1817",cliff swallow,Animalia,Chordata,Vertebrata,,Aves,,,Passeriformes,,,Hirundinidae,,native,S4S5B (2015),reported,unobserved,2018-11-01,Michael Dunn,Birds of Mayne Island,,,,,,,,BIR
Progne subis,"(Linnaeus, 1758)",purple martin,Animalia,Chordata,Vertebrata,,Aves,,,Passeriformes,,,Hirundinidae,,native,S3B (2015),reported,unobserved,2018-11-01,Michael Dunn,Birds of Mayne Island,,,,,,,,BIR
Stelgidopteryx serripennis,"(Audubon, 1838)",northern rough-winged swallow,Animalia,Chordata,Vertebrata,,Aves,,,Passeriformes,,,Hirundinidae,,native,S4S5B (2015),reported,unobserved,2018-11-01,Michael Dunn,Birds of Mayne Island,,,,,,,,BIR
Tachycineta bicolor,"(Vieillot, 1808)",tree swallow,Animalia,Chordata,Vertebrata,,Aves,,,Passeriformes,,,Hirundinidae,,native,S4S5B (2015),reported,unobserved,2018-11-01,Michael Dunn,Birds of Mayne Island,,,,,,,,BIR
Tachycineta thalassina,"(Swainson, 1827)",violet-green swallow,Animalia,Chordata,Vertebrata,,Aves,,,Passeriformes,,,Hirundinidae,,native,S4S5B (2015),reported,unobserved,2018-11-01,Michael Dunn,Birds of Mayne Island,,,,,,,,BIR
Agelaius phoeniceus,"(Linnaeus, 1766)",red-winged blackbird,Animalia,Chordata,Vertebrata,,Aves,,,Passeriformes,,,Icteridae,,native,"S5B,S5N (2015)",reported,unobserved,2018-11-01,Michael Dunn,Birds of Mayne Island,,,,,,,,BIR
Euphagus cyanocephalus,"(Wagler, 1829)",Brewer’s blackbird,Animalia,Chordata,Vertebrata,,Aves,,,Passeriformes,,,Icteridae,,native,S5 (2015),reported,unobserved,2018-11-01,Michael Dunn,Birds of Mayne Island,,,,,,,,BIR
Icterus bullockii,"(Swainson, 1827)",Bullock's oriole,Animalia,Chordata,Vertebrata,,Aves,,,Passeriformes,,,Icteridae,,native,S5B (2015),reported,unobserved,2018-11-01,Michael Dunn,Birds of Mayne Island,,,,,,,,BIR
Molothrus ater,"(Boddaert, 1783)",brown-headed cowbird,Animalia,Chordata,Vertebrata,,Aves,,,Passeriformes,,,Icteridae,,native,S5B (2015),reported,unobserved,2018-11-01,Michael Dunn,Birds of Mayne Island,,,,,,,,BIR
Lanius borealis,"Vieillot, 1808",northern shrike,Animalia,Chordata,Vertebrata,,Aves,,,Passeriformes,,,Laniidae,,native,"S4B,S4N (2015)",reported,unobserved,2018-11-01,Michael Dunn,Birds of Mayne Island,,,,,,,,BIR
Anthus rubescens,"(Tunstall, 1771)",American pipit,Animalia,Chordata,Vertebrata,,Aves,,,Passeriformes,,,Motacillidae,,native,"S5B,SNRN (2015)",reported,unobserved,2018-11-01,Michael Dunn,Birds of Mayne Island,,,,,,,,BIR
Poecile rufescens,"(Townsend, 1837)",chestnut-backed chickadee,Animalia,Chordata,Vertebrata,,Aves,,,Passeriformes,,,Paridae,,native,S5 (2015),reported,unobserved,1991-05-30,D. Archibald McCallum,"Borror Laboratory of Bioacoustics, Ohio State University, Columbus, OH (BLB)",BLB18661,,,,,,,BIR
Cardellina pusilla,"(Wilson, 1811)",Wilson’s warbler,Animalia,Chordata,Vertebrata,,Aves,,,Passeriformes,,,Parulidae,,native,S5B (2015),reported,unobserved,1991-05-30,D. Archibald McCallum,"Borror Laboratory of Bioacoustics, Ohio State University, Columbus, OH (BLB)",BLB18656,,,,,,,BIR
Geothlypis tolmiei,"(Townsend, 1839)",MacGillivray's warbler,Animalia,Chordata,Vertebrata,,Aves,,,Passeriformes,,,Parulidae,,native,S5B (2015),reported,unobserved,2018-11-01,Michael Dunn,Birds of Mayne Island,,,,,,,,BIR
Geothlypis trichas,"(Linnaeus, 1766)",common yellowthroat,Animalia,Chordata,Vertebrata,,Aves,,,Passeriformes,,,Parulidae,,native,S5 (2015),reported,unobserved,2018-11-01,Michael Dunn,Birds of Mayne Island,,,,,,,,BIR
Oreothlypis celata,"(Say, 1823)",orange-crowned warbler,Animalia,Chordata,Vertebrata,,Aves,,,Passeriformes,,,Parulidae,,native,S5B (2015),reported,unobserved,1991-05-30,D. Archibald McCallum,"Borror Laboratory of Bioacoustics, Ohio State University, Columbus, OH (BLB)",BLB18657,,,,,,,BIR
Setophaga coronata auduboni,"(Townsend, 1837)",Audubon's warbler,Animalia,Chordata,Vertebrata,,Aves,,,Passeriformes,,,Parulidae,,native,S5B (2015),reported,unobserved,2018-11-01,Michael Dunn,Birds of Mayne Island,,,,,,,,BIR
Setophaga coronata coronata,"(Linnaeus, 1766)",myrtle warbler,Animalia,Chordata,Vertebrata,,Aves,,,Passeriformes,,,Parulidae,,native,S5B (2015),reported,unobserved,2018-11-01,Michael Dunn,Birds of Mayne Island,,,,,,,,BIR
Setophaga nigrescens,"(Townsend, 1837)",black-throated gray warbler,Animalia,Chordata,Vertebrata,,Aves,,,Passeriformes,,,Parulidae,,native,S4S5B (2015),reported,unobserved,2018-11-01,Michael Dunn,Birds of Mayne Island,,,,,,,,BIR
Setophaga petechia,"(Linnaeus, 1766)",yellow warbler,Animalia,Chordata,Vertebrata,,Aves,,,Passeriformes,,,Parulidae,,native,S5B (2015),reported,unobserved,2018-11-01,Michael Dunn,Birds of Mayne Island,,,,,,,,BIR
Setophaga townsendi,"(Townsend, 1837)",Townsend's warbler,Animalia,Chordata,Vertebrata,,Aves,,,Passeriformes,,,Parulidae,,native,S5B (2015),reported,unobserved,1991-05-31,D. Archibald McCallum,"Borror Laboratory of Bioacoustics, Ohio State University, Columbus, OH (BLB)",BLB18668,,,,,,,BIR
Regulus calendula,"(Linnaeus, 1766)",ruby-crowned kinglet,Animalia,Chordata,Vertebrata,,Aves,,,Passeriformes,,,Regulidae,,native,S5 (2015),reported,unobserved,2018-11-01,Michael Dunn,Birds of Mayne Island,,,,,,,,BIR
Regulus satrapa,"(Lichtenstein, 1823)",golden-crowned kinglet,Animalia,Chordata,Vertebrata,,Aves,,,Passeriformes,,,Regulidae,,native,S5 (2015),reported,unobserved,2018-11-01,Michael Dunn,Birds of Mayne Island,,,,,,,,BIR
Sitta canadensis,"Linnaeus, 1766",red-breasted nuthatch,Animalia,Chordata,Vertebrata,,Aves,,,Passeriformes,,,Sittidae,,native,S5B (2015),reported,unobserved,2018-11-01,Michael Dunn,Birds of Mayne Island,,,,,,,,BIR
Sturnus vulgaris,"Linnaeus, 1758",European starling,Animalia,Chordata,Vertebrata,,Aves,,,Passeriformes,,,Sturnidae,,exotic,unlisted,reported,unobserved,2018-11-01,Michael Dunn,Birds of Mayne Island,,,,,,,,BIR
Cistothorus palustris,"(Wilson, A, 1810)",marsh wren,Animalia,Chordata,Vertebrata,,Aves,,,Passeriformes,,,Troglodytidae,,native,S5 (2015),reported,unobserved,2018-11-01,Michael Dunn,Birds of Mayne Island,,,,,,,,BIR
Thryomanes bewickii,"P.L. Sclater, 1862",Bewick’s wren,Animalia,Chordata,Vertebrata,,Aves,,,Passeriformes,,,Troglodytidae,,native,S4 (2015),reported,unobserved,2018-11-01,Michael Dunn,Birds of Mayne Island,,,,,,,,BIR
Troglodytes aedon,"(Vieillot, 1809)",house wren,Animalia,Chordata,Vertebrata,,Aves,,,Passeriformes,,,Troglodytidae,,native,S5B (2015),reported,unobserved,2018-11-01,Michael Dunn,Birds of Mayne Island,,,,,,,,BIR
Troglodytes pacificus,"Baird, 1864",Pacific wren,Animalia,Chordata,Vertebrata,,Aves,,,Passeriformes,,,Troglodytidae,,native,S5B (2015),reported,unobserved,2018-11-01,Michael Dunn,Birds of Mayne Island,,,,,,,,BIR
Catharus guttatus,"(Pallas, 1811)",hermit thrush,Animalia,Chordata,Vertebrata,,Aves,,,Passeriformes,,,Turdidae,,native,S5B (2015),reported,unobserved,2018-11-01,Michael Dunn,Birds of Mayne Island,,,,,,,,BIR
Catharus ustulatus,"(Nuttall, 1840)",Swainson's thrush,Animalia,Chordata,Vertebrata,,Aves,,,Passeriformes,,,Turdidae,,native,S5B (2015),reported,unobserved,2018-11-01,Michael Dunn,Birds of Mayne Island,,,,,,,,BIR
Ixoreus naevius,"Gmelin, 1789",varied thrush,Animalia,Chordata,Vertebrata,,Aves,,,Passeriformes,,,Turdidae,,native,S5B (2015),reported,unobserved,2018-11-01,Michael Dunn,Birds of Mayne Island,,,,,,,,BIR
Myadestes townsendi,"(Audubon, 1838)",Townsend's solitaire,Animalia,Chordata,Vertebrata,,Aves,,,Passeriformes,,,Turdidae,,native,S5B (2015),reported,unobserved,2018-11-01,Michael Dunn,Birds of Mayne Island,,,,,,,,BIR
Sialia mexicana,"Swainson, 1832",western bluebird,Animalia,Chordata,Vertebrata,,Aves,,,Passeriformes,,,Turdidae,,native,SHB (2010),reported,unobserved,2018-11-01,Michael Dunn,Birds of Mayne Island,,,,,,Georgia Depression population,,BIR
Turdus migratorius,"Linnaeus, 1766",American robin,Animalia,Chordata,Vertebrata,,Aves,,,Passeriformes,,,Turdidae,,native,S5B (2015),reported,unobserved,2018-11-01,Michael Dunn,Birds of Mayne Island,,,,,,,,BIR
Contopus cooperi,"(Swainson, 1832)",olive-sided flycatcher,Animalia,Chordata,Vertebrata,,Aves,,,Passeriformes,,,Tyrannidae,,native,S3S4B (2015),reported,unobserved,2018-11-01,Michael Dunn,Birds of Mayne Island,,,,,,,,BIR
Contopus sordidulus,"(Sclater, 1859)",western wood-pewee,Animalia,Chordata,Vertebrata,,Aves,,,Passeriformes,,,Tyrannidae,,native,S5B (2015),reported,unobserved,2018-11-01,Michael Dunn,Birds of Mayne Island,,,,,,,,BIR
Empidonax difficilis,"Baird, 1858",Pacific-slope flycatcher,Animalia,Chordata,Vertebrata,,Aves,,,Passeriformes,,,Tyrannidae,,native,S5B (2015),reported,unobserved,2018-11-01,Michael Dunn,Birds of Mayne Island,,,,,,,,BIR
Empidonax hammondii,"(Xantus de Vesey, 1858)",Hammond’s flycatcher,Animalia,Chordata,Vertebrata,,Aves,,,Passeriformes,,,Tyrannidae,,native,S5B (2015),reported,unobserved,2018-11-01,Michael Dunn,Birds of Mayne Island,,,,,,,,BIR
Empidonax traillii,"(Audubon, 1828)",willow flycatcher,Animalia,Chordata,Vertebrata,,Aves,,,Passeriformes,,,Tyrannidae,,native,S5B (2015),reported,unobserved,2018-11-01,Michael Dunn,Birds of Mayne Island,,,,,,,,BIR
Sayornis saya,"(Bonaparte, 1825)",Say's phoebe,Animalia,Chordata,Vertebrata,,Aves,,,Passeriformes,,,Tyrannidae,,native,S5B (2015),reported,unobserved,2018-11-01,Michael Dunn,Birds of Mayne Island,,,,,,,,BIR
Tyrannus verticalis,"Say, 1823",western kingbird,Animalia,Chordata,Vertebrata,,Aves,,,Passeriformes,,,Tyrannidae,,native,S4S5B (2015),reported,unobserved,2018-11-01,Michael Dunn,Birds of Mayne Island,,,,,,,,BIR
Vireo cassinii,"Xantus de Vesey, 1858",Cassin's vireo,Animalia,Chordata,Vertebrata,,Aves,,,Passeriformes,,,Vireonidae,,native,S5B (2015),reported,unobserved,2018-11-01,Michael Dunn,Birds of Mayne Island,,,,,,,,BIR
Vireo gilvus,"(Vieillot, 1808)",warbling vireo,Animalia,Chordata,Vertebrata,,Aves,,,Passeriformes,,,Vireonidae,,native,S5B (2015),reported,unobserved,1991-05-30,D. Archibald McCallum,"Borror Laboratory of Bioacoustics, Ohio State University, Columbus, OH (BLB)",BLB18664,,,,,,,BIR
Vireo huttoni,"Cassin, 1851",Hutton’s vireo,Animalia,Chordata,Vertebrata,,Aves,,,Passeriformes,,,Vireonidae,,native,S4 (2015),reported,unobserved,2018-11-01,Michael Dunn,Birds of Mayne Island,,,,,,,,BIR
Vireo olivaceus,"(Linnaeus, 1766)",red-eyed vireo,Animalia,Chordata,Vertebrata,,Aves,,,Passeriformes,,,Vireonidae,,native,S5B (2015),reported,unobserved,2018-11-01,Michael Dunn,Birds of Mayne Island,,,,,,,,BIR
Ardea herodias fannini,"Chapman, 1901",great blue heron,Animalia,Chordata,Vertebrata,,Aves,,,Pelecaniformes,,,Ardeidae,Ardeinae,native,"S2S3B,S4N (2009)",reported,unobserved,2018-11-01,Michael Dunn,Birds of Mayne Island,,,,,,,,BIR
Bubulcus ibis,"(Linnaeus, 1758)",cattle egret,Animalia,Chordata,Vertebrata,,Aves,,,Pelecaniformes,,,Ardeidae,Ardeinae,accidental,SNRN (2015),reported,unobserved,2018-11-01,Michael Dunn,Birds of Mayne Island,,,,,,,,BIR
Pelecanus occidentalis,"Linnaeus, 1766",brown pelican,Animalia,Chordata,Vertebrata,,Aves,,,Pelecaniformes,,,Pelecanidae,,accidental,SNRM (2015),reported,unobserved,2018-11-01,Michael Dunn,Birds of Mayne Island,,,,,,,,BIR
Colaptes auratus,"(Linnaeus, 1758)",northern flicker,Animalia,Chordata,Vertebrata,,Aves,,,Piciformes,,,Picidae,,native,S5 (2015),reported,unobserved,2018-11-01,Michael Dunn,Birds of Mayne Island,,,,,,,,BIR
Dryobates pubescens,"(Linnaeus, 1766)",downy woodpecker,Animalia,Chordata,Vertebrata,,Aves,,,Piciformes,,,Picidae,,native,S5 (2015),reported,unobserved,2018-11-01,Michael Dunn,Birds of Mayne Island,,,,,,,,BIR
Dryobates villosus,"(Linnaeus, 1766)",hairy woodpecker,Animalia,Chordata,Vertebrata,,Aves,,,Piciformes,,,Picidae,,native,S5B (2015),reported,unobserved,2018-11-01,Michael Dunn,Birds of Mayne Island,,,,,,,,BIR
Dryocopus pileatus,"(Linnaeus, 1758)",pileated woodpecker,Animalia,Chordata,Vertebrata,,Aves,,,Piciformes,,,Picidae,,native,S5 (2015),reported,unobserved,2018-11-01,Michael Dunn,Birds of Mayne Island,,,,,,,,BIR
Melanerpes lewis,"(G. R. Gray, 1849)",Lewis' woodpecker,Animalia,Chordata,Vertebrata,,Aves,,,Piciformes,,,Picidae,,native,S2S3B (2015),reported,unobserved,2018-11-01,Michael Dunn,Birds of Mayne Island,,,,,,Red-listed pop.1 also represented in CDF,,BIR
Sphyrapicus ruber,"(Gmelin, 1788)",red-breasted sapsucker,Animalia,Chordata,Vertebrata,,Aves,,,Piciformes,,,Picidae,,native,S5B (2015),reported,unobserved,2008-02-24,A.E. Sinclair,UBCBBM,B016117,,,,,,,BIR
Aechmophorus occidentalis,"(Lawrence, 1858)",western grebe,Animalia,Chordata,Vertebrata,,Aves,,,Podicipediformes,,,Podicipedidae,,native,"S1B,S2N (2015)",reported,unobserved,2018-11-01,Michael Dunn,Birds of Mayne Island,,,,,,,,BIR
Podiceps auritus,"(Linnaeus, 1758)",horned grebe,Animalia,Chordata,Vertebrata,,Aves,,,Podicipediformes,,,Podicipedidae,,native,"S4B, SNRN (2015)",reported,unobserved,2018-11-01,Michael Dunn,Birds of Mayne Island,,,,,,,,BIR
Podiceps grisegena,"(Boddaert, 1783)",red-necked grebe,Animalia,Chordata,Vertebrata,,Aves,,,Podicipediformes,,,Podicipedidae,,native,S5?B (2015),reported,unobserved,2018-11-01,Michael Dunn,Birds of Mayne Island,,,,,,,,BIR
Podiceps nigricollis,"Brehm, 1831",eared grebe,Animalia,Chordata,Vertebrata,,Aves,,,Podicipediformes,,,Podicipedidae,,native,S3B (2015),reported,unobserved,2018-11-01,Michael Dunn,Birds of Mayne Island,,,,,,,,BIR
Podilymbus podiceps,"(Linnaeus, 1758)",pied-billed grebe,Animalia,Chordata,Vertebrata,,Aves,,,Podicipediformes,,,Podicipedidae,,native,S4 (2015),reported,unobserved,2018-11-01,Michael Dunn,Birds of Mayne Island,,,,,,,,BIR
Aegolius acadicus,"(Gmelin, 1788)",northern saw-whet owl,Animalia,Chordata,Vertebrata,,Aves,,,Strigiformes,,,Strigidae,,native,"S5B,S5N (2009)",reported,unobserved,2018-11-01,Michael Dunn,Birds of Mayne Island,,,,,,,,BIR
Bubo scandiacus,"(Linnaeus, 1758)",snowy owl,Animalia,Chordata,Vertebrata,,Aves,,,Strigiformes,,,Strigidae,,native,SUN (2015),reported,unobserved,2018-11-01,Michael Dunn,Birds of Mayne Island,,,,,,,,BIR
Bubo virginianus,"(Gmelin, 1788)",great horned owl,Animalia,Chordata,Vertebrata,,Aves,,,Strigiformes,,,Strigidae,,native,S5 (2015),reported,unobserved,2018-11-01,Michael Dunn,Birds of Mayne Island,,,,,,,,BIR
Glaucidium californicum,"(PL Sclater, 1857)",northern pygmy owl,Animalia,Chordata,Vertebrata,,Aves,,,Strigiformes,,,Strigidae,,native,S4B (2015),reported,unobserved,2018-11-01,Michael Dunn,Birds of Mayne Island,,,,,,,,BIR
Megascops kennicottii,"(Elliot, 1867)",western screech owl,Animalia,Chordata,Vertebrata,,Aves,,,Strigiformes,,,Strigidae,,native,S4 (2015),reported,unobserved,1927-02-14,Allan C. Brooks Jr.,MVZ,101666,,,,,,,BIR
Strix varia,"Barton, 1799",barred owl,Animalia,Chordata,Vertebrata,,Aves,,,Strigiformes,,,Strigidae,,native,S5B (2015),reported,unobserved,2018-11-01,Michael Dunn,Birds of Mayne Island,,,,,,,,BIR
Phalacrocorax auritus,"(Lesson, 1831)",double-crested cormorant,Animalia,Chordata,Vertebrata,,Aves,,,Suliformes,,,Phalacrocoracidae,,native,S3S4B (2015),reported,unobserved,2018-11-01,Michael Dunn,Birds of Mayne Island,,,,,,,,BIR
Phalacrocorax pelagicus,"Pallas, 1811",pelagic cormorant,Animalia,Chordata,Vertebrata,,Aves,,,Suliformes,,,Phalacrocoracidae,,native,S4 (2015),reported,unobserved,2018-11-01,Michael Dunn,Birds of Mayne Island,,,,,,,,BIR
Phalacrocorax penicillatus,"(Brandt, 1837)",Brandt's cormorant,Animalia,Chordata,Vertebrata,,Aves,,,Suliformes,,,Phalacrocoracidae,,native,"S1B,S4N (2015)",reported,unobserved,2018-11-01,Michael Dunn,Birds of Mayne Island,,,,,,,,BIR
Hydrolagus colliei,"Lay & E.T. Bennett, 1839",spotted ratfish,Animalia,Chordata,Vertebrata,,Chondrichthyes,,,Chimaeriformes,,,Chimaeridae,,,,reported,unobserved,1981-06-18,Margaret J. Legg,CMN,CMNFI 1981-1011.1,,,,,,,FIS
Dama dama,"(Linnaeus, 1758)",fallow deer,Animalia,Chordata,Vertebrata,,Mammalia,,,Artiodactyla,Ruminantia,,Cervidae,Cervinae,exotic,unlisted,reported,unobserved,2016-11-02,Michael Dunn,St. John Point Conservation Report,,,,,,,,MAM
Odocoileus hemionus columbianus,,Columbian black-tailed deer,Animalia,Chordata,Vertebrata,,Mammalia,,,Artiodactyla,Ruminantia,,Cervidae,Capreolinae,native,S5 (2015),reported,unobserved,2016-11-02,Michael Dunn,St. John Point Conservation Report,,,,,,,,MAM
Lontra canadensis,,North American river otter,Animalia,Chordata,Vertebrata,,Mammalia,,,Carnivora,Caniformia,,Mustelidae,Lutrinae,native,S5 (2015),reported,unobserved,2016-11-02,Michael Dunn,St. John Point Conservation Report,,,,,,,,MAM
Neovison vison,,American mink,Animalia,Chordata,Vertebrata,,Mammalia,,,Carnivora,Caniformia,,Mustelidae,Mustelinae,native,S5 (2015),reported,unobserved,2016-11-02,Michael Dunn,St. John Point Conservation Report,,,,,,,,MAM
Peromyscus maniculatus angustus,,deer mouse,Animalia,Chordata,Vertebrata,,Mammalia,,,Rodentia,,,Cricetidae,Neotominae,,,reported,unobserved,1985-04-08,S.J. Gunn,TCWC,65501,,,,,,,MAM
Tamiasciurus hudsonicus,,American red squirrel,Animalia,Chordata,Vertebrata,,Mammalia,,,Rodentia,,,Sciuridae,Sciurinae,native,S5 (2015),reported,unobserved,2016-11-02,Michael Dunn,St. John Point Conservation Report,,,,,,,,MAM
Sorex vagrans vagrans,,vagrant shrew,Animalia,Chordata,Vertebrata,,Mammalia,,,Soricomorpha,,,Soricidae,Soricinae,,,reported,unobserved,1982-07-31,"I.F. Greenbaum, et al",TCWC,45755,,,,,,,MAM
Thamnophis elegans vagrans,,wandering garter snake,Animalia,Chordata,Vertebrata,,Reptilia,,,Squamata,Serpentes,,Colubridae,Natricinae,,,reported,unobserved,2016-04-09,MICS,Edith Point Ecological Baseline Report,,,,,,,,HER
Thamnophis ordinoides,,northwestern garter snake,Animalia,Chordata,Vertebrata,,Reptilia,,,Squamata,Serpentes,,Colubridae,Natricinae,,,reported,unobserved,1966-07-01,Ian McTaggart-Cowan,UBC,H001132,,,,,,,HER
Thamnophis sirtalis,,common garter snake,Animalia,Chordata,Vertebrata,,Reptilia,,,Squamata,Serpentes,,Colubridae,Natricinae,,,reported,unobserved,2016-04-09,MICS,Edith Point Ecological Baseline Report,,,,,,,,HER
Ariolimax columbianus,,Pacific banana slug,Animalia,Mollusca,,,Gastropoda,Heterobranchia,Eupulmonata,Stylommatophora,Helicina,Arionoidea,Ariolimacidae,Ariolimacinae,native,S5 (2015),reported,unobserved,2016-11-02,Michael Dunn,St. John Point Conservation Report,,,,,,,,MOL
Arion rufus,,chocolate slug,Animalia,Mollusca,,,Gastropoda,Heterobranchia,Eupulmonata,Stylommatophora,Helicina,Arionoidea,Arionidae,Arioninae,exotic,unlisted,reported,unobserved,2016-11-02,Michael Dunn,St. John Point Conservation Report,,,,,,Reports of A. ater are dubious; only A. rufus is known to be present in our region,,MOL
Monadenia fidelis,,Pacific sideband,Animalia,Mollusca,,,Gastropoda,Heterobranchia,Eupulmonata,Stylommatophora,Helicina,Helicoidea,Bradybaenidae,,native,S4 (2015),reported,unobserved,2016-11-02,Michael Dunn,St. John Point Conservation Report,,,,,,,,MOL