Taxon,Author,Common Name,Kingdom,Phylum,Sub-phylum,Super-class,Class,Subclass,Super-order,Order,Sub-order,Super-family,Family,Subfamily,Origin,Status,Reporting,Documented in iNaturalist,Last Collected/Reported (y-m-d),Collector/Source,Collection/List,Catalogue Number,LGL,First Documented,Documenter,iNaturalist Link,Notes,iNaturalist Taxon ID,Stats Code
Sclerophora peronella,(Ach.) Tibell,frosted glass-whiskers,Fungi,Ascomycota,Pezizomycotina,,Coniocybomycetes,,,Coniocybales,,,Coniocybaceae,,native,S1 (2002),reported,undocumented,,,,,"LGL Limited, Environmental Research Associates, Sidney, BC",,,,,230637,
Physcia adscendens,(Th.Fr.) H.Olivier,hooded rosette,Fungi,Ascomycota,Pezizomycotina,,Lecanoromycetes,Lecanoromycetidae,,Caliciales,,,Physciaceae,,native,S5 (2018),reported,undocumented,,,,,"LGL Limited, Environmental Research Associates, Sidney, BC",,,,,124439,
Physcia dubia,(Hoffm.) Lettau,grinning rosette,Fungi,Ascomycota,Pezizomycotina,,Lecanoromycetes,Lecanoromycetidae,,Caliciales,,,Physciaceae,,native,S4S5 (2018),reported,undocumented,,,,,"LGL Limited, Environmental Research Associates, Sidney, BC",,,,,228044,
Physcia tenella,(Scop.) DC.,hoodless rosette,Fungi,Ascomycota,Pezizomycotina,,Lecanoromycetes,Lecanoromycetidae,,Caliciales,,,Physciaceae,,native,S5 (2018),reported,undocumented,,,,,"LGL Limited, Environmental Research Associates, Sidney, BC",,,,,228059,
Tholurna dissimilis,(Norman) Norman,arboreal bottle-collection,Fungi,Ascomycota,Pezizomycotina,,Lecanoromycetes,Lecanoromycetidae,,Caliciales,,,Caliciaceae,,native,S5 (2020),reported,undocumented,,,,,"LGL Limited, Environmental Research Associates, Sidney, BC",,,,,232575,
Alectoria sarmentosa,(Ach.) Ach. ,witch's hair,Fungi,Ascomycota,Pezizomycotina,,Lecanoromycetes,Lecanoromycetidae,,Lecanorales,,,Parmeliaceae,Parmelioideae,native,S5 (2018),new 2017,documented,,,,,,42862,judithofsquamish,https://www.inaturalist.org/observations/8899112,,126626
Alectoria vancouverensis,(Gyelnik) Gyelnik ex Brodo & D. Hawksw,vancouver witch's hair lichen,Fungi,Ascomycota,Pezizomycotina,,Lecanoromycetes,Lecanoromycetidae,,Lecanorales,,,Parmeliaceae,Parmelioideae,native,S4 (2018),new 2021,documented,,,,,,44203.609363425923,gwenlh,https://www.inaturalist.org/observations/69402015,,205455
Bryoria fuscescens,(Gyel.) Brodo & D. Hawksw.,pale-footed horsehair,Fungi,Ascomycota,Pezizomycotina,,Lecanoromycetes,Lecanoromycetidae,,Lecanorales,,,Parmeliaceae,,native ,S5 (2018),reported,undocumented,,,,,"LGL Limited, Environmental Research Associates, Sidney, BC",,,,,117927,
Bryoria glabra,(Motyka) Brodo & D. Hawksw.,wire horsehair,Fungi,Ascomycota,Pezizomycotina,,Lecanoromycetes,Lecanoromycetidae,,Lecanorales,,,Parmeliaceae,,native ,S5 (2018),reported,undocumented,,,,,"LGL Limited, Environmental Research Associates, Sidney, BC",,,,,205668,
Bryoria pseudofuscescens,(Gyelnik) Brodo & D. Hawksw.,mountain horsehair,Fungi,Ascomycota,Pezizomycotina,,Lecanoromycetes,Lecanoromycetidae,,Lecanorales,,,Parmeliaceae,,native ,S5 (2018),reported,undocumented,,,,,"LGL Limited, Environmental Research Associates, Sidney, BC",,,,,205673,
Cetrelia cetrarioides,(Duby) Culb. & C. Culb.,downside seastorm,Fungi,Ascomycota,Pezizomycotina,,Lecanoromycetes,Lecanoromycetidae,,Lecanorales,,,Parmeliaceae,Parmelioideae,native,S5 (2019),reported,undocumented,,,,,"LGL Limited, Environmental Research Associates, Sidney, BC",,,,,154457,
Cladonia arbuscula subsp. beringiana,(Wallr.) Hale & Culb.,mesopmorphic reindeer,Fungi,Ascomycota,Pezizomycotina,,Lecanoromycetes,Lecanoromycetidae,,Lecanorales,,,Cladoniaceae,,native,S5 (2018),reported,undocumented,,,,,"LGL Limited, Environmental Research Associates, Sidney, BC",,,,,340871
Cladonia arbuscula subsp. mitis,Sandst. ,ectomorphic reindeer,Fungi,Ascomycota,Pezizomycotina,,Lecanoromycetes,Lecanoromycetidae,,Lecanorales,,,Cladoniaceae,,native,S5 (2018),reported,undocumented,,,,,"LGL Limited, Environmental Research Associates, Sidney, BC",,,,,462714,
Cladonia asahinae,J.W. Thomson,Western Pixie-cup,Fungi,Ascomycota,Pezizomycotina,,Lecanoromycetes,Lecanoromycetidae,,Lecanorales,,,Cladoniaceae,,native,S4 (2019),new 2018,documented,,,,,,43411,judithofsquamish,https://www.inaturalist.org/observations/18236220,,210582
Cladonia bellidiflora,(Ach.) Schaer.,Toy Soldiers/floral pixie,Fungi,Ascomycota,Pezizomycotina,,Lecanoromycetes,Lecanoromycetidae,,Lecanorales,,,Cladoniaceae,,native,S5 (2018),confirmed,documented,,,,,,41789,judithofsquamish,https://www.inaturalist.org/observations/5948224,,123391
Cladonia cariosa,(Ach.) Sprengel,lesser ribbed pixie  ,Fungi,Ascomycota,Pezizomycotina,,Lecanoromycetes,Lecanoromycetidae,,Lecanorales,,,Cladoniaceae,,native,S5 (2018),reported,undocumented,,,,,"LGL Limited, Environmental Research Associates, Sidney, BC",,,,,179750,
Cladonia carneola,(Fr.) .Fr.,royal pixie-cup,Fungi,Ascomycota,Pezizomycotina,,Lecanoromycetes,Lecanoromycetidae,,Lecanorales,,,Cladoniaceae,,native,S5 (2018),reported,undocumented,,,,,"LGL Limited, Environmental Research Associates, Sidney, BC",,,,,194513,
Cladonia cenotea,(Ach.) Schaer.,singing pixie,Fungi,Ascomycota,Pezizomycotina,,Lecanoromycetes,Lecanoromycetidae,,Lecanorales,,,Cladoniaceae,,native,S5 (2018),reported,undocumented,,,,,"LGL Limited, Environmental Research Associates, Sidney, BC",,,,,180456,
Cladonia cervicornis,(Ach.) Flot.,Browned Pixie-cup Lichen,Fungi,Ascomycota,Pezizomycotina,,Lecanoromycetes,Lecanoromycetidae,,Lecanorales,,,Cladoniaceae,,native,S5 (2019),new 2018,documented,,,,,,43411,judithofsquamish,https://www.inaturalist.org/observations/18236354,,54284
Cladonia chlorophaea,(Flörke ex Sommerf.) Sprengel.,Mealy Pixie Cup,Fungi,Ascomycota,Pezizomycotina,,Lecanoromycetes,Lecanoromycetidae,,Lecanorales,,,Cladoniaceae,,native,S5 (2018),confirmed,documented,,,,,"LGL Limited, Environmental Research Associates, Sidney, BC",43199,derekkillby,https://www.inaturalist.org/observations/13792618,,49488
Cladonia coniocraea,(Flörke) Spreng,mama littlehorn pixie,Fungi,Ascomycota,Pezizomycotina,,Lecanoromycetes,Lecanoromycetidae,,Lecanorales,,,Cladoniaceae,,native,S5 (2018),reported,undocumented,,,,,"LGL Limited, Environmental Research Associates, Sidney, BC",,,,,155093,
Cladonia cornuta,(L.) Hoffm.,Bighorn Lichen,Fungi,Ascomycota,Pezizomycotina,,Lecanoromycetes,Lecanoromycetidae,,Lecanorales,,,Cladoniaceae,,native,S5 (2018),new 2014,documented,,,,,,41818,judithofsquamish,https://www.inaturalist.org/observations/8462427,,179035
Cladonia crispata var. crispata,(Ach.)Fflot.,greater organpipe pixie,Fungi,Ascomycota,Pezizomycotina,,Lecanoromycetes,Lecanoromycetidae,,Lecanorales,,,Cladoniaceae,,native,S5 (2018),reported,undocumented,,,,,"LGL Limited, Environmental Research Associates, Sidney, BC",,,,,240032,
Cladonia deformis,(l.) Hoffm.,medium hot pixie,Fungi,Ascomycota,Pezizomycotina,,Lecanoromycetes,Lecanoromycetidae,,Lecanorales,,,Cladoniaceae,,native,S4 (2019),reported,undocumented,,,,,"LGL Limited, Environmental Research Associates, Sidney, BC",,,,,119887,
Cladonia fimbriata,(L.) Fr.,trumpeting pixie,Fungi,Ascomycota,Pezizomycotina,,Lecanoromycetes,Lecanoromycetidae,,Lecanorales,,,Cladoniaceae,,native,S5 (2018),reported,undocumented,,,,,"LGL Limited, Environmental Research Associates, Sidney, BC",43429,benkeen,https://www.inaturalist.org/observations/18637399,,179037
Cladonia furcata,(Tuck.) Brodo & D. Hawksw.,many-forked cladonia,Fungi,Ascomycota,Pezizomycotina,,Lecanoromycetes,Lecanoromycetidae,,Lecanorales,,,Cladoniaceae,,native,S5 (2018),reported,undocumented,,,,,"LGL Limited, Environmental Research Associates, Sidney, BC",43885.712604166663,gwenlh,https://www.inaturalist.org/observations/39669933,,54607
Cladonia gracilis turbinata,(L.) Willd. (Ach.) Ahti ,Bronzed Pixie Lichen,Fungi,Ascomycota,Pezizomycotina,,Lecanoromycetes,Lecanoromycetidae,,Lecanorales,,,Cladoniaceae,,native,S5 (2018),new 2020,documented,,,,,,43885.712465277778,gwenlh,https://www.inaturalist.org/observations/39301997,,235279
Cladonia macilenta,Hoffm.,lipstick pixie,Fungi,Ascomycota,Pezizomycotina,,Lecanoromycetes,Lecanoromycetidae,,Lecanorales,,,Cladoniaceae,,native,S4 (2019),new 2017,documented,,,,,,43031,kdm,https://www.inaturalist.org/observations/8583063,,117950
Cladonia macrophyllodes,nyl.,low-rise pixie,Fungi,Ascomycota,Pezizomycotina,,Lecanoromycetes,Lecanoromycetidae,,Lecanorales,,,Cladoniaceae,,native,S5 (2019),reported,undocumented,,,,,"LGL Limited, Environmental Research Associates, Sidney, BC",,,,,217120,
Cladonia merochlorophaea,asah.,gritty pixie-cup,Fungi,Ascomycota,Pezizomycotina,,Lecanoromycetes,Lecanoromycetidae,,Lecanorales,,,Cladoniaceae,,native,S4 (2019),reported,undocumented,,,,,"LGL Limited, Environmental Research Associates, Sidney, BC",,,,,217124,
Cladonia multiformis,G. Merr.,shape-shifting pixie,Fungi,Ascomycota,Pezizomycotina,,Lecanoromycetes,Lecanoromycetidae,,Lecanorales,,,Cladoniaceae,,native,S5 (2018),reported,undocumented,,,,,"LGL Limited, Environmental Research Associates, Sidney, BC",,,,,180474,
Cladonia phyllophora,Ehrh. ex Hoffm,greater pied pixie,Fungi,Ascomycota,Pezizomycotina,,Lecanoromycetes,Lecanoromycetidae,,Lecanorales,,,Cladoniaceae,,native,S5 (2018),reported,undocumented,,,,,"LGL Limited, Environmental Research Associates, Sidney, BC",,,,,180480,
Cladonia pleurota,(Flörke) Schaer.,mind-altering pixie-cup,Fungi,Ascomycota,Pezizomycotina,,Lecanoromycetes,Lecanoromycetidae,,Lecanorales,,,Cladoniaceae,,native,S5 (2018),reported,undocumented,,,,,"LGL Limited, Environmental Research Associates, Sidney, BC",,,,,180467,
Cladonia portentosa,(Dufour) Coem.,maritime reindeer,Fungi,Ascomycota,Pezizomycotina,,Lecanoromycetes,Lecanoromycetidae,,Lecanorales,,,Cladoniaceae,,native,S5 (2018),confirmed,documented,,,,,"LGL Limited, Environmental Research Associates, Sidney, BC",43408,citizen1,https://www.inaturalist.org/observations/18310288,,119666,
Cladonia rangiferina,(L.) Nyl.,gray reindeer,Fungi,Ascomycota,Pezizomycotina,,Lecanoromycetes,Lecanoromycetidae,,Lecanorales,,,Cladoniaceae,,native,S5 (2018),reported,undocumented,,,,,"LGL Limited, Environmental Research Associates, Sidney, BC",,,,,119778,
Cladonia prolifica,Ahti & S. Hammer.,phantom pixie-cup,Fungi,Ascomycota,Pezizomycotina,,Lecanoromycetes,Lecanoromycetidae,,Lecanorales,,,Cladoniaceae,,native,S3S4 (2018),reported,undocumented,,,,,"LGL Limited, Environmental Research Associates, Sidney, BC",,,,,217139,
Cladonia pyxidata,(l.) hoffm.,pebbled pixie-cup,Fungi,Ascomycota,Pezizomycotina,,Lecanoromycetes,Lecanoromycetidae,,Lecanorales,,,Cladoniaceae,,native,S5 (2018),reported,undocumented,,,,,"LGL Limited, Environmental Research Associates, Sidney, BC",,,,,123894,
Cladonia rangiferina,(L.) F. H. Wigg.,grey reindeer lichen,Fungi,Ascomycota,Pezizomycotina,,Lecanoromycetes,Lecanoromycetidae,,Lecanorales,,,Cladoniaceae,,native,S5 (2018),new 2018,documented,,,,,,43343,johndreynolds,https://www.inaturalist.org/observations/16159610,,119778
Cladonia scabriuscula,(Delise) Nyl.,card-carrying pixie,Fungi,Ascomycota,Pezizomycotina,,Lecanoromycetes,Lecanoromycetidae,,Lecanorales,,,Cladoniaceae,,native,S5 (2018),reported,undocumented,,,,,"LGL Limited, Environmental Research Associates, Sidney, BC",,,,,217148,
Cladonia squamosa,Hoffm.,Dragon Horn,Fungi,Ascomycota,Pezizomycotina,,Lecanoromycetes,Lecanoromycetidae,,Lecanorales,,,Cladoniaceae,,native,S5 (2018),confirmed,documented,,,,,"LGL Limited, Environmental Research Associates, Sidney, BC",43647,judithofsquamish,https://www.inaturalist.org/observations/28270356,,117963
Cladonia stricta,(nyl.) nyl.,lesser pied pixie,Fungi,Ascomycota,Pezizomycotina,,Lecanoromycetes,Lecanoromycetidae,,Lecanorales,,,Cladoniaceae,,native,S5 (2018),reported,undocumented,,,,,"LGL Limited, Environmental Research Associates, Sidney, BC",,,,,217154,
Cladonia subfurcata,(Nyl.) Arnold,rosegarden pixie,Fungi,Ascomycota,Pezizomycotina,,Lecanoromycetes,Lecanoromycetidae,,Lecanorales,,,Cladoniaceae,,native,S3S4 (2019),reported,undocumented,,,,,"LGL Limited, Environmental Research Associates, Sidney, BC",,,,,217156,
Cladonia sulphurina,(Michaux) Fr.,extra hot pixie,Fungi,Ascomycota,Pezizomycotina,,Lecanoromycetes,Lecanoromycetidae,,Lecanorales,,,Cladoniaceae,,native,S5 (2018),reported,undocumented,,,,,"LGL Limited, Environmental Research Associates, Sidney, BC",,,,,119886,
Cladonia symphycarpia,(Flörke) Fr. ,greater ribbed pixie,Fungi,Ascomycota,Pezizomycotina,,Lecanoromycetes,Lecanoromycetidae,,Lecanorales,,,Cladoniaceae,,native,S5 (2019),reported,undocumented,,,,,"LGL Limited, Environmental Research Associates, Sidney, BC",,,,,217160,
Cladonia umbricola,Tønsberg & Ahti.,imponderable pixie,Fungi,Ascomycota,Pezizomycotina,,Lecanoromycetes,Lecanoromycetidae,,Lecanorales,,,Cladoniaceae,,native,S5 (2018),reported,undocumented,,,,,"LGL Limited, Environmental Research Associates, Sidney, BC",,,,,194721,
Cladonia uncialis,(l.) F. H. Wigg.,thorn pixie,Fungi,Ascomycota,Pezizomycotina,,Lecanoromycetes,Lecanoromycetidae,,Lecanorales,,,Cladoniaceae,,,SNR,reported,undocumented,,,,,"LGL Limited, Environmental Research Associates, Sidney, BC",,,,,121208,
Cladonia verruculosa,(Vain.) Ahti,nitty-gritty pixie,Fungi,Ascomycota,Pezizomycotina,,Lecanoromycetes,Lecanoromycetidae,,Lecanorales,,,Cladoniaceae,,native,S5 (2019),reported,undocumented,,,,,"LGL Limited, Environmental Research Associates, Sidney, BC",,,,,155194,
Coelocaulon aculeatum,(Schreber) Ach,spiny heath,Fungi,Ascomycota,Pezizomycotina,,Lecanoromycetes,Lecanoromycetidae,,Lecanorales,,,Parmeliaceae,,native,S5 (2018),reported,undocumented,,,,,"LGL Limited, Environmental Research Associates, Sidney, BC",,,,,54351,
Evernia prunastri,(L.) Ach.,Oakmoss,Fungi,Ascomycota,Pezizomycotina,,Lecanoromycetes,Lecanoromycetidae,,Lecanorales,,,Parmeliaceae,Parmelioideae,native,S5 (2018),reported,undocumented,,,,,"LGL Limited, Environmental Research Associates, Sidney, BC",43372,benkeen,https://www.inaturalist.org/observations/17041773,,123175
Gowardia nigricans,"(Ach.) P. Halonen, L. Myllys, S. Velmala, & H. Hyvarinen",gray witch's beard,Fungi,Ascomycota,Pezizomycotina,,Lecanoromycetes,Lecanoromycetidae,,Lecanorales,,,Parmeliaceae,Parmelioideae,native,S5 (2019),reported,undocumented,,,,,"LGL Limited, Environmental Research Associates, Sidney, BC",,,,,462985,
Hypogymnia apinnata,Goward & McCune,beaded bone,Fungi,Ascomycota,Pezizomycotina,,Lecanoromycetes,Lecanoromycetidae,,Lecanorales,,,Parmeliaceae,Parmelioideae,native,S5 (2018),reported,undocumented,,,,,"LGL Limited, Environmental Research Associates, Sidney, BC",,,,,222045,
Hypogymnia duplicata,(Ach.) Rass.,tickertape bone,Fungi,Ascomycota,Pezizomycotina,,Lecanoromycetes,Lecanoromycetidae,,Lecanorales,,,Parmeliaceae,Parmelioideae,native,S5 (2019),reported,undocumented,,,,,"LGL Limited, Environmental Research Associates, Sidney, BC",,,,,222047,
Hypogymnia enteromorpha,(Ach.) Nyl.,budding tube lichen//inflatable bone,Fungi,Ascomycota,Pezizomycotina,,Lecanoromycetes,Lecanoromycetidae,,Lecanorales,,,Parmeliaceae,Parmelioideae,native,S5 (2018),new 2018,documented,,,,,"LGL Limited, Environmental Research Associates, Sidney, BC",43428,judithofsquamish,https://www.inaturalist.org/observations/18748025,,222048
Hypogymnia imshaugii,krog,forking bone,Fungi,Ascomycota,Pezizomycotina,,Lecanoromycetes,Lecanoromycetidae,,Lecanorales,,,Parmeliaceae,Parmelioideae,native,S5 (2018),reported,undocumented,,,,,"LGL Limited, Environmental Research Associates, Sidney, BC",,,,,179042,
Hypogymnia inactiva,(krog) ohlsson,wish bone,Fungi,Ascomycota,Pezizomycotina,,Lecanoromycetes,Lecanoromycetidae,,Lecanorales,,,Parmeliaceae,Parmelioideae,native,S5 (2019),reported,undocumented,,,,,"LGL Limited, Environmental Research Associates, Sidney, BC",,,,,126597,
Hypogymnia occidentalis,L. Pike,budding bone,Fungi,Ascomycota,Pezizomycotina,,Lecanoromycetes,Lecanoromycetidae,,Lecanorales,,,Parmeliaceae,Parmelioideae,native,S5 (2018),reported,undocumented,,,,,"LGL Limited, Environmental Research Associates, Sidney, BC",,,,,222055,
Hypogymnia physodes,(l.) Nyl.,hooded tube lichen,Fungi,Ascomycota,Pezizomycotina,,Lecanoromycetes,Lecanoromycetidae,,Lecanorales,,,Parmeliaceae,Parmelioideae,native,S5 (2018),new 2020,documented,,,,,"LGL Limited, Environmental Research Associates, Sidney, BC",43932,judithofsquamish,https://www.inaturalist.org/observations/41973889,,117971
Hypogymnia rugosa,(G. Merr.) L. Pike ,wrinkled bone,Fungi,Ascomycota,Pezizomycotina,,Lecanoromycetes,Lecanoromycetidae,,Lecanorales,,,Parmeliaceae,Parmelioideae,native,S5 (2018),reported,undocumented,,,,,"LGL Limited, Environmental Research Associates, Sidney, BC",,,,,179858,
Hypogymnia tubulosa,(Schaer.) Hav.,dog bone,Fungi,Ascomycota,Pezizomycotina,,Lecanoromycetes,Lecanoromycetidae,,Lecanorales,,,Parmeliaceae,Parmelioideae,native,S5 (2018),reported,undocumented,,,,,"LGL Limited, Environmental Research Associates, Sidney, BC",,,,,179720,
Leptogium palmatum,(Huds.) Mont.,antlered vinyl,Fungi,Ascomycota,Pezizomycotina,,Lecanoromycetes,Lecanoromycetidae,,Lecanorales,,,Parmeliaceae,,native,S5 (2018),reported,undocumented,,,,,"LGL Limited, Environmental Research Associates, Sidney, BC",,,many ssp of this genus in iNat but not this one,,0,
Letharia vulpina,(L.) Hue,valley wolf,Fungi,Ascomycota,Pezizomycotina,,Lecanoromycetes,Lecanoromycetidae,,Lecanorales,,,Parmeliaceae,,native,S5 (2018),reported,undocumented,,,,,"LGL Limited, Environmental Research Associates, Sidney, BC",,,,,54613,
Melanelia disjuncta, (Erichsen) Essl.,nebulous camouflage,Fungi,Ascomycota,Pezizomycotina,,Lecanoromycetes,Lecanoromycetidae,,Lecanorales,,,Parmeliaceae,Parmelioideae,,not in CDC records,reported,undocumented,,,,,"LGL Limited, Environmental Research Associates, Sidney, BC",,,,,0,
Melanelia hepatizon,(Ach.) Thell,rimmed rockleather,Fungi,Ascomycota,Pezizomycotina,,Lecanoromycetes,Lecanoromycetidae,,Lecanorales,,,Parmeliaceae,Parmelioideae,native,S5 (2018),reported,undocumented,,,,,"LGL Limited, Environmental Research Associates, Sidney, BC",,,,,224572,
Melanelia panniformis,(Nyl.) Essl.,overlapping camouflage,Fungi,Ascomycota,Pezizomycotina,,Lecanoromycetes,Lecanoromycetidae,,Lecanorales,,,Parmeliaceae,Parmelioideae,,genus is in CDC records,reported,undocumented,,,,,"LGL Limited, Environmental Research Associates, Sidney, BC",,,,,0,
Melanelixia fuliginosa,"(Fr. ex Duby) O. Blanco, A. Crespo, Divakar, Essl., D. Hawksw.",polished camouflage,Fungi,Ascomycota,Pezizomycotina,,Lecanoromycetes,Lecanoromycetidae,,Lecanorales,,,Parmeliaceae,Parmelioideae,,genus is in CDC records,reported,undocumented,,,,,"LGL Limited, Environmental Research Associates, Sidney, BC",,,,,345339,
Melanohalea exasperatula,"(Nyl.) O. Blanco, A. Crespo, Divakar, Essl., D. Hawksw. & Lumbsch.",lustrous camouflage,Fungi,Ascomycota,Pezizomycotina,,Lecanoromycetes,Lecanoromycetidae,,Lecanorales,,,Parmeliaceae,Parmelioideae,native,S5 (2018),reported,undocumented,,,,,"LGL Limited, Environmental Research Associates, Sidney, BC",,,,,463485,
Nodobryoria abbreviata,(Müll. Arg.),goodlooking readhead,Fungi,Ascomycota,Pezizomycotina,,Lecanoromycetes,Lecanoromycetidae,,Lecanorales,,,Parmeliaceae,Parmelioideae,native,S5 (2019),reported,undocumented,,,,,"LGL Limited, Environmental Research Associates, Sidney, BC",,,,,225979,
Nodobryoria oregana,(Tuck. ex Willey) Brodo & D. Hawksw.,mountain readhead,Fungi,Ascomycota,Pezizomycotina,,Lecanoromycetes,Lecanoromycetidae,,Lecanorales,,,Parmeliaceae,Parmelioideae,native,S5 (2019),reported,undocumented,,,,,"LGL Limited, Environmental Research Associates, Sidney, BC",,,,,225980,
Parmelia hygrophila,Goward & Ahti,granulating crottle,Fungi,Ascomycota,Pezizomycotina,,Lecanoromycetes,Lecanoromycetidae,,Lecanorales,,,Parmeliaceae,Parmelioideae,native,S5 (2018),reported,undocumented,,,,,"LGL Limited, Environmental Research Associates, Sidney, BC",,,,,194661,
Parmelia pseudosulcata,Gyelnik,cutting-edge crottle,Fungi,Ascomycota,Pezizomycotina,,Lecanoromycetes,Lecanoromycetidae,,Lecanorales,,,Parmeliaceae,Parmelioideae,native,S3S4 (2010),reported,undocumented,,,,,"LGL Limited, Environmental Research Associates, Sidney, BC",,,,,227218,
Parmelia saxatilis,(l.) Ach.,pebbled crottle,Fungi,Ascomycota,Pezizomycotina,,Lecanoromycetes,Lecanoromycetidae,,Lecanorales,,,Parmeliaceae,Parmelioideae,native,S5 (2018),reported,undocumented,,,,,"LGL Limited, Environmental Research Associates, Sidney, BC",,,,,117860,
Parmelia sulcata,Taylor,shield lichen,Fungi,Ascomycota,Pezizomycotina,,Lecanoromycetes,Lecanoromycetidae,,Lecanorales,,,Parmeliaceae,Parmelioideae,native,S5 (2018),confirmed,documented,,,,,"LGL Limited, Environmental Research Associates, Sidney, BC",43534,benkeen,https://www.inaturalist.org/observations/21131790,,54734
Parmeliopsis ambigua,(wulfen) nyl.,green starburst,Fungi,Ascomycota,Pezizomycotina,,Lecanoromycetes,Lecanoromycetidae,,Lecanorales,,,Parmeliaceae,Parmelioideae,native,S5 (2018),reported,undocumented,,,,,"LGL Limited, Environmental Research Associates, Sidney, BC",,,,,182652,
Parmeliopsis hyperopta,(ach.) arnold,grey starburst,Fungi,Ascomycota,Pezizomycotina,,Lecanoromycetes,Lecanoromycetidae,,Lecanorales,,,Parmeliaceae,Parmelioideae,native,S5 (2018),reported,undocumented,,,,,"LGL Limited, Environmental Research Associates, Sidney, BC",,,,,154564,
Parmotrema arnoldii,(du rietz) hale,king ruffle,Fungi,Ascomycota,Pezizomycotina,,Lecanoromycetes,Lecanoromycetidae,,Lecanorales,,,Parmeliaceae,Parmelioideae,native,S5 (2019),reported,undocumented,,,,,"LGL Limited, Environmental Research Associates, Sidney, BC",,,,,123349,
Pilophorus acicularis,(Ach.) Th. Fr.,devil's matchstick,Fungi,Ascomycota,Pezizomycotina,,Lecanoromycetes,Lecanoromycetidae,,Lecanorales,,,Cladoniaceae,,native,S5 (2018),confirmed,documented,,,,,"LGL Limited, Environmental Research Associates, Sidney, BC",42505,rileypollom,http://inaturalist.ca/observations/3184576,,128919
Pilophorus clavatus,Th. Fr.,enchanter's matchstick,Fungi,Ascomycota,Pezizomycotina,,Lecanoromycetes,Lecanoromycetidae,,Lecanorales,,,Cladoniaceae,,native,S4 (2019),reported,undocumented,,,,,"LGL Limited, Environmental Research Associates, Sidney, BC",,,,,781419,
Platismatia glauca,Schwäbisch-Fränkische Waldberge,Varied Rag Lichen,Fungi,Ascomycota,Pezizomycotina,,Lecanoromycetes,Lecanoromycetidae,,Lecanorales,,,Parmeliaceae,Parmelioideae,native,S5 (2018),confirmed,documentedf,,,,,"LGL Limited, Environmental Research Associates, Sidney, BC",43449,benkeen,https://www.inaturalist.org/observations/19039421,,117874
Platismatia herrei,(Imshaug) W.L. Culb. & C.F. Culb.,tattered rag,Fungi,Ascomycota,Pezizomycotina,,Lecanoromycetes,Lecanoromycetidae,,Lecanorales,,,Parmeliaceae,Parmelioideae,native,S5 (2018),reported,undocumented,,,,,"LGL Limited, Environmental Research Associates, Sidney, BC",,,,,117876,
Pseudephebe pubescens,(L.) Choisy,finer rockwool,Fungi,Ascomycota,Pezizomycotina,,Lecanoromycetes,Lecanoromycetidae,,Lecanorales,,,Parmeliaceae,Parmelioideae,native,S5 (2018),reported,undocumented,,,,,"LGL Limited, Environmental Research Associates, Sidney, BC",,,,,229078,
Punctelia stictica,(Duby) Krog,blue-shift speckleback,Fungi,Ascomycota,Pezizomycotina,,Lecanoromycetes,Lecanoromycetidae,,Lecanorales,,,Parmeliaceae,Parmelioideae,native,S4 (2018),reported,undocumented,,,,,"LGL Limited, Environmental Research Associates, Sidney, BC",,,,,117879,
Ramalina farinacea,(L.) Ach.,farinose cartilage lichen/hyphenated ribbon,Fungi,Ascomycota,Pezizomycotina,,Lecanoromycetes,Lecanoromycetidae,,Lecanorales,,,Ramalinaceae,,native,S5 (2018),confirmed,documented,,,,,"LGL Limited, Environmental Research Associates, Sidney, BC",43414,benkeen,https://www.inaturalist.org/observations/18315455,,54758
Sphaerophorus tuckermanii,Räsänen,tuckerman's coral lichen,Fungi,Ascomycota,Pezizomycotina,,Lecanoromycetes,Lecanoromycetidae,,Lecanorales,,,Sphaerophoraceae,,native,S4S5 (2018),confirmed,documented,,,,,"LGL Limited, Environmental Research Associates, Sidney, BC",43289,iamscientistsam,https://www.inaturalist.org/observations/14191270,,123231
Stereocaulon alpinum,Laurer ex Funck,alpine foam,Fungi,Ascomycota,Pezizomycotina,,Lecanoromycetes,Lecanoromycetidae,,Lecanorales,,,Stereocaulaceae,,native,S5 (2019),reported,undocumented,,,,,"LGL Limited, Environmental Research Associates, Sidney, BC",,,,,231686,
Stereocaulon intermedium,(Savicz) H. Magn.,pacific brain foam,Fungi,Ascomycota,Pezizomycotina,,Lecanoromycetes,Lecanoromycetidae,,Lecanorales,,,Stereocaulaceae,,native,S5 (2019),reported,undocumented,,,,,"LGL Limited, Environmental Research Associates, Sidney, BC",,,,,231701,
Stereocaulon spathuliferum,Vain.,chalk foam,Fungi,Ascomycota,Pezizomycotina,,Lecanoromycetes,Lecanoromycetidae,,Lecanorales,,,Stereocaulaceae,,native,S4 (2019),reported,undocumented,,,,,"LGL Limited, Environmental Research Associates, Sidney, BC",,,,,179816,
Stereocaulon tomentosum,Fr.,eyed foam,Fungi,Ascomycota,Pezizomycotina,,Lecanoromycetes,Lecanoromycetidae,,Lecanorales,,,Stereocaulaceae,,native,S5 (2018),reported,undocumented,,,,,"LGL Limited, Environmental Research Associates, Sidney, BC",,,,,179804,
Tuckermanopsis chlorophylla,(Willd.) Hale,silver-lined wrinkle,Fungi,Ascomycota,Pezizomycotina,,Lecanoromycetes,Lecanoromycetidae,,Lecanorales,,,Parmeliaceae,Parmelioideae,native,S5 (2018),reported,undocumented,,,,,"LGL Limited, Environmental Research Associates, Sidney, BC",,,,,1019557,
Tuckermanopsis orbata,(Nyl.) M.J. Lai,shape-shifting wrinkle,Fungi,Ascomycota,Pezizomycotina,,Lecanoromycetes,Lecanoromycetidae,,Lecanorales,,,Parmeliaceae,Parmelioideae,native,S5 (2018),reported,undocumented,,,,,"LGL Limited, Environmental Research Associates, Sidney, BC",,,,,813868,
Tuckermanopsis platyphylla,(Tuck.) Gyeln,broad wrinkle lichen,Fungi,Ascomycota,Pezizomycotina,,Lecanoromycetes,Lecanoromycetidae,,Lecanorales,,,Parmeliaceae,Parmelioideae,native,S5 (2018),confirmed,documented,,,,,"LGL Limited, Environmental Research Associates, Sidney, BC",43914.723587962966,gwenlh,https://www.inaturalist.org/observations/40855241,,1019558
Tuckermanopsis subalpina,Imshaug,huckleberry icelandmoss,Fungi,Ascomycota,Pezizomycotina,,Lecanoromycetes,Lecanoromycetidae,,Lecanorales,,,Parmeliaceae,Parmelioideae,native,S5 (2018),reported,undocumented,,,,,"LGL Limited, Environmental Research Associates, Sidney, BC",,,,,1019562,
Usnea dasopoga,Stirton,herringbone beard,Fungi,Ascomycota,Pezizomycotina,,Lecanoromycetes,Lecanoromycetidae,,Lecanorales,,,Parmeliaceae,Parmelioideae,native,S5 (2019),reported,undocumented,,,,,"LGL Limited, Environmental Research Associates, Sidney, BC",,,,,532452,
Usnea glabrescens,(Nyl. ex Vain.) Vain.,spotted beard,Fungi,Ascomycota,Pezizomycotina,,Lecanoromycetes,Lecanoromycetidae,,Lecanorales,,,Parmeliaceae,Parmelioideae,native,S4 (2018),reported,undocumented,,,,,"LGL Limited, Environmental Research Associates, Sidney, BC",,,,,233313,
Usnea hirta,(L.) Weber ex F.H. Wigg. ,Bristly Beard Lichen,Fungi,Ascomycota,Pezizomycotina,,Lecanoromycetes,Lecanoromycetidae,,Lecanorales,,,Parmeliaceae,Parmelioideae,native,S4 (2019),new 2020,documented,,,,,,43957,judithofsquamish,https://www.inaturalist.org/observations/45096020,,182679
Usnea longissima,Ach.,methuselah's beard lichen,Fungi,Ascomycota,Pezizomycotina,,Lecanoromycetes,Lecanoromycetidae,,Lecanorales,,,Parmeliaceae,Parmelioideae,native,S5 (2019),confirmed,documented,,,,,"LGL Limited, Environmental Research Associates, Sidney, BC",43289,judithofsquamish,https://www.inaturalist.org/observations/14218963,,122681
Xanthoparmelia cumberlandia,(Gyelnik) Hale.,Cumberland Rock Shield,Fungi,Ascomycota,Pezizomycotina,,Lecanoromycetes,Lecanoromycetidae,,Lecanorales,,,Parmeliaceae,Parmelioideae,,genus is in CDC records,new 2018,documented,,,,,,43441,benkeen,https://www.inaturalist.org/observations/18883904,,123230
Graphis scripta,(L.) Ach.,Common Script Lichen,Fungi,Ascomycota,Pezizomycotina,,Lecanoromycetes,Ostropomycetidae,,Ostropales,,,Graphidaceae,,native,S5 (2020),new 2016,documented,,,,,,42661,judithofsquamish,https://www.inaturalist.org/observations/16646985,,117987
Thelotrema lepadinum,(Ach.) Ach. ,none found,Fungi,Ascomycota,Pezizomycotina,,Lecanoromycetes,Ostropomycetidae,,Ostropales,,,Graphidaceae,,native,S5 (2020),new 2018,documented,,,,,,43382,judithofsquamish,https://www.inaturalist.org/observations/18013155,,129667
Lobaria anomala,Brodo & Ahti,powder-ridge specklebelly,Fungi,Ascomycota,Pezizomycotina,,Lecanoromycetes,Lecanoromycetidae,,Peltigerales,,,Lobariaceae,,native,S5 (2019),reported,undocumented,,,,,"LGL Limited, Environmental Research Associates, Sidney, BC",,,,,463448,
Lobaria linita,(Ach.) Rabenh.,cabbage lung lichen,Fungi,Ascomycota,Pezizomycotina,,Lecanoromycetes,Lecanoromycetidae,,Peltigerales,,,Lobariaceae,,native,S5 (2018),confirmed,documented,,,,,"LGL Limited, Environmental Research Associates, Sidney, BC",43291,judithofsquamish,https://www.inaturalist.org/observations/14331024,,224041
Lobaria oregana,(Tuck.) Müll.Arg.,Lettuce Lichen,Fungi,Ascomycota,Pezizomycotina,,Lecanoromycetes,Lecanoromycetidae,,Peltigerales,,,Lobariaceae,,native,S3S4 (2018),confirmed,documented,,,,,"LGL Limited, Environmental Research Associates, Sidney, BC",44195,alyssa_laine,https://www.inaturalist.org/observations/67324477,,55538
Lobaria pulmonaria,(L.) Hoffm.,Tree Lungwort,Fungi,Ascomycota,Pezizomycotina,,Lecanoromycetes,Lecanoromycetidae,,Peltigerales,,,Lobariaceae,,native,S5 (2018),confirmed,documented,,,,,"LGL Limited, Environmental Research Associates, Sidney, BC",43065.561805555553,squamishobserver,https://www.inaturalist.org/observations/9001017,,48711
Massalongia carnosa,(Dickson) Körb.,moss liver,Fungi,Ascomycota,Pezizomycotina,,Lecanoromycetes,Lecanoromycetidae,,Peltigerales,,,Massalongiaceae,,native,S5 (2019),reported,undocumented,,,,,"LGL Limited, Environmental Research Associates, Sidney, BC",,,,,224470,
Nephroma arcticum,(l.) torss.,greenlight,Fungi,Ascomycota,Pezizomycotina,,Lecanoromycetes,Lecanoromycetidae,,Peltigerales,,,Nephromataceae,,native,S5 (2018),reported,undocumented,,,,,"LGL Limited, Environmental Research Associates, Sidney, BC",,,,,225797,
Nephroma laevigatum,ach.,mustard paw,Fungi,Ascomycota,Pezizomycotina,,Lecanoromycetes,Lecanoromycetidae,,Peltigerales,,,Nephromataceae,,native,S4S5 (2019),reported,undocumented,,,,,"LGL Limited, Environmental Research Associates, Sidney, BC",,,,,117847,
Nephroma parile,(Ach.) Ach.,powdered paw,Fungi,Ascomycota,Pezizomycotina,,Lecanoromycetes,Lecanoromycetidae,,Peltigerales,,,Nephromataceae,,native,S5 (2018),reported,undocumented,,,,,"LGL Limited, Environmental Research Associates, Sidney, BC",,,,,182501,
Parmeliella triptophylla,(Ach.) Müll. Arg.,home-coming crisps,Fungi,Ascomycota,Pezizomycotina,,Lecanoromycetes,Lecanoromycetidae,,Peltigerales,,,Pannariaceae,,native,S4 (2019),reported,undocumented,,,,,"LGL Limited, Environmental Research Associates, Sidney, BC",,,,,227227,
Peltigera aphthosa,(L.) Willd.,freckled pelt lichen/silver-edge pelt,Fungi,Ascomycota,Pezizomycotina,,Lecanoromycetes,Lecanoromycetidae,,Peltigerales,,,Peltigeraceae,,native,S5 (2018),confirmed,documented,,,,,"LGL Limited, Environmental Research Associates, Sidney, BC",43456,benkeen,https://www.inaturalist.org/observations/19156511,,119675
Peltigera britannica,Gyelnik) Holt.-Hartw. & Tonsb,flaky freckle pelt lichen/deciduous pelt,Fungi,Ascomycota,Pezizomycotina,,Lecanoromycetes,Lecanoromycetidae,,Peltigerales,,,Peltigeraceae,,native,S5 (2018),confirmed,documented,,,,,"LGL Limited, Environmental Research Associates, Sidney, BC",43540,benkeen,https://www.inaturalist.org/observations/21295188,,119677
Peltigera chionophila,Goward & Goffinet. ,snow pelt,Fungi,Ascomycota,Pezizomycotina,,Lecanoromycetes,Lecanoromycetidae,,Peltigerales,,,Peltigeraceae,,native,S5 (2019),reported,undocumented,,,,,"LGL Limited, Environmental Research Associates, Sidney, BC",,,,,227384,
Peltigera collina,(Ach.) Schrader,tree pelt lichen,Fungi,Ascomycota,Pezizomycotina,,Lecanoromycetes,Lecanoromycetidae,,Peltigerales,,,Peltigeraceae,,native,S5 (2018),confirmed,documented,,,,,"LGL Limited, Environmental Research Associates, Sidney, BC",43471,benkeen,https://www.inaturalist.org/observations/19527596,,194736
Peltigera gowardii, Lendemer & H. O'Brien,northwest waterfan,Fungi,Ascomycota,Pezizomycotina,,Lecanoromycetes,Lecanoromycetidae,,Peltigerales,,,Peltigeraceae,,native,S2 (2019),reported,undocumented,,,,,"LGL Limited, Environmental Research Associates, Sidney, BC",,,,,227387,
Peltigera leucophlebia,(nyl.) gyelnik,ruffled pelt,Fungi,Ascomycota,Pezizomycotina,,Lecanoromycetes,Lecanoromycetidae,,Peltigerales,,,Peltigeraceae,,native,S5 (2018),reported,undocumented,,,,,"LGL Limited, Environmental Research Associates, Sidney, BC",,,,,119676,
Peltigera membranacea,(Ach.) Nyl.,membranous pelt lichen/diamond pelt,Fungi,Ascomycota,Pezizomycotina,,Lecanoromycetes,Lecanoromycetidae,,Peltigerales,,,Peltigeraceae,,native,S5 (2018),confirmed,documented,,,,,"LGL Limited, Environmental Research Associates, Sidney, BC",43205.583564814813,gwenlh,https://www.inaturalist.org/observations/11070295,,117858
Peltigera neopolydactyla,(Gyelnik) Gyelnik.,carpet pelt lichen/undulating pelt,Fungi,Ascomycota,Pezizomycotina,,Lecanoromycetes,Lecanoromycetidae,,Peltigerales,,,Peltigeraceae,,native,S5 (2019),confirmed,documented,,,,,"LGL Limited, Environmental Research Associates, Sidney, BC",41062,judithofsquamish,https://www.inaturalist.org/observations/32712473,,147374
Peltigera pacifica,vitik.,fringed pelt,Fungi,Ascomycota,Pezizomycotina,,Lecanoromycetes,Lecanoromycetidae,,Peltigerales,,,Peltigeraceae,,native,S4 (2019),reported,undocumented,,,,,"LGL Limited, Environmental Research Associates, Sidney, BC",,,,,227392,
Peltigera polydactylon,(Necker) Hoffm. ,many-fruited pelt lichen/pioneer pelt,Fungi,Ascomycota,Pezizomycotina,,Lecanoromycetes,Lecanoromycetidae,,Peltigerales,,,Peltigeraceae,,native,S5 (2018),confirmed,documented,,,,,"LGL Limited, Environmental Research Associates, Sidney, BC",43199,derekkillby,https://www.inaturalist.org/observations/13802249,,69728
Peltigera ponojensis,gyelnik,pale-belled pelt,Fungi,Ascomycota,Pezizomycotina,,Lecanoromycetes,Lecanoromycetidae,,Peltigerales,,,Peltigeraceae,,native,S5 (2018),reported,undocumented,,,,,"LGL Limited, Environmental Research Associates, Sidney, BC",,,,,227393,
Peltigera praetextata,(Flörke ex Sommerf.) Zopf,born-again pelt,Fungi,Ascomycota,Pezizomycotina,,Lecanoromycetes,Lecanoromycetidae,,Peltigerales,,,Peltigeraceae,,native,S5 (2018),reported,undocumented,,,,,"LGL Limited, Environmental Research Associates, Sidney, BC",,,,,127051,
Peltigera rufescens,(Weiss) Humb.,black-bellied pelt,Fungi,Ascomycota,Pezizomycotina,,Lecanoromycetes,Lecanoromycetidae,,Peltigerales,,,Peltigeraceae,,native,S5 (2018),reported,undocumented,,,,,"LGL Limited, Environmental Research Associates, Sidney, BC",,,,,180448,
Peltigera venosa,(l.) hoffm.,lesser toad pelt,Fungi,Ascomycota,Pezizomycotina,,Lecanoromycetes,Lecanoromycetidae,,Peltigerales,,,Peltigeraceae,,native,S5 (2018),reported,undocumented,,,,,"LGL Limited, Environmental Research Associates, Sidney, BC",,,,,194812,
Psoroma hypnorum,(Vahl) Gray,moss tarts,Fungi,Ascomycota,Pezizomycotina,,Lecanoromycetes,Lecanoromycetidae,,Peltigerales,,,Pannariaceae,,native,S5 (2019),reported,undocumented,,,,,"LGL Limited, Environmental Research Associates, Sidney, BC",,,,,229263,
Scytinium gelatinosum,(With.) J.R. Laundon,rose-petalled vinyl,Fungi,Ascomycota,Pezizomycotina,,Lecanoromycetes,Lecanoromycetidae,,Peltigerales,,,Collemataceae,,native,S5 (2018),reported,undocumented,,,,,"LGL Limited, Environmental Research Associates, Sidney, BC",,,,,526716,
Solorina crocea,(L.) Ach.,chocolate chip lichen,Fungi,Ascomycota,Pezizomycotina,,Lecanoromycetes,Lecanoromycetidae,,Peltigerales,,,Peltigeraceae,,native,S5 (2018),confirmed,documented,,,,,"LGL Limited, Environmental Research Associates, Sidney, BC",41525,judithofsquamish,https://www.inaturalist.org/observations/6157588,,231135
Solorina saccata,(L.) ach.,woodland owl,Fungi,Ascomycota,Pezizomycotina,,Lecanoromycetes,Lecanoromycetidae,,Peltigerales,,,Peltigeraceae,,native,S4 (2019),reported,undocumented,,,,,"LGL Limited, Environmental Research Associates, Sidney, BC",,,,,231137,
Solorina spongiosa,(Ach.) Anzi,blinking owl,Fungi,Ascomycota,Pezizomycotina,,Lecanoromycetes,Lecanoromycetidae,,Peltigerales,,,Peltigeraceae,,native,S4 (2018),reported,undocumented,,,,,"LGL Limited, Environmental Research Associates, Sidney, BC",,,,,209792,
Sticta limbata,(Sm.) Ach.,silver-lined moon,Fungi,Ascomycota,Pezizomycotina,,Lecanoromycetes,Lecanoromycetidae,,Peltigerales,,,Lobariaceae,,native,S5 (2019),reported,undocumented,,,,,"LGL Limited, Environmental Research Associates, Sidney, BC",,,,,117888,
Vestergrenopsis isidiata,(Degel.) E. Dahl,blind olivette,Fungi,Ascomycota,Pezizomycotina,,Lecanoromycetes,Lecanoromycetidae,,Peltigerales,,,Placynthiaceae,,,not in CDC records,reported,undocumented,,,,,"LGL Limited, Environmental Research Associates, Sidney, BC",,,,,0,
Rhizocarpon geographicum,(L.) DC.,yellow map lichen,Fungi,Ascomycota,Pezizomycotina,,Lecanoromycetes,Lecanoromycetidae,,Rhizocarpales,,,Rhizocarpaceae,,native,S5 (2020),new 2018,documented,,,,,,43346,rainerotte,https://www.inaturalist.org/observations/16183981,,119888
Polycauliona candelaria,(L.) Th. Fr.,shrublet sunburst,Fungi,Ascomycota,Pezizomycotina,,Lecanoromycetes,Lecanoromycetidae,,Teloschistales,,,Teloschistaceae,,,genus is in CDC records,reported,undocumented,,,,,"LGL Limited, Environmental Research Associates, Sidney, BC",,,,,463825,
Polycauliona polycarpa,(Hoffm.) Rieber,pincushion sunburst lichen ,Fungi,Ascomycota,Pezizomycotina,,Lecanoromycetes,Lecanoromycetidae,,Teloschistales,,,Teloschistaceae,,,genus is in CDC records,confirmed,documented,,,,,"LGL Limited, Environmental Research Associates, Sidney, BC",43534,benkeen,https://www.inaturalist.org/observations/21131781,,463837
Baeomyces rufus,(Hudson) Rebent. ,brown beret lichen,Fungi,Ascomycota,Pezizomycotina,,Lecanoromycetes,Ostropomycetidae,,Baeomycetales,,,Baeomycetaceae,,native,S5 (2018),confirmed,documented,,,,,"LGL Limited, Environmental Research Associates, Sidney, BC",44205.540081018517,gwenlh,https://www.inaturalist.org/observations/67830145,,180422
Icmadophila ericetorum,(L.) Zahlbr.,Candy Lichen,Fungi,Ascomycota,Pezizomycotina,,Lecanoromycetes,Ostropomycetidae,,Pertusariales,,,Icmadophilaceae,,native,S5 (2020),new 2018,documented,,,,,,43141,adam_808,https://www.inaturalist.org/observations/13627874,,119695
Thamnolia vermicularis,(Sw.) Ach. ex Schaerer ,Whiteworm Lichen/universal whiteworm,Fungi,Ascomycota,Pezizomycotina,,Lecanoromycetes,Ostropomycetidae,,Pertusariales,,,Icmadophilaceae,,native,S5 (2018),confirmed,documented,,,,,"LGL Limited, Environmental Research Associates, Sidney, BC",44059,judithofsquamish,https://www.inaturalist.org/observations/56905460,,1040929
Umbilicaria angulata,Tuck.,starred rocktripe,Fungi,Ascomycota,Pezizomycotina,,Lecanoromycetes,Umbilicariomycetidae,,Umbilicariales,,,Umbilicariaceae,,native,S4S5 (2019),reported,undocumented,,,,,"LGL Limited, Environmental Research Associates, Sidney, BC",,,,,182517,
Umbilicaria deusta,(L.) Baumg.,peppered rock tripe,Fungi,Ascomycota,Pezizomycotina,,Lecanoromycetes,Umbilicariomycetidae,,Umbilicariales,,,Umbilicariaceae,,native,S5 (2019),confirmed,documented,,,,,"LGL Limited, Environmental Research Associates, Sidney, BC",43834,rambryum,https://www.inaturalist.org/observations/37290167,,182503
Umbilicaria hyperborea,(Ach.) Hoffm.,blistered rocktripe,Fungi,Ascomycota,Pezizomycotina,,Lecanoromycetes,Umbilicariomycetidae,,Umbilicariales,,,Umbilicariaceae,,native,S5 (2018),reported,undocumented,,,,,"LGL Limited, Environmental Research Associates, Sidney, BC",,,,,125052,
Umbilicaria phaea,Tuck.,emery rocktripe lichen,Fungi,Ascomycota,Pezizomycotina,,Lecanoromycetes,Umbilicariomycetidae,,Umbilicariales,,,Umbilicariaceae,,native,S5 (2019),confirmed,documented,,,,,"LGL Limited, Environmental Research Associates, Sidney, BC",43347,r_r_r_,https://www.inaturalist.org/observations/16514860,,125055
Umbilicaria polyphylla,(L.) Baumg.,petalled rocktripe,Fungi,Ascomycota,Pezizomycotina,,Lecanoromycetes,Umbilicariomycetidae,,Umbilicariales,,,Umbilicariaceae,,native,S5 (2019),reported,undocumented,,,,,"LGL Limited, Environmental Research Associates, Sidney, BC",,,,,125058,
Umbilicaria proboscidea,(L.) Schrad.,greater salted rocktripe,Fungi,Ascomycota,Pezizomycotina,,Lecanoromycetes,Umbilicariomycetidae,,Umbilicariales,,,Umbilicariaceae,,native,S5 (2019),reported,undocumented,,,,,"LGL Limited, Environmental Research Associates, Sidney, BC",,,,,233252,
Umbilicaria torrefacta, (G. Weber) Ach,perforated rocktripe,Fungi,Ascomycota,Pezizomycotina,,Lecanoromycetes,Umbilicariomycetidae,,Umbilicariales,,,Umbilicariaceae,,native,S5 (2018),reported,undocumented,,,,,"LGL Limited, Environmental Research Associates, Sidney, BC",,,,,233255,
Ascocoryne sarcoides,(Jacq.) J. W. Groves & D. E. Wilson ,purple jellydisc,Fungi,Ascomycota,Pezizomycotina,,Leotiomycetes,,,Helotiales,,,Gelatinodiscaceae,,,SNR,new 2018,documented,,,,,,43408,citizen1,https://www.inaturalist.org/observations/18306585,,49075
Calycina citrina,(Hedw.) Gray,Yellow Fairy Cups,Fungi,Ascomycota,Pezizomycotina,,Leotiomycetes,,,Helotiales,,,Pezizellaceae,,,genus is in CDC records,new 2018,documented,,,,,,43411,judithofsquamish,https://www.inaturalist.org/observations/19322182,,955949
Mitrula elegans,(Berk.) Fr. ,swamp beacon,Fungi,Ascomycota,Pezizomycotina,,Leotiomycetes,,,Helotiales,,,Mitrulaceae,,,SNR,new 2019,documented,,,,,,43632,hydaticus,https://www.inaturalist.org/observations/27188985,,320702
Rhytisma punctatum,(Pers) Fr.,Speckled Tar Spot,Fungi,Ascomycota,Pezizomycotina,,Leotiomycetes,,,Rhytismatales,,,Rhytismataceae,,,SNR,new 2017,documented,,,,,,43055,judithofsquamish,https://www.inaturalist.org/observations/8870087,,333838
Orbilia sp.,Fr.,,Fungi,Ascomycota,Pezizomycotina,,Orbiliomycetes,,,Orbiliales,,,Orbiliaceae,,,genus is in CDC records,new 2020,documented,,,,,,44066,microbin,https://www.inaturalist.org/observations/57384579,,353030
Aleuria aurantia,(Pers.) Fuckel ,orange peel fungus,Fungi,Ascomycota,Pezizomycotina,,Pezizomycetes,,,Pezizales,,,Pyronemataceae,,,SNR,new 2017,documented,,,,,,43034,edefreit,https://www.inaturalist.org/observations/8603166,,48716
Caloscypha fulgens,(Pers.) Boud.,spring orange peel fungus,Fungi,Ascomycota,Pezizomycotina,,Pezizomycetes,,,Pezizales,,,Caloscyphaceae,,,SNR,new 2016,documented,,,,,,42505,rileypollom,http://inaturalist.ca/observations/3184574,,153035
Gyromitra infula,(Schaff.) Quélet ,Saddle-shaped False Morel,Fungi,Ascomycota,Pezizomycotina,,Pezizomycetes,,,Pezizales,,,Discinaceae,,,SNR,new 2019,documented,,,,,,43701,genevievereynolds,https://www.inaturalist.org/observations/32119690,,117994
Helvella vespertina,Afzelius,Western Black Elfin Saddle,Fungi,Ascomycota,Pezizomycotina,,Pezizomycetes,,,Pezizales,,,Helvellaceae,,,SNR,new 2018,documented,,,,,,43406,judithofsquamish,https://www.inaturalist.org/observations/18036135,,423950
Morchella importuna,"M.Kuo, O'Donnell & T.J.Volk",Mel-10,Fungi,Ascomycota,Pezizomycotina,,Pezizomycetes,,,Pezizales,,,Morchellaceae,,,SNR,new 2019,documented,,,,,,43574,dmarmorek,https://www.inaturalist.org/observations/22734908,,487375
Plectania melastoma,(Sowerby ex Fr.) Fuckel ,corona cup,Fungi,Ascomycota,Pezizomycotina,,Pezizomycetes,,,Pezizales,,,Sarcosomataceae,,,SNR,new 2019,documented,,,,,,43701,genevievereynolds,https://www.inaturalist.org/observations/32119702,,344501
Scutellinia scutellata,(L.) Lambotte,Common Eyelash,Fungi,Ascomycota,Pezizomycotina,,Pezizomycetes,,,Pezizales,,,Pyronemataceae,,,SNR,new 2017,documented,,,,,,42883,ritaclare,https://www.inaturalist.org/observations/6417401,,49137
Verpa bohemica,(Krombh.) J. Schröt,wrinkled thimble morel,Fungi,Ascomycota,Pezizomycotina,,Pezizomycetes,,,Pezizales,,,Morchellaceae,,,SNR,new 2018,documented,,,,,,43200,hillanddale,https://www.inaturalist.org/observations/10758820,,126131
Sarea resinae,(Fr.) Kuntze,Sarea Lichen,Fungi,Ascomycota,Pezizomycotina,,Sareomycetes,,,Sareales,,,Sareaceae,,,SU (2020),new 2020,documented,,,,,,44193.573472222219,gwenlh,https://www.inaturalist.org/observations/67228438,,230428
Hypomyces cervinigenus,Rogerson & Simms ,none,Fungi,Ascomycota,Pezizomycotina,,Sordariomycetes,Hypocreomycetidae,,Hypocreales,,,Hypocreaceae,,,SNR,new 2020,documented,,,,,,44165,benkeen,https://www.inaturalist.org/observations/65915540,,118004
Hypomyces lactifluorum,(Schwein.) Tul. & C. Tul,lobster mushroom,Fungi,Ascomycota,Pezizomycotina,,Sordariomycetes,Hypocreomycetidae,,Hypocreales,,,Hypocreaceae,,,SNR,new 2017,documented,,,,,,43015,rainwalker,https://www.inaturalist.org/observations/8301711,,48215
Nectria cinnabarina,(Tode) Fries,Coral Spot,Fungi,Ascomycota,Pezizomycotina,,Sordariomycetes,Hypocreomycetidae,,Hypocreales,,,Nectriaceae,,,SNR,new 2019,documented,,,,,,43569,benkeen,https://www.inaturalist.org/observations/22489965,,118012
Tolypocladium ophioglossoides,"(Ehrh. ex J.F. Gmel.) Quandt, Kepler & Spatafora",Snaketongue Truffleclub,Fungi,Ascomycota,Pezizomycotina,,Sordariomycetes,Hypocreomycetidae,,Hypocreales,,,Ophiocordycipitaceae,,,SNR,new 2020,documented,,,,,,44031,benkeen,https://www.inaturalist.org/observations/53663818,,499797
Kretzschmaria deusta,(Hoffm.) P.M.D. Martin,Brittle Cinder,Fungi,Ascomycota,Pezizomycotina,,Sordariomycetes,Xylariomycetidae,,Xylariales,,,Xylariaceae,,,SNR,new 2019,documented,,,,,,43555,benkeen,https://www.inaturalist.org/observations/21858631,,128051
Xylaria hypoxylon,(L.) Grev.,Candlesnuff Fungus,Fungi,Ascomycota,Pezizomycotina,,Sordariomycetes,Xylariomycetidae,,Xylariales,,,Xylariaceae,,,SNR,new 2018,documented,,,,,,43373,benkeen,https://www.inaturalist.org/observations/17086935,,55267
Xylaria polymorpha,(Pers.) Grev.,dead man's fingers,Fungi,Ascomycota,Pezizomycotina,,Sordariomycetes,Xylariomycetidae,,Xylariales,,,Xylariaceae,,,SNR,new 2019,documented,,,,,,43743,judithofsquamish,https://www.inaturalist.org/observations/33930970,,58698
Exidiopsis effusa,Bref.,Hair Ice,Fungi,Basidiomycota,Agaricomycotina,,Agaricomycetes,,,Auriculariales,,,Auriculariaceae,,,genus is in CDC records,new 2018,documented,,,,,,43442,judithofsquamish,https://www.inaturalist.org/observations/18906571,,518289
Guepinia helvelloides,(DC.) Fr. ,Apricot Jelly,Fungi,Basidiomycota,Agaricomycotina,,Agaricomycetes,,,Auriculariales,,,,,,SNR,new 2019,documented,,,,,,43716,benkeen,https://www.inaturalist.org/observations/32380736,,348814
Myxarium nucleatum,Wallr.,Crystal Brain Fungus,Fungi,Basidiomycota,Agaricomycotina,,Agaricomycetes,,,Auriculariales,,,Hyaloriaceae,,,SNR,new 2019,documented,,,,,,43568,benkeen,https://www.inaturalist.org/observations/22451844,,742831
Pseudohydnum gelatinosum,(Scop.) P. Karst,toothed Jelly Fungus,Fungi,Basidiomycota,Agaricomycotina,,Agaricomycetes,,,Auriculariales,,,,,,SNR,new 2018,documented,,,,,,43460,benkeen,https://www.inaturalist.org/observations/19238685,,54164
Cantharellus formosus,Corner,Pacific Golden Chanterelle,Fungi,Basidiomycota,Agaricomycotina,,Agaricomycetes,,,Cantharellales,,,Cantharellaceae,,,SNR,new 2020,documented,,,,,,44101,nicolarammell,https://www.inaturalist.org/observations/61355440,,120443
Cantharellus subalbidus,,White Chanterelle,Fungi,Basidiomycota,Agaricomycotina,,Agaricomycetes,,,Cantharellales,,,Cantharellaceae,,native,S3 (2021),new 2021,documented,,,,,,44492,cfmurrell,https://www.inaturalist.org/observations/99159338,,54132
Clavulina coralloides,(L.) J. Schröt.,White Coral Fungus,Fungi,Basidiomycota,Agaricomycotina,,Agaricomycetes,,,Cantharellales,,,Clavulinaceae,,,SNR,new 2018,documented,,,,,,43421,judithofsquamish,https://www.inaturalist.org/observations/18490605,,63260
Clavulina rugosa,(Bull.) J. Schröt.,wrinkled club fungus,Fungi,Basidiomycota,Agaricomycotina,,Agaricomycetes,,,Cantharellales,,,Clavulinaceae,,,SNR,new 2020,documented,,,,,,44193,scottdwilson,https://www.inaturalist.org/observations/67222685,,81961
Craterellus tubaeformis,(F. ) L Quélet,Yellowfoot,Fungi,Basidiomycota,Agaricomycotina,,Agaricomycetes,,,Cantharellales,,,Cantharellaceae,,,SNR,new 2017,documented,,,,,,43041,rainwalker,https://www.inaturalist.org/observations/8657002,,350511
Multiclavula mucida,(Fr.) R. Petersen,White green-algae coral,Fungi,Basidiomycota,Agaricomycotina,,Agaricomycetes,,,Cantharellales,,,Clavulinaceae,,native,S3S4 (2020),new 2020,documented,,,,,,43839,haydn_smith,https://www.inaturalist.org/observations/37440649,,205261
Hydnum umbilicatum,Peck,depressed hedgehog,Fungi,Basidiomycota,Agaricomycotina,,Agaricomycetes,,,Cantharellales,,,Hydnaceae,,native,S5 (2021),new 2021,documented,,,,,,44506,amandawalks,https://www.inaturalist.org/observations/100446893, ,48421
Punctularia atropurpurascens,(Berk. & Broome) Petch,Violet Crust,Fungi,Basidiomycota,Agaricomycotina,,Agaricomycetes,,,Corticiales,,,Corticiaceae,,,genus is in CDC records,new 2021,documented,,,,,,44500,roslynmohr,https://www.inaturalist.org/observations/100403031,    ,514081
Gloeophyllum sepiarium,(Wulfen) P. Karst,Conifer Mazegill,Fungi,Basidiomycota,Agaricomycotina,,Agaricomycetes,,,Gloeophyllales,,,Gloeophyllaceae,,,SNR,new 2020,documented,,,,,,43862,benkeen,https://www.inaturalist.org/observations/38200041,,67338
Rickenella fibula,(Bull.) Raithelh. ,Orange Moss Agaric,Fungi,Basidiomycota,Agaricomycotina,,Agaricomycetes,,,Hymenochaetales,,,Rickenellaceae,,,SNR,new 2018,documented,,,,,,43449,benkeen,https://www.inaturalist.org/observations/19035624,,118170
Trichaptum abietinum,(Dicks.) Ryvarden,Purplepore Bracket,Fungi,Basidiomycota,Agaricomycotina,,Agaricomycetes,,,Hymenochaetales,,,Hymenochaetaceae,,,SNR,new 2019,documented,,,,,,43779,benkeen,https://www.inaturalist.org/observations/35563253,,118115
Trichaptum biforme,(Fr.) Ryvarden,violet-toothed polypore,Fungi,Basidiomycota,Agaricomycotina,,Agaricomycetes,,,Hymenochaetales,,,Hymenochaetaceae,,,SNR,new 2018,documented,,,,,,43409,judithofsquamish,https://www.inaturalist.org/observations/18172780,,125705
Cerrena unicolor,(Bull.) Murrill,Mossy Maze Polypore,Fungi,Basidiomycota,Agaricomycotina,,Agaricomycetes,,,Polyporales,,,Cerrenaceae,,,SNR,new 2018,documented,,,,,,43409,judithofsquamish,https://www.inaturalist.org/observations/18154869,,194476
Byssomerulius corium,(Pers.) Parmasto,netted crust,Fungi,Basidiomycota,Agaricomycotina,,Agaricomycetes,,,Polyporales,,,Irpicaceae,,,SNR,new 2018,documented,,,,,,43442,judithofsquamish,https://www.inaturalist.org/observations/18906085,,118073
Cryptoporus volvatus,(Peck) Shea,Veiled Polypore,Fungi,Basidiomycota,Agaricomycotina,,Agaricomycetes,,,Polyporales,,,Polyporaceae,,,SNR,new 2019,documented,,,,,,43548,benkeen,https://www.inaturalist.org/observations/21580686,,118051
Cyanosporus caesius,(Schrad.) McGinty,Blue Cheese Polypore,Fungi,Basidiomycota,Agaricomycotina,,Agaricomycetes,,,Polyporales,,,Fomitopsidaceae,,,not in CDC records,new 2020,documented,,,,,,44164,benkeen,https://www.inaturalist.org/observations/65849111,,959237
Fomes fomentarius,(L.) Fr.,Hoof Fungus,Fungi,Basidiomycota,Agaricomycotina,,Agaricomycetes,,,Polyporales,,,Polyporaceae,,,SNR,new 2018,documented,,,,,,43413,judithofsquamish,https://www.inaturalist.org/observations/18296840,,127510
Fomitopsis betulina,"(Bull.) B.K.Cui, M.L.Han & Y.C.Dai",birch polypore,Fungi,Basidiomycota,Agaricomycotina,,Agaricomycetes,,,Polyporales,,,Fomitopsidaceae,,,SNR,new 2020,documented,,,,,,43999,cgbc,https://www.inaturalist.org/observations/49984460,,775410
Fomitopsis mounceae,Haight & Nakasone,Northern Red Belt,Fungi,Basidiomycota,Agaricomycotina,,Agaricomycetes,,,Polyporales,,,Fomitopsidaceae,,,"needs updating, not in CDC records",new 2018,documented,,,,,,43366,joanseptembre,https://www.inaturalist.org/observations/16923271,,877361
Fomitopsis ochracea,Ryvarden & Stokland,none,Fungi,Basidiomycota,Agaricomycotina,,Agaricomycetes,,,Polyporales,,,Fomitopsidaceae,,,SNR,new 2020,documented,,,,,,44000,lukelythgoe,https://www.inaturalist.org/observations/50162843,,495903
Ganoderma applanatum,(Pers.) Pat.,artist's bracket,Fungi,Basidiomycota,Agaricomycotina,,Agaricomycetes,,,Polyporales,,,Polyporaceae,,,SNR,new 2018,documented,,,,,,43352,benkeen,https://www.inaturalist.org/observations/16369722,,48473
Ganoderma brownii,(Murrill) Gilb.,none,Fungi,Basidiomycota,Agaricomycotina,,Agaricomycetes,,,Polyporales,,,Polyporaceae,,,SNR,new 2020,documented,,,,,,44079,chrisshier,https://www.inaturalist.org/observations/58994694,,348812
Ganoderma oregonense,Murrill,West Coast Reishi,Fungi,Basidiomycota,Agaricomycotina,,Agaricomycetes,,,Polyporales,,,Polyporaceae,,,SNR,new 2018,documented,,,,,,43408,judithofsquamish,https://www.inaturalist.org/observations/18133801,,118062
Gloeoporus dichrous,(Fr.) Bres.,bicoloured bracket,Fungi,Basidiomycota,Agaricomycotina,,Agaricomycetes,,,Polyporales,,,Irpicaceae,,,SNR,new 2018,documented,,,,,,43416,judithofsquamish,https://www.inaturalist.org/observations/18771185,,202418
Irpex lacteus,(Fr.) Fr.,Milk-white Toothed Polypore,Fungi,Basidiomycota,Agaricomycotina,,Agaricomycetes,,,Polyporales,,,Irpicaceae,,,SNR,new 2019,documented,,,,,,43536,benkeen,https://www.inaturalist.org/observations/21194746,,130910
Laetiporus conifericola,Burds. & Banik,Conifer Chicken of the Woods,Fungi,Basidiomycota,Agaricomycotina,,Agaricomycetes,,,Polyporales,,,Laetiporaceae,,,SNR,new 2017,documented,,,,,,42997,judithofsquamish,https://www.inaturalist.org/observations/8080549,,118057
Laricifomes officinalis,(Batsch) Kotl. & Pouzar ,Quinine Conk,Fungi,Basidiomycota,Agaricomycotina,,Agaricomycetes,,,Polyporales,,,Fomitopsidaceae,,,SNR,new 2020,documented,,,,,,44000,ryan_durand,https://www.inaturalist.org/observations/50726080,,135216
Merulius tremellosus,Schrad.,Trembling Crust,Fungi,Basidiomycota,Agaricomycotina,,Agaricomycetes,,,Polyporales,,,Meruliaceae,,,SNR,new 2018,documented,,,,,,43366,benkeen,https://www.inaturalist.org/observations/16852469,,179113
Phaeolus schweinitzii,(Fr.) Pat.,Dyer's Polypore,Fungi,Basidiomycota,Agaricomycotina,,Agaricomycetes,,,Polyporales,,,Laetiporaceae,,,SNR,new 2018,documented,,,,,,43368,benkeen,https://www.inaturalist.org/observations/16912558,,118084
Phlebia radiata,Fr.,Wrinkled Crust,Fungi,Basidiomycota,Agaricomycotina,,Agaricomycetes,,,Polyporales,,,Meruliaceae,,,SNR,new 2018,documented,,,,,,43410,judithofsquamish,https://www.inaturalist.org/observations/18194657,,155122
Picipes badius (aka Royoporus badius),(Pers.) Zmitr. & Kovalenko,Bay Polypore,Fungi,Basidiomycota,Agaricomycotina,,Agaricomycetes,,,Polyporales,,,Polyporaceae,,,SNR,new 1969,documented,,,,,,25568,beestie,https://www.inaturalist.org/observations/61192847,,510852
Pycnoporellus fulgens,(Fr.) Donk.,none found,Fungi,Basidiomycota,Agaricomycotina,,Agaricomycetes,,,Polyporales,,,Fomitopsidaceae,,,SNR,new 2020,documented,,,,,,43877,cunderdown,https://www.inaturalist.org/observations/38744216,,367273
Rhodofomes cajanderi,"(P. Karst.) B.K. Cui, M.L. Han & Y.C. Dai",Rosy Conk,Fungi,Basidiomycota,Agaricomycotina,,Agaricomycetes,,,Polyporales,,,Fomitopsidaceae,,,SNR,new 2019,documented,,,,,,43806,benkeen,https://www.inaturalist.org/observations/36446902,,764105
Sparassis radicata,Weir,Western cauliflower mushroom,Fungi,Basidiomycota,Agaricomycotina,,Agaricomycetes,,,Polyporales,,,Sparassidaceae,,,add sp? genus is in CDC records,new 2017,documented,,,,,,43008,rainwalker,https://www.inaturalist.org/observations/8197209,,486226
Trametes cinnabarina,(Jacq.) Fr.,Northern Cinnabar Polypore,Fungi,Basidiomycota,Agaricomycotina,,Agaricomycetes,,,Polyporales,,,Polyporaceae,,native,S4 (2021),new 2021,documented,,,,,,44521,beestie,https://www.inaturalist.org/observations/101670472,,974663
Trametes gibbosa,(Pers.) Fr.,Lumpy Bracket,Fungi,Basidiomycota,Agaricomycotina,,Agaricomycetes,,,Polyporales,,,Polyporaceae,,,SNR,new 2020,documented,,,,,,43922,benkeen,https://www.inaturalist.org/observations/41213850,,410641
Trametes hirsuta,(Wulfen) Lloyd ,Hairy Bracket,Fungi,Basidiomycota,Agaricomycotina,,Agaricomycetes,,,Polyporales,,,Polyporaceae,,,SNR,new 2019,documented,,,,,,43829.583333333336,gwenlh,https://www.inaturalist.org/observations/38620099,,116695
Trametes ochracea,(Pers.) Gilb. & Ryvarden,ochre bracket,Fungi,Basidiomycota,Agaricomycotina,,Agaricomycetes,,,Polyporales,,,Polyporaceae,,,SNR,new 2020,documented,,,,,,43925,benkeen,https://www.inaturalist.org/observations/41411612,,118111
Trametes versicolor,(L.: Fries) Pilát ,turkey-tail,Fungi,Basidiomycota,Agaricomycotina,,Agaricomycetes,,,Polyporales,,,Polyporaceae,,,SNR,new 2017,documented,,,,,,42997,rainwalker,https://www.inaturalist.org/observations/8019808,,54134
Echinodontium tinctorium,(Ellis & Everh.) Ellis & Everh.,Indian paint fungus,Fungi,Basidiomycota,Agaricomycotina,,Agaricomycetes,,,Russulales,,,Echinodontiaceae,,,SNR,new 2019,documented,,,,,,43529.662743055553,gwenlh,https://www.inaturalist.org/observations/21102289,,179721
Auriscalpium vulgare,Gray,earpick fungus,Fungi,Basidiomycota,Agaricomycotina,,Agaricomycetes,,,Russulales,,,Auriscalpiaceae,,,SNR,new 2020,documented,,,,,,44187,benkeen,https://www.inaturalist.org/observations/66933180,,55175
Hericium abietis,(Weir ex Hubert) K.A. Harrison,Bear's head,Fungi,Basidiomycota,Agaricomycotina,,Agaricomycetes,,,Russulales,,,Hericiaceae,,,SNR,new 2019,documented,,,,,,43721,amygalina,https://www.inaturalist.org/observations/32668093,,55187
Hericium coralloides,(Scop.) Pers.,Coral tooth fungus,Fungi,Basidiomycota,Agaricomycotina,,Agaricomycetes,,,Russulales,,,Hericiaceae,,,SNR,new 2019,documented,,,,,,43697,thrasherbird,https://www.inaturalist.org/observations/31436515,,49162
Hericium erinaceus,(Bull.) Persoon,lion's-mane mushroom,Fungi,Basidiomycota,Agaricomycotina,,Agaricomycetes,,,Russulales,,,Hericiaceae,,,SNR,new 2017,documented,,,,,,43018,rainwalker,https://www.inaturalist.org/observations/8352911,,49158
Lactarius kauffmanii,Hesler & A.H. Sm.,Kauffman's Milk Cap,Fungi,Basidiomycota,Agaricomycotina,,Agaricomycetes,,,Russulales,,,Russulaceae,,,SNR,new 2020,documented,,,,,,44078,judithofsquamish,https://www.inaturalist.org/observations/58572761,,335923
Lactarius deliciosus,(L.ex Fr.) S.F.Gray,saffron milkcap,Fungi,Basidiomycota,Agaricomycotina,,Agaricomycetes,,,Russulales,,,Russulaceae,,native,S4 (2021),new 2021,documented,,,,,,44501,willoughbyarevalo,https://www.inaturalist.org/observations/100050389,,155197
Lactarius rufus,(Fr.) Fr. ,Rufous Milkcap,Fungi,Basidiomycota,Agaricomycotina,,Agaricomycetes,,,Russulales,,,Russulaceae,,,SNR,new 2018,documented,,,,,,43428,judithofsquamish,https://www.inaturalist.org/observations/18741430,,118223
Russula brevipes,Peck,Short-stemmed Russula,Fungi,Basidiomycota,Agaricomycotina,,Agaricomycetes,,,Russulales,,,Russulaceae,,,SNR,new 2019,documented,,,,,,43756,derekkillby,https://www.inaturalist.org/observations/34659998,,118179
Russula cyanoxantha,(Schaeff.) Fr.,Charcoal Burner,Fungi,Basidiomycota,Agaricomycotina,,Agaricomycetes,,,Russulales,,,Russulaceae,,,SNR,new 2020,documented,,,,,,44081,kinjxl,https://www.inaturalist.org/observations/60146295,,194437
Russula nigricans,(Bull.) Fr. ,Blackening Brittlegill,Fungi,Basidiomycota,Agaricomycotina,,Agaricomycetes,,,Russulales,,,Russulaceae,,native,S4 (2021),new 2021,documented,,,,,,44472,maybejuju,https://www.inaturalist.org/observations/97109679,,194414
Stereum hirsutum,(Willd.) Pers.,hairy curtain crust,Fungi,Basidiomycota,Agaricomycotina,,Agaricomycetes,,,Russulales,,,Stereaceae,,,SNR,new 2018,documented,,,,,,43366,benkeen,https://www.inaturalist.org/observations/16857773,,55501
Stereum ochraceoflavum,Schwein.) Ellis.,,Fungi,Basidiomycota,Agaricomycotina,,Agaricomycetes,,,Russulales,,,Stereaceae,,,SNR,new 2018,documented,,,,,,43460,benkeen,https://www.inaturalist.org/observations/19238818,,118107
Stereum ostrea,(Blume & T. Nees) Fr.,false turkey-tail,Fungi,Basidiomycota,Agaricomycotina,,Agaricomycetes,,,Russulales,,,Stereaceae,,,SNR,new 2018,documented,,,,,,43354,benkeen,https://www.inaturalist.org/observations/16443836,,55496
Hydnellum aurantiacum,(Batsch) P. Karst,Orange Rough-cap Tooth,Fungi,Basidiomycota,Agaricomycotina,,Agaricomycetes,,,Thelephorales,,,Bankeraceae,,,SNR,new 2020,documented,,,,,,44034,benkeen,https://www.inaturalist.org/observations/54020179,,118060
Hydnellum peckii,Banker,Red-juice Tooth,Fungi,Basidiomycota,Agaricomycotina,,Agaricomycetes,,,Thelephorales,,,Bankeraceae,,,SNR,new 2019,documented,,,,,,43688,sea2skynaturebc,https://www.inaturalist.org/observations/30661910,,154949
Sarcodon imbricatus,(L.) P. Karst,shingled hedgehog,Fungi,Basidiomycota,Agaricomycotina,,Agaricomycetes,,,Thelephorales,,,Bankeraceae,,,SNR,new 2018,documented,,,,,,43411,judithofsquamish,https://www.inaturalist.org/observations/18263101,,122335
Thelephora terrestris,Ehrh.: Fr. ,Common Fiber Vase,Fungi,Basidiomycota,Agaricomycotina,,Agaricomycetes,,,Thelephorales,,,Thelephoraceae,,,SNR,new 2019,documented,,,,,,43744,citizen1,https://www.inaturalist.org/observations/34757730,,118102
Apioperdon pyriforme,(Schaeffer) Vizzini ,pear-shaped puffball,Fungi,Basidiomycota,Agaricomycotina,,Agaricomycetes,Agaricomycetidae,,Agaricales,Agaricineae,,Lycoperdaceae,,,not in CDC records,new 2015,documented,,,,,,42285,virginiacspencer,http://www.inaturalist.org/observations/4330349,,972793
Bolbitius titubans,(Bull.) Fr. ,yellow fieldcap,Fungi,Basidiomycota,Agaricomycotina,,Agaricomycetes,Agaricomycetidae,,Agaricales,Agaricineae,,Bolbitiaceae,,,SNR,new 2019,documented,,,,,,43632,pahill,https://www.inaturalist.org/observations/36875942,,55474
Calvatia booniana,A.H. Smith,western giant puffball,Fungi,Basidiomycota,Agaricomycotina,,Agaricomycetes,Agaricomycetidae,,Agaricales,Agaricineae,,Lycoperdaceae,,,not in CDC records,new 2020,documented,,,,,,44094,angiecoulter,https://www.inaturalist.org/observations/60198319,,69818
Chlorophyllum olivieri,(Barla) Vellinga,Olive Shaggy Parasol,Fungi,Basidiomycota,Agaricomycotina,,Agaricomycetes,Agaricomycetidae,,Agaricales,Agaricineae,,Agaricaceae,,,SU (2021),new 2021,documented,,,,,,44473,cfmurrell,https://www.inaturalist.org/observations/97212170,,424530
Coprinellus micaceus,"(Bull.:Fr.) Vilgalys, Hopple & Jacq. Johnson",mica cap,Fungi,Basidiomycota,Agaricomycotina,,Agaricomycetes,Agaricomycetidae,,Agaricales,Agaricineae,,Psathyrellaceae,,,SNR,new 2018,documented,,,,,,43421,judithofsquamish,https://www.inaturalist.org/observations/18491536,,56318
Coprinopsis atramentaria,(Bull.:Fr.) Redhead,Common Ink Cap,Fungi,Basidiomycota,Agaricomycotina,,Agaricomycetes,Agaricomycetidae,,Agaricales,Agaricineae,,Psathyrellaceae,,,SNR,new 2017,documented,,,,,,43010,rainwalker,https://www.inaturalist.org/observations/8296005,,48521
Coprinopsis lagopus,"(Fr.) Redhead, Vilgalys & Moncalvo",hare's foot inkcap,Fungi,Basidiomycota,Agaricomycotina,,Agaricomycetes,Agaricomycetidae,,Agaricales,Agaricineae,,Psathyrellaceae,,,SNR,new 2018,documented,,,,,,43383,judithofsquamish,https://www.inaturalist.org/observations/18017948,,55605
Coprinus comatus,(O. F. Müller) Pers.,Shaggy Mane,Fungi,Basidiomycota,Agaricomycotina,,Agaricomycetes,Agaricomycetidae,,Agaricales,Agaricineae,,Coprinaceae,,,SNR,new 2018,documented,,,,,,43369,foleyniki,https://www.inaturalist.org/observations/16936746,,47392
Cortinarius cinnamomeus,(L.) Fr. ,cinnamon webcap,Fungi,Basidiomycota,Agaricomycotina,,Agaricomycetes,Agaricomycetidae,,Agaricales,Agaricineae,,Cortinariaceae,,,SNR,new 2019,documented,,,,,,43764.67759259259,gwenlh,https://www.inaturalist.org/observations/35015450,,155225
Cortinarius croceus,(Schaeff.) Gray,saffron webcap,Fungi,Basidiomycota,Agaricomycotina,,Agaricomycetes,Agaricomycetidae,,Agaricales,Agaricineae,,Cortinariaceae,,,SNR,new 2019,documented,,,,,,43756,eharrower,https://www.inaturalist.org/observations/34566859,,192638
Cortinarius vibratilis,(Fr.) Fr.,none,Fungi,Basidiomycota,Agaricomycotina,,Agaricomycetes,Agaricomycetidae,,Agaricales,Agaricineae,,Cortinariaceae,,,SNR,new 2019,documented,,,,,,43695,noracee,https://www.inaturalist.org/observations/31104899,,499760
Cortinarius violaceus,(L.) Gray,violet webcap,Fungi,Basidiomycota,Agaricomycotina,,Agaricomycetes,Agaricomycetidae,,Agaricales,Agaricineae,,Cortinariaceae,,,SNR,new 2018,documented,,,,,,43366,joanseptembre,https://www.inaturalist.org/observations/16923268,,124344
Crucibulum laeve,(Huds.) Kambly,common bird's nest fungus,Fungi,Basidiomycota,Agaricomycotina,,Agaricomycetes,Agaricomycetidae,,Agaricales,Agaricineae,,Nidulariaceae,,,SNR,new 2018,documented,,,,,,43416,judithofsquamish,https://www.inaturalist.org/observations/18442999,,120030
Cyathus striatus,(Huds.) Willd.,fluted bird's nest fungus,Fungi,Basidiomycota,Agaricomycotina,,Agaricomycetes,Agaricomycetidae,,Agaricales,Agaricineae,,Nidulariaceae,,,SNR,new 2019,documented,,,,,,43730,nicolarammell,https://www.inaturalist.org/observations/33294785,,120242
Cystoderma aureum,(Matt.) Kühner & Romagn,Golden Cap,Fungi,Basidiomycota,Agaricomycotina,,Agaricomycetes,Agaricomycetidae,,Agaricales,Agaricineae,,Squamanitaceae,,,genus is in CDC records,new 2019,documented,,,,,,43767,laurenharrison,https://www.inaturalist.org/observations/35067708,,790781
Hypholoma capnoides,Fr.) P. Kumm,conifer tuft/smoky-gilled Hypholoma,Fungi,Basidiomycota,Agaricomycotina,,Agaricomycetes,Agaricomycetidae,,Agaricales,Agaricineae,,Strophariaceae,,,SNR,new 2018,documented,,,,,,43463,benkeen,https://www.inaturalist.org/observations/19297740,,64071
Hypholoma fasciculare,(Huds. Fr.) P. Kumm,Sulphur Tuft,Fungi,Basidiomycota,Agaricomycotina,,Agaricomycetes,Agaricomycetidae,,Agaricales,Agaricineae,,Strophariaceae,,,SNR,new 2018,documented,,,,,,43390,judithofsquamish,https://www.inaturalist.org/observations/17612303,,48767
Inosperma maximum,(Kühner) Matheny & Esteve-Rav.,Blueing Fishy Fiberhead,Fungi,Basidiomycota,Agaricomycotina,,Agaricomycetes,Agaricomycetidae,,Agaricales,Agaricineae,,Inocybaceae,,,not in CDC records,new 2020,documented,,,,,,43971.083333333336,mmund,https://www.inaturalist.org/observations/46676199,,1112501
Lacrymaria lacrymabunda,(Bull.: Fr.) Pat.,weeping widow,Fungi,Basidiomycota,Agaricomycotina,,Agaricomycetes,Agaricomycetidae,,Agaricales,Agaricineae,,Psathyrellaceae,,,SNR,new 2019,documented,,,,,,43732,snlliamtetzlaff,https://www.inaturalist.org/observations/33328324,,130934
Laccaria amethysteo-occidentalis,G.M. Muell.,Western Amethyst Laccaria,Fungi,Basidiomycota,Agaricomycotina,,Agaricomycetes,Agaricomycetidae,,Agaricales,Agaricineae,,Hydnangiaceae,,,SNR,new 2018,documented,,,,,,43419,judithofsquamish,https://www.inaturalist.org/observations/18414919,,54893
Laccaria laccata,(Scop.) Cooke,deceiver,Fungi,Basidiomycota,Agaricomycotina,,Agaricomycetes,Agaricomycetidae,,Agaricales,Agaricineae,,Hydnangiaceae,,,SNR,new 2020,documented,,,,,,44149,benkeen,https://www.inaturalist.org/observations/64890755,,63236
Lepiota atrodisca,Zeller ,Zeller black-eyed parasol,Fungi,Basidiomycota,Agaricomycotina,,Agaricomycetes,Agaricomycetidae,,Agaricales,Agaricineae,,Verrucosporaceae,,,SNR,new 2013,documented,,,,,,41556,derekkillby,https://www.inaturalist.org/observations/19220145,,347740
Leucoagaricus leucothites,(Vittad.) Wasser,White Dapperling,Fungi,Basidiomycota,Agaricomycotina,,Agaricomycetes,Agaricomycetidae,,Agaricales,Agaricineae,,Agaricaceae,,,SNR,new 2019,documented,,,,,,43730,pswift57,https://www.inaturalist.org/observations/36211360,,179125
Lycoperdon perlatum,Pers.,common puffball,Fungi,Basidiomycota,Agaricomycotina,,Agaricomycetes,Agaricomycetidae,,Agaricales,Agaricineae,,Lycoperdaceae,,,SNR,new 2019,documented,,,,,,43709,black13,https://www.inaturalist.org/observations/32030617,,48443
Lycoperdon umbrinum,Per.,Umber-brown Puffball,Fungi,Basidiomycota,Agaricomycotina,,Agaricomycetes,Agaricomycetidae,,Agaricales,Agaricineae,,Lycoperdaceae,,,SNR,new 2019,documented,,,,,,43750,jamiehargreaves,https://www.inaturalist.org/observations/34360885,,118139
Nidula candida,(Peck) V.S. White ,jellied bird's nest fungus,Fungi,Basidiomycota,Agaricomycotina,,Agaricomycetes,Agaricomycetidae,,Agaricales,Agaricineae,,Nidulariaceae,,,SNR,new 2018,documented,,,,,,43375,judithofsquamish,https://www.inaturalist.org/observations/17176575,,120036
Nidula niveotomentosa,(Henn.) Lloyd,woolly bird's nest fungus,Fungi,Basidiomycota,Agaricomycotina,,Agaricomycetes,Agaricomycetidae,,Agaricales,Agaricineae,,Nidulariaceae,,,SNR,new 2018,documented,,,,,,43394,booboo,https://www.inaturalist.org/observations/17732255,,118138
Pholiota aurivella,(Batsch) P. Kumm.,Golden Pholiota,Fungi,Basidiomycota,Agaricomycotina,,Agaricomycetes,Agaricomycetidae,,Agaricales,Agaricineae,,Strophariaceae,,,SNR,new 2020,documented,,,,,,44101,cmac79,https://www.inaturalist.org/observations/61757559,,124705
Pholiota squarrosoides,(Peck) Sacc. ,sharp-scaly Pholiota,Fungi,Basidiomycota,Agaricomycotina,,Agaricomycetes,Agaricomycetidae,,Agaricales,Agaricineae,,Strophariaceae,,,SNR,new 2018,documented,,,,,,43429,judithofsquamish,https://www.inaturalist.org/observations/18635972,,157728
Psilocybe pelliculosa,(A.H. Sm.) Singer & A.H. Sm.,none found,Fungi,Basidiomycota,Agaricomycotina,,Agaricomycetes,Agaricomycetidae,,Agaricales,Agaricineae,,Hymenogastraceae,,,SNR,new 2020,documented,,,,,,44160,benkeen,https://www.inaturalist.org/observations/65610840,,372425
Stropharia ambigua,(Peck) Zeller ,Questionable Stropharia,Fungi,Basidiomycota,Agaricomycotina,,Agaricomycetes,Agaricomycetidae,,Agaricales,Agaricineae,,Strophariaceae,,,SNR,new 2018,documented,,,,,,43330,citizen1,https://www.inaturalist.org/observations/15737693,,53284
Clavulinopsis laeticolor, (Berk. & M.A. Curtis) R.H. Petersen,Handsome Club,Fungi,Basidiomycota,Agaricomycotina,,Agaricomycetes,Agaricomycetidae,,Agaricales,Clavariineae,,Clavariaceae,,,SNR,new 2020,documented,,,,,,44146,benkeen,https://www.inaturalist.org/observations/64705971,,55273
Mucronella pendula,(Massee) R.H. Petersen,icicle spine,Fungi,Basidiomycota,Agaricomycotina,,Agaricomycetes,Agaricomycetidae,,Agaricales,Clavariineae,,Clavariaceae,,,SNR,new 2018,documented,,,,,,43408,citizen1,https://www.inaturalist.org/observations/18306352,,355939
Arrhenia chlorocyanea,"(Pat.) Redhead, Lutzoni, Moncalvo & Vilgalys ",verdigris navel,Fungi,Basidiomycota,Agaricomycotina,,Agaricomycetes,Agaricomycetidae,,Agaricales,Hygrophorineae,,Hygrophoraceae,Lichenomphalioideae,,SNR,new 2020,documented,,,,,,43884,benkeen,https://www.inaturalist.org/observations/39114212,,354693
Chrysomphalina aurantiaca,(Wulfen) Maire,Orange Chrysomphalina,Fungi,Basidiomycota,Agaricomycotina,,Agaricomycetes,Agaricomycetidae,,Agaricales,Hygrophorineae,,Hygrophoraceae,Hygrophoroideae,,SNR,new 2020,documented,,,,,,44155,benkeen,https://www.inaturalist.org/observations/65298832,,343259
Gliophorus psittacinus,(Schaeff.) Herink,Parrot Mushroom,Fungi,Basidiomycota,Agaricomycotina,,Agaricomycetes,Agaricomycetidae,,Agaricales,Hygrophorineae,,Hygrophoraceae,Hygrocyboideae,,SNR,new 2019,documented,,,,,,43806,benkeen,https://www.inaturalist.org/observations/36447195,,348711
Hygrocybe miniata,(Fr.) P. Kumm,Vermilion Waxcap,Fungi,Basidiomycota,Agaricomycotina,,Agaricomycetes,Agaricomycetidae,,Agaricales,Hygrophorineae,,Hygrophoraceae,Hygrocyboideae,,SNR,new 2013,documented,,,,,,41561,hillanddale,https://www.inaturalist.org/observations/9601543,,194659
Hygrophorus piceae,Kuehner & Romagn,spruce waxy-cap,Fungi,Basidiomycota,Agaricomycotina,,Agaricomycetes,Agaricomycetidae,,Agaricales,Hygrophorineae,,Hygrophoraceae,Hygrophoroideae,,SNR,new 2018,documented,,,,,,43423,judithofsquamish,https://www.inaturalist.org/observations/18716083,,499710
Lichenomphalia umbellifera,"(L. : Fr.) Redhead, Lutzoni, Moncalvo & Vilgalys.",Lichen Agaric,Fungi,Basidiomycota,Agaricomycotina,,Agaricomycetes,Agaricomycetidae,,Agaricales,Hygrophorineae,,Hygrophoraceae,Lichenomphalioideae,native,S5 (2020),new 2018,documented,,,,,,43190,judithofsquamish,https://www.inaturalist.org/observations/10563521,,118245
Armillaria mellea,(Vahl) P. Kumm.,honey mushroom,Fungi,Basidiomycota,Agaricomycotina,,Agaricomycetes,Agaricomycetidae,,Agaricales,Marasmiineae,,Physalacriaceae,,,SNR,new 2018,documented,,,,,,43394,booboo,https://www.inaturalist.org/observations/17732464,,55950
Atheniella aurantiidisca,"(Murrill) Redhead, Moncalvo, Vilgalys, Desjardin, B.A. Perry",tangerine bonnet,Fungi,Basidiomycota,Agaricomycotina,,Agaricomycetes,Agaricomycetidae,,Agaricales,Marasmiineae,,Porotheleaceae,,,SNR,new 2020,documented,,,,,,43999,ryan_durand,https://www.inaturalist.org/observations/50369596,,499651
Flammulina velutipes,(Curtis) Singer,Velvet Foot,Fungi,Basidiomycota,Agaricomycotina,,Agaricomycetes,Agaricomycetidae,,Agaricales,Marasmiineae,,Physalacriaceae,,,SNR,new 2020,documented,,,,,,43850,pswift57,https://www.inaturalist.org/observations/37836300,,67594
Gymnopus dryophilus,(Bull.) Murrill,Oak-loving Gymnopus,Fungi,Basidiomycota,Agaricomycotina,,Agaricomycetes,Agaricomycetidae,,Agaricales,Marasmiineae,,Omphalotaceae,,,SNR,new 2020,documented,,,,,,43995,benkeen,https://www.inaturalist.org/observations/49472743,,130915
Marasmiellus candidus,(Bolton) Singer,Fairy Parachutes,Fungi,Basidiomycota,Agaricomycotina,,Agaricomycetes,Agaricomycetidae,,Agaricales,Marasmiineae,,Omphalotaceae,,,SNR,new 2018,documented,,,,,,43414,benkeen,https://www.inaturalist.org/observations/18315498,,118242
Marasmiellus peronatus,(Bolton) J.S. Oliveira,Wood Woolly-foot,Fungi,Basidiomycota,Agaricomycotina,,Agaricomycetes,Agaricomycetidae,,Agaricales,Marasmiineae,,Omphalotaceae,,,genus is in CDC records,new 2020,documented,,,,,,44016,stephenhui,https://www.inaturalist.org/observations/52336650,,922026
Marasmius calhouniae,Singer,Calhoun's pinwheel,Fungi,Basidiomycota,Agaricomycotina,,Agaricomycetes,Agaricomycetidae,,Agaricales,Marasmiineae,,Marasmiaceae,,,genus in CDC records,new 2018,documented,,,,,,43460,benkeen,https://www.inaturalist.org/observations/19238734,,118241
Mycena acicula,Schaeff.) P. Kumm,orange bonnet,Fungi,Basidiomycota,Agaricomycotina,,Agaricomycetes,Agaricomycetidae,,Agaricales,Marasmiineae,,Mycenaceae,,,SNR,new 2020,documented,,,,,,43973,nicolarammell,https://www.inaturalist.org/observations/47559245,,63426
Mycena epipterygia,(Scop.) Gray,Yellowleg Bonnet,Fungi,Basidiomycota,Agaricomycotina,,Agaricomycetes,Agaricomycetidae,,Agaricales,Marasmiineae,,Mycenaceae,,,SNR,new 2018,documented,,,,,,43429,benkeen,https://www.inaturalist.org/observations/18637396,,179107
Mycena galericulata,(Scop.) Gray,common bonnet,Fungi,Basidiomycota,Agaricomycotina,,Agaricomycetes,Agaricomycetidae,,Agaricales,Marasmiineae,,Mycenaceae,,,SNR,new 2018,documented,,,,,,43414,benkeen,https://www.inaturalist.org/observations/18315516,,63446
Mycena haematopus,(Pers.: Fr.) P. Kumm,Bleeding Fairy Helmet,Fungi,Basidiomycota,Agaricomycotina,,Agaricomycetes,Agaricomycetidae,,Agaricales,Marasmiineae,,Mycenaceae,,,SNR,new 2019,documented,,,,,,43671,benkeen,https://www.inaturalist.org/observations/29552998,,63460
Mycena oregonensis,A. H. Sm. ,Western Yellow Mycena,Fungi,Basidiomycota,Agaricomycotina,,Agaricomycetes,Agaricomycetidae,,Agaricales,Marasmiineae,,Mycenaceae,,,SNR,new 2019,documented,,,,,,43730,benkeen,https://www.inaturalist.org/observations/33232035,,63472
Mycena pura,(Pers.: Fr.) P. Kumm,Lilac Bonnet,Fungi,Basidiomycota,Agaricomycotina,,Agaricomycetes,Agaricomycetidae,,Agaricales,Marasmiineae,,Mycenaceae,,,SNR,new 2019,documented,,,,,,43695,noracee,https://www.inaturalist.org/observations/31103526,,63473
Mycena purpureofusca,(Peck) Sacc. ,purple-edge bonnet,Fungi,Basidiomycota,Agaricomycotina,,Agaricomycetes,Agaricomycetidae,,Agaricales,Marasmiineae,,Mycenaceae,,,SNR,new 2020,documented,,,,,,44100,jfclarke,https://www.inaturalist.org/observations/61262706,,63422
Panellus stipticus,(Bull.) P. Karst,luminescent panellus,Fungi,Basidiomycota,Agaricomycotina,,Agaricomycetes,Agaricomycetidae,,Agaricales,Marasmiineae,,Mycenaceae,,,SNR,new 2019,documented,,,,,,43806,benkeen,https://www.inaturalist.org/observations/36446840,,68309
Scytinotus longinquus,(Berk.) Thorn.,,Fungi,Basidiomycota,Agaricomycotina,,Agaricomycetes,Agaricomycetidae,,Agaricales,Marasmiineae,,Porotheleaceae,,,SNR,new 2018,documented,,,,,,43457,benkeen,https://www.inaturalist.org/observations/19181482,,498511
Strobilurus trullisatus,(Murrill) Lennox,Fir-Cone Mushroom,Fungi,Basidiomycota,Agaricomycotina,,Agaricomycetes,Agaricomycetidae,,Agaricales,Marasmiineae,,Physalacriaceae,,,SNR,new 2018,documented,,,,,,43359,benkeen,https://www.inaturalist.org/observations/16607548,,118192
Xeromphalina tenuipes,(Schwein.) A.H.Sm.,none found,Fungi,Basidiomycota,Agaricomycotina,,Agaricomycetes,Agaricomycetidae,,Agaricales,Marasmiineae,,,,,genus is in CDC records,new 2020,documented,,,,,,43877,cunderdown,https://www.inaturalist.org/observations/38744749,,352855
Pleurocybella porrigens,(Pers.) Singer,angel's wings,Fungi,Basidiomycota,Agaricomycotina,,Agaricomycetes,Agaricomycetidae,,Agaricales,Pleurotineae,,Phyllotopsidaceae,,,SNR,new 2014,documented,,,,,,41922,hillanddale,https://www.inaturalist.org/observations/9601559,,48509
Pleurotus ostreatus,(Jacq. ex Fr.)  P. Kumm.,Oyster Mushroom,Fungi,Basidiomycota,Agaricomycotina,,Agaricomycetes,Agaricomycetidae,,Agaricales,Pleurotineae,,Pleurotaceae,,,SNR,new 2017,documented,,,,,,42860,chlorophilia,https://www.inaturalist.org/observations/6113067,,48494
Pleurotus pulmonarius,(Fr.) Quél.,summer oyster mushroom,Fungi,Basidiomycota,Agaricomycotina,,Agaricomycetes,Agaricomycetidae,,Agaricales,Pleurotineae,,Pleurotaceae,,,SNR,new 2019,documented,,,,,,43605,nicolarammell,https://www.inaturalist.org/observations/25475763,,136399
Sarcomyxa serotina,(Pers.) P. Karst.,Late Oyster,Fungi,Basidiomycota,Agaricomycotina,,Agaricomycetes,Agaricomycetidae,,Agaricales,Pleurotineae,,Sarcomyxaceae,,,SNR,new 2018,documented,,,,,,43412,judithofsquamish,https://www.inaturalist.org/observations/18277964,,63585
Hohenbuehelia petaloides,(Bull.) Schulzer,Shoehorn Oyster,Fungi,Basidiomycota,Agaricomycotina,,Agaricomycetes,Agaricomycetidae,,Agaricales,Pleurotineae,,Pleurotaceae,,,SNR,new 2020,documented,,,,,,43954,judithofsquamish,https://www.inaturalist.org/observations/44845347,,154750
Amanita aprica,J. Lindgr. & Tulloss,sunshine Amanita,Fungi,Basidiomycota,Agaricomycotina,,Agaricomycetes,Agaricomycetidae,,Agaricales,Pluteineae,,Amanitaceae,,,SNR,new 2018,documented,,,,,,43232.625,gwenlh,https://www.inaturalist.org/observations/12414336,,496850
Amanita junquillea,Quél.,jewelled amanita,Fungi,Basidiomycota,Agaricomycotina,,Agaricomycetes,Agaricomycetidae,,Agaricales,Pluteineae,,Amanitaceae,,,genus in CDC records,new 2019,documented,,,,,, 2019-10-27,jhop42,https://www.inaturalist.org/observations/34977805,,350046
Amanita muscaria,(L.) Pers.,fly agaric,Fungi,Basidiomycota,Agaricomycotina,,Agaricomycetes,Agaricomycetidae,,Agaricales,Pluteineae,,Amanitaceae,,,SNR,new 2017,documented,,,,,,43017,sea2skynaturebc,https://www.inaturalist.org/observations/8327891,,48715
Amanita muscaria flavivolvata,Singer,fly agaric,Fungi,Basidiomycota,Agaricomycotina,,Agaricomycetes,Agaricomycetidae,,Agaricales,Pluteineae,,Amanitaceae,,,subsp not in CDC records,new 2019,documented,,,,,,43786,emmaross,https://www.inaturalist.org/observations/68385890,,335932
Amanita pantherina,(DC.) Krombholz ,panthercap,Fungi,Basidiomycota,Agaricomycotina,,Agaricomycetes,Agaricomycetidae,,Agaricales,Pluteineae,,Amanitaceae,,,SNR,new 2019,documented,,,,,,43597,james634,https://www.inaturalist.org/observations/25033236,,48418
Amanita phalloides,(Vaill ex Fr.) Link,deathcap,Fungi,Basidiomycota,Agaricomycotina,,Agaricomycetes,Agaricomycetidae,,Agaricales,Pluteineae,,Amanitaceae,,,SNR,new 2018,documented,,,,,,43394,booboo,https://www.inaturalist.org/observations/17731288,,52135
Amanita porphyria,Alb. & Schwein : Fr.,grey-veiled amanita,Fungi,Basidiomycota,Agaricomycotina,,Agaricomycetes,Agaricomycetidae,,Agaricales,Pluteineae,,Amanitaceae,,,SNR,new 2019,documented,,,,,,43695,noracee,https://www.inaturalist.org/observations/31103401,,118400
Pluteus cervinus,(Schaeff.) P. Kumm.,deer mushroom,Fungi,Basidiomycota,Agaricomycotina,,Agaricomycetes,Agaricomycetidae,,Agaricales,Pluteineae,,Pluteaceae,,,SNR,new 2018,documented,,,,,,43373,marco777,https://www.inaturalist.org/observations/17125037,,60782
Schizophyllum commune,Fries,splitgill mushroom,Fungi,Basidiomycota,Agaricomycotina,,Agaricomycetes,Agaricomycetidae,,Agaricales,Schizophyllineae,,Schizophyllaceae,,,SNR,new 2018,documented,,,,,,43421,benkeen,https://www.inaturalist.org/observations/18460482,,54573
Lepiota magnispora,(Bull.) H.E. Bigelow & A.H. Sm.,Blewit,Fungi,Basidiomycota,Agaricomycotina,,Agaricomycetes,Agaricomycetidae,,Agaricales,Tricholomatineae,,Clitocybaceae,,,SNR,new 2018,documented,,,,,,43435,benkeen,https://www.inaturalist.org/observations/18763265,,351380
Leucocybe connata,"(Schumach.) Vizzini, P. Alvarado, G. Moreno & Consiglio ",White Domecap,Fungi,Basidiomycota,Agaricomycotina,,Agaricomycetes,Agaricomycetidae,,Agaricales,Tricholomatineae,,Lyophyllaceae,,,SNR,new 2018,documented,,,,,,43388,judithofsquamish,https://www.inaturalist.org/observations/18715575,,625290
Plicatura nivea,(Sommerf.) P. Karst.,snow-white crust,Fungi,Basidiomycota,Agaricomycotina,,Agaricomycetes,Agaricomycetidae,,Amylocorticiales,,,Amylocorticiaceae,,,SNR,new 2018,documented,,,,,,43408,judithofsquamish,https://www.inaturalist.org/observations/18135928,,464306
Plicaturopsis crispa,(Pers.) D. A. Reid,crimped gill,Fungi,Basidiomycota,Agaricomycotina,,Agaricomycetes,Agaricomycetidae,,Amylocorticiales,,,Amylocorticiaceae,,,SNR,new 2020,documented,,,,,,44153,benkeen,https://www.inaturalist.org/observations/65183645,,55565
Aureoboletus mirabilis,(Murrill) Murrill ,admirable bolete,Fungi,Basidiomycota,Agaricomycotina,,Agaricomycetes,Agaricomycetidae,,Boletales,,,Boletaceae,Xerocomoideae,,SNR,new 2018,documented,,,,,,43394,booboo,https://www.inaturalist.org/observations/17732343,,790782
Boletus edulis,Bull.,king bolete,Fungi,Basidiomycota,Agaricomycotina,,Agaricomycetes,Agaricomycetidae,,Boletales,,,Boletaceae,,,SNR,new 2018,documented,,,,,,43300,derekkillby,https://www.inaturalist.org/observations/14582669,,48701
Bryoria fremontii,(Tuck.) Brodo & D. Hawksw.,edible horsehair,Fungi,Basidiomycota,Agaricomycotina,,Agaricomycetes,Agaricomycetidae,,Boletales,,,Boletaceae,,native ,S5 (2018),reported,undocumented,,,,,"LGL Limited, Environmental Research Associates, Sidney, BC",,,,,205663,
Gomphidius subroseus,Kauffman,Rosy Slime Spike,Fungi,Basidiomycota,Agaricomycotina,,Agaricomycetes,Agaricomycetidae,,Boletales,,,Gomphidiaceae,,,SNR,new 2019,documented,,,,,,43734,benkeen,https://www.inaturalist.org/observations/33462926,,48428
Hygrophoropsis aurantiaca,(Wulfen) Maire,False Chanterelle,Fungi,Basidiomycota,Agaricomycotina,,Agaricomycetes,Agaricomycetidae,,Boletales,,,Hygrophoropsidaceae,,,SNR,new 2020,documented,,,,,,44164,benkeen,https://www.inaturalist.org/observations/65850038,,63538
Paxillus cuprinus,"Jargeat, Gryta, J.-P. Chaumeton & Vizzini",coppery pax,Fungi,Basidiomycota,Agaricomycotina,,Agaricomycetes,Agaricomycetidae,,Boletales,,,Paxillaceae,,,genus is in CDC records,new 2020,documented,,,,,,44110,robidium,https://www.inaturalist.org/observations/62092011,,416322
Suillus lakei,(Murrill) A.H. Sm. and Thiers,Western Painted Suillus,Fungi,Basidiomycota,Agaricomycotina,,Agaricomycetes,Agaricomycetidae,,Boletales,,,Suillaceae,,,SNR,new 2018,documented,,,,,,43424,judithofsquamish,https://www.inaturalist.org/observations/18794500,,118159
Tapinella atrotomentosa,(Batsch) Šutara,Velvet-footed Pax,Fungi,Basidiomycota,Agaricomycotina,,Agaricomycetes,Agaricomycetidae,,Boletales,,,Tapinellaceae,,,SNR,new 2019,documented,,,,,,43667,nesilaltaca,https://www.inaturalist.org/observations/29280896,,154450
Xerocomellus atropurpureus,"J.L. Frank, N. Siegel & C.F. Schwarz",none found,Fungi,Basidiomycota,Agaricomycotina,,Agaricomycetes,Agaricomycetidae,,Boletales,,,Boletaceae,,,genus is in CDC records,new 2019,documented,,,,,,43757,northvandad,https://www.inaturalist.org/observations/34714886,,1020294
Xerocomellus zelleri,(Murrill) Klofac,Zeller's bolete,Fungi,Basidiomycota,Agaricomycotina,,Agaricomycetes,Agaricomycetidae,,Boletales,,,Boletaceae,,,SNR,new 2019,documented,,,,,,43757,northvandad,https://www.inaturalist.org/observations/34721228,,438008
Ramaria formosa,(Pers.) Quél.,yellow-tipped coral fungus,Fungi,Basidiomycota,Agaricomycotina,,Agaricomycetes,Phallomycetidae,,Gomphales,,,Gomphaceae,,,SNR,new 2019,documented,,,,,,43694,thrasherbird,https://www.inaturalist.org/observations/31270090,,48770
Ramaria stricta,(Pers. per Fr.) Quel. ,Upright Coral Fungus,Fungi,Basidiomycota,Agaricomycotina,,Agaricomycetes,Phallomycetidae,,Gomphales,,,Gomphaceae,,,SNR,new 2019,documented,,,,,,43730,benkeen,https://www.inaturalist.org/observations/33233130,,54228
Turbinellus floccosus,(Schwein) Earle ex Giachini & Castellano ,Scaly Chanterelle,Fungi,Basidiomycota,Agaricomycotina,,Agaricomycetes,Phallomycetidae,,Gomphales,,,Gomphaceae,,,SNR,new 2019,documented,,,,,,43702,amygalina,https://www.inaturalist.org/observations/31525385,,417398
Turbinellus kauffmanii,(A.H. Sm.) Giachini,,Fungi,Basidiomycota,Agaricomycotina,,Agaricomycetes,Phallomycetidae,,Gomphales,,,Gomphaceae,,,SNR,new 2020,documented,,,,,,44081,chrisshier,https://www.inaturalist.org/observations/58993245,,352687
Calocera cornea,(Batsch) Fr.,club-like tuning fork,Fungi,Basidiomycota,Agaricomycotina,,Dacrymycetes,,,Dacrymycetales,,,Dacrymycetaceae,,,SNR,new 2018,documented,,,,,,43288,carl1986,https://www.inaturalist.org/observations/15716045,,118027
Calocera viscosa,(Pers.) Fr.,jelly-antler,Fungi,Basidiomycota,Agaricomycotina,,Dacrymycetes,,,Dacrymycetales,,,Dacrymycetaceae,,,SNR,new 2018,documented,,,,,,43460,benkeen,https://www.inaturalist.org/observations/19238710,,63405
Dacrymyces chrysospermus,(Bull.) Tul.,Orange Jelly Spot,Fungi,Basidiomycota,Agaricomycotina,,Dacrymycetes,,,Dacrymycetales,,,Dacrymycetaceae,,,SNR,new 2013,documented,,,,,,41636,hillanddale,https://www.inaturalist.org/observations/9595902,,118028
Dacrymyces stillatus,Nees: Fr.,Jelly Spot Fungus,Fungi,Basidiomycota,Agaricomycotina,,Dacrymycetes,,,Dacrymycetales,,,Dacrymycetaceae,,,SNR,new 2020,documented,,,,,,43855,keeganjd,https://www.inaturalist.org/observations/37964302,,53276
Dacryopinax spathularia,(Schwein.) G. W. Martin ,Fan-shaped Jelly Fungus,Fungi,Basidiomycota,Agaricomycotina,,Dacrymycetes,,,Dacrymycetales,,,Dacrymycetaceae,,,SNR,new 2019,documented,,,,,,43827,benkeen,https://www.inaturalist.org/observations/37048647,,143313
Guepiniopsis alpina,(Tracy & Earle) Brasf.,alpine jelly cone,Fungi,Basidiomycota,Agaricomycotina,,Dacrymycetes,,,Dacrymycetales,,,Dacrymycetaceae,,,SNR,new 2018,documented,,,,,,43281,mrob,https://www.inaturalist.org/observations/13950896,,118032
Guepiniopsis buccina,(Pers.) L.L. Kenn.,none,Fungi,Basidiomycota,Agaricomycotina,,Dacrymycetes,,,Dacrymycetales,,,Dacrymycetaceae,,,SNR,new 2018,documented,,,,,,43428,judithofsquamish,https://www.inaturalist.org/observations/18716644,,350910
Dermatocarpon miniatum,(L.) W. Mann,blushing stippleback,Fungi,Basidiomycota,Agaricomycotina,,Eurotiomycetes,Chaetothyriomycetidae,,Verrucariales,,,Verrucariaceae,,native,S5 (2019),reported,undocumented,,,,,"LGL Limited, Environmental Research Associates, Sidney, BC",,,,,154129,
Dermatocarpon reticulatum,H. Magn.,sandpaper stippleback,Fungi,Basidiomycota,Agaricomycotina,,Eurotiomycetes,Chaetothyriomycetidae,,Verrucariales,,,Verrucariaceae,,native,S5 (2018),reported,undocumented,,,,,"LGL Limited, Environmental Research Associates, Sidney, BC",,,,,218258,
Cronartium harknessii,(J.P.Moore) Y.Hiratsuka,Western Gall Rust,Fungi,Basidiomycota,Pucciniomycotina,,Pucciniomycetes,,,Pucciniales,Melampsorineae,,Coleosporiaceae,,,not in CDC records,new 2020,documented,,,,,,43917,judithofsquamish,https://www.inaturalist.org/observations/40859848,,1096591
Cronartium ribicola,J.C. Fisch,white pine blister rust,Fungi,Basidiomycota,Pucciniomycotina,,Pucciniomycetes,,,Pucciniales,Melampsorineae,,Coleosporiaceae,,,add - not in CDC records,new 2016,documented,,,,,,42505,rileypollom,http://inaturalist.ca/observations/3184546,,199391
Pucciniastrum goeppertianum,(Kuehn) Kleb.,huckleberry Broom Rust Fungus,Fungi,Basidiomycota,Pucciniomycotina,,Pucciniomycetes,,,Pucciniales,Melampsorineae,,Pucciniastraceae,,,not in CDC records,new 2019,documented,,,,,,43744,northvandad,https://www.inaturalist.org/observations/34284458,,207609
Naematelia aurantia,Schwein. Schrift. Naturf. Ges. Leipzig,golden ear,Fungi,Basidiomycota,Agaricomycotina,,Tremellomycetes,,,Tremellales,,,Naemateliaceae,,,not in CDC records,new 2018,documented,,,,,,43410,judithofsquamish,https://www.inaturalist.org/observations/18193111,,1109245
Tremella mesenterica,Retz. ,witch's butter,Fungi,Basidiomycota,Agaricomycotina,,Tremellomycetes,,,Tremellales,,,Tremellaceae,,,SNR,new 2018,documented,,,,,,43288,carl1986,https://www.inaturalist.org/observations/15716044,,48529
Exobasidium cassiopes,Peck,none,Fungi,Basidiomycota,Ustilaginomycotina,,Exobasidiomycetes,,,Exobasidiales,,,Exobasidiaceae,,,genus is in CDC records,new 2019,documented,,,,,,43632,hydaticus,https://www.inaturalist.org/observations/27189014,,555285
Spinellus fusiger,(Link) Tiegh.,bonnet mold,Fungi,Zygomycota,Mucoromycotina,,Mucoromycetes,,,Mucorales,,,Phycomycetaceae,,,not in CDC records,new 2020,documented,,,,,,44031,shaanaroeste,https://www.inaturalist.org/observations/53812619,,425360
Ceratiomyxa fruticulosa,O.F.Mull.,Honeycomb Coral Slime Mold,Protozoa/Protista,Mycetozoa,,,Protosteliomycetes,,,Ceratiomyxales,,,Ceratiomyxaceae,,,not in CDC records,new 2017,documented,,,,,,42883,ritaclare,https://www.inaturalist.org/observations/6509868,,56252
Lycogala epidendrum,(L.) Fr. ,Wolf's Milk,Protozoa/Protista,Mycetozoa,,,Myxomycetes,,,Liceales,,,Tubiferaceae,,,not in CDC records,new 2017,documented,,,,,,42862,edefreit,https://www.inaturalist.org/observations/6132820,,47680
Reticularia intermedia,Nann.-Bremek.,,Protozoa/Protista,Mycetozoa,,,Myxomycetes,,,Liceales,,,Tubiferaceae,,,not in CDC records,new 2021,documented,,,,,,44339,kpenney,https://www.inaturalist.org/observations/80143426,,491513
Reticularia lycoperdon,Bull.,False Puffball,Protozoa/Protista,Mycetozoa,,,Myxomycetes,,,Liceales,,,Tubiferaceae,,,not in CDC records,new 2019,documented,,,,,,43598,nicolarammell,https://www.inaturalist.org/observations/25147282,,145366
Badhamia utricularis,(Bull.) Berk.,,Protozoa/Protista,Mycetozoa,,,Myxomycetes,,,Physarales,,,Physaraceae,,,not in CDC records,new 2018,documented,,,,,,43449,benkeen,https://www.inaturalist.org/observations/19038130,,56264
Fuligo septica,(L.) F. H. Wigg.,Dog Vomit Slime Mould,Protozoa/Protista,Mycetozoa,,,Myxomycetes,,,Physarales,,,Physaraceae,,,not in CDC records,new 2018,documented,,,,,,43278,carl1986,https://www.inaturalist.org/observations/13860636,,55483
Leocarpus sp.,(L.) Fr. ,,Protozoa/Protista,Mycetozoa,,,Myxomycetes,,,Physarales,,,Physaraceae,,,not in CDC records,new 2020,documented,,,,,,43995,rachelshephard,https://www.inaturalist.org/observations/49574007,,56274
Mucilago crustacea,P. Micheli ex F.H. Wigg,Dog Sick Slime Mould,Protozoa/Protista,Mycetozoa,,,Myxomycetes,,,Physarales,,,Didymiaceae,,,not in CDC records,new 2019,documented,,,,,,43569,benkeen,https://www.inaturalist.org/observations/22489593,,63041
Physarum leucopus,Link.,,Protozoa/Protista,Mycetozoa,,,Myxomycetes,,,Physarales,,,Physaraceae,,,not in CDC records,new 2020,documented,,,,,,44000,ryan_durand,https://www.inaturalist.org/observations/50723177,,383662
Physarum viride,(Bull.) Pers.,,Protozoa/Protista,Mycetozoa,,,Myxomycetes,,,Physarales,,,Physaraceae,,,not in CDC records,new 2020,documented,,,,,,43999,ryan_durand,https://www.inaturalist.org/observations/50369638,,383670
Stemonitis splendens,Gled.,chocolate tube slime,Protozoa/Protista,Mycetozoa,,,Myxomycetes,,,Stemonitales,,,Stemonitidaceae,,,not in CDC records,new 2020,documented,,,,,,43975,nicolarammell,https://www.inaturalist.org/observations/47559538,,53838
Arcyria cinerea,(Bull.) Pers.,White Carnival Candy Slime Mold,Protozoa/Protista,Mycetozoa,,,Myxomycetes,,,Trichiales,,,Arcyriaceae,,,not in CDC records,new 2020,documented,,,,,,44000,ryan_durand,https://www.inaturalist.org/observations/50724879,,56258
Arcyria denudata,(L.) Wettst,carnival candy slime mold,Protozoa/Protista,Mycetozoa,,,Myxomycetes,,,Trichiales,,,Arcyriaceae,,,not in CDC records,new 2019,documented,,,,,,43743,benkeen,https://www.inaturalist.org/observations/33917107,,56262
Arcyria stipata,(Schwein) Lister ,,Protozoa/Protista,Mycetozoa,,,Myxomycetes,,,Trichiales,,,Arcyriaceae,,,not in CDC records,new 2019,documented,,,,,,43750,benkeen,https://www.inaturalist.org/observations/34273553,,565889
Trichia decipiens,(Pers.) T. Macbr.,salmon-eggs,Protozoa/Protista,Mycetozoa,,,Myxomycetes,,,Trichiales,,,Trichiaceae,,,not in CDC records,new 2019,documented,,,,,,43660,laijasmine,https://www.inaturalist.org/observations/29641175,,56275
