CatalogueNumber,ItemName,ScientificName,Phylum,Class,Order,Family,Genus,Species,Subspecies,TaxonCode,Synonyms,Identifier,IDDate,CDC,Quantity,SpecimenNature,Collector,CollectionDate,FieldEventCode,DepthBelowSurface_Min,DepthBelowSurface_Max,DepthBelowSurface_Unit,Eco_GenHabitat,Terrestrial_Aquatic,HabitatGrossCover,HabitatRemarks,Substrate,Vegetation,Country,Prov_State,LocationName,LocationDescription,LocationRemarks,Latitude,Longitude,Approximate,UTMZone,UTMNorthing,UTMEasting,Elevation,Continent,District,WaterBody,MuseumCollection,CurrentLocation,SpecimenType,SpecimenNotes,ContainerType,Preservative,Fixative,Prefixative,PreparationNotes,PreparatorNotes,RegistrationNo,TSRNo,Cataloguer,CatalogueDate,LastModifiedBy,LastModifiedDate,Restriction
002-00070-001,Lepidozona mertensii,Lepidozona mertensii,Mollusca,Polyplacophora,Neoloricata,Ischnochitonidae,Lepidozona,mertensii,,29-1-4,, Robert Forsyth,,,1,Dry, Robert Forsyth; Tammy Forsyth,1995-01-17,95-002,,11.5800,m,,marine,,,rocks,,Canada,British Columbia,Mayne Island; Georgina Point,E of Georgina Point; off reef off Oyster Bay,,48.8738888888889,-123.318611111111,False,,,,,North America,Gulf Islands,Strait of Georgia,Robert Forsyth Collection,T.00.018.INVT,,,Box,,,,,,,,Nathan Pelletier,2003-02-10,,,
002-00070-002,Lepidozona interstincta,Lepidozona interstincta,Mollusca,Polyplacophora,Neoloricata,Ischnochitonidae,Lepidozona,interstincta,,29-1-4," Ischnochiton interstinctus Gould, 1846", Robert Forsyth,,,1,Dry, Robert Forsyth; Tammy Forsyth,1995-01-17,95-002,,11.5800,m,,marine,,,rocks,,Canada,British Columbia,Mayne Island; Georgina Point,E of Georgina Point; off reef off Oyster Bay,,48.8738888888889,-123.318611111111,False,,,,,North America,Gulf Islands,Strait of Georgia,Robert Forsyth Collection,T.00.018.INVT,,,Box,,,,,,,,Nathan Pelletier,2003-02-10,,,
002-00070-003,Tonicella lineata,Tonicella lineata,Mollusca,Polyplacophora,Neoloricata,Tonicellidae,Tonicella,lineata,,29-1-1,, Robert Forsyth,,,6,Dry, Robert Forsyth; Tammy Forsyth,1995-01-17,95-002,,11.5800,m,,marine,,,rocks,,Canada,British Columbia,Mayne Island; Georgina Point,E of Georgina Point; off reef off Oyster Bay,,48.8738888888889,-123.318611111111,False,,,,,North America,Gulf Islands,Strait of Georgia,Robert Forsyth Collection,T.00.018.INVT,,,Box,,,,,,,,Nathan Pelletier,2003-02-10,,,
009-00308-001,Florometra serratissima,Florometra serratissima,Echinodermata,Crinoidea,Comatulida,Antedonidae,Florometra,serratissima,,42-1-11," Florometra perplexa (A. H. Clark, 1907)", Philip Lambert,2013-10-10,,many,Wet, Dan Quayle,1960-06-21,,,32.0000,fms,,marine,,,,,Canada,British Columbia,Porlier Pass,,"April 16, 2015",49.0130555555556,-123.590833333333,True,,,,,North America,Gulf Islands,Strait of Georgia,Bill Austin Echinoderms,T.00.018.INVT-BIN.1240B,,,Jar,Isopropanol - 60%,,,,,R0217.1,6839,Kristen Harrison,2009-01-14,Melissa Frey,2/22/2015 3:17:32 PM,
015-00030-001,Eusergestes similis,Eusergestes similis,Arthropoda,Malacostraca,Decapoda,Sergestidae,Eusergestes,similis,,25-6-10-2," Sergestes affinis Hansen, 1919; Sergestes laeviventralis Spence Bate, 1888; Sergestes longicaudatus Stimpson, 1860a; Sergestes nasidentatus Spence Bate, 1888; Sergestes similis Hansen, 1903",,,,5,Wet, W. Barraclough,1965-01-29,tow #38,,68.0000,fms,,marine,,,,,Canada,British Columbia,Porlier Pass,off Porlier Pass,,49.0166666666667,-123.566666666667,False,,,,,North America,Gulf Islands,Strait of Georgia,Butler Shrimp Collection,T.00.018.INVT-BIN.523,,,Jar,Ethanol - 70%,,,,,R1182.1,5215,Heidi Gartner,2015-01-21,Rafaela Mendes,7/30/2015 11:22:40 AM,
015-00100-001,Metacrangon munita,Metacrangon munita,Arthropoda,Malacostraca,Decapoda,Crangonidae,Metacrangon,munita,,25-6-10-6, Crangon munita,,,,2,Wet, Dan Quayle,1963-06-17,FRB 63-39,,,,,marine,,,,,Canada,British Columbia,Porlier Pass,,"April 16, 2015",49.0130555555556,-123.590833333333,True,,,,,North America,Gulf Islands,Strait of Georgia,Butler Shrimp Collection,,,,Vial,Ethanol - 70%,,,,,R1182.1,5215,Heidi Gartner,2015-03-17,Heidi Gartner,3/17/2015 3:10:57 PM,
015-00224-001,Metacrangon munita,Metacrangon munita,Arthropoda,Malacostraca,Decapoda,Crangonidae,Metacrangon,munita,,25-6-10-6, Crangon munita,,,,2,Wet,,1928-07-18,,,25.0000,fms,,marine,,,,,Canada,British Columbia,Porlier Pass,,"April 16, 2015",49.0130555555556,-123.590833333333,True,,,,,North America,Gulf Islands,Strait of Georgia,Butler Shrimp Collection,,,,Vial,Ethanol - 70%,,,,,R1182.1,5215,Heidi Gartner,2015-04-16,Heidi Gartner,4/16/2015 12:59:58 PM,
016-00066-001,Aphrocallistes vastus,Aphrocallistes vastus,Porifera,Hexactinellida,Hexactinosida,Aphrocallistidae,Aphrocallistes,vastus,,3-2-1," Aphrocallistes whiteavesianus Lambe, 1892",,,,Col,Dry, Jackson Chu,2011-10-30,ROPOS Dive R1506,,97.3000,m,,marine,,,,,Canada,British Columbia,Galiano Island,Galiano Glass Sponge Reef,,48.910605,-123.325231111111,False,,,,,North America,Gulf Islands,Strait of Georgia,,T.00.018.INVT-DRY.oversize,,"encrusted with Desmacella austini; one large intact section, two smaller ones, and some fragments",Box,,,,,,R2207.1,8146,Heidi Gartner,2016-06-14,Heidi Gartner,8/2/2016 10:24:44 AM,
016-00066-002,Aphrocallistes vastus,Aphrocallistes vastus,Porifera,Hexactinellida,Hexactinosida,Aphrocallistidae,Aphrocallistes,vastus,,3-2-1," Aphrocallistes whiteavesianus Lambe, 1892",,,,Col,Dry, Jackson Chu,2011-10-30,ROPOS Dive R1506,,97.3000,m,,marine,,,,,Canada,British Columbia,Galiano Island,Galiano Glass Sponge Reef,,48.910605,-123.325231111111,False,,,,,North America,Gulf Islands,Strait of Georgia,,T.00.018.INVT-DRY.1.3,,fragments,Durphy box - M,,,,,,R2207.1,8146,Heidi Gartner,2016-06-14,Heidi Gartner,8/2/2016 10:25:11 AM,
973-00137-001,,,Cnidaria,,,,,,,4,,,,,,Wet, Philip Lambert,1973-06-14,L73-35,,50.0000,ft,,marine,,[Maximum Depth Below Surface: <50],boulders; shell sand patches,,Canada,British Columbia,Galiano Island; Montague Harbour; Charles Island,west side of Charles Island; near Montague Harbour,,48.9,-123.433333333333,False,,,,,North America,Gulf Islands,Strait of Georgia,,T.00.018.INVT,,,,,,,,,,,,2004-04-08,,,
973-00137-002,,,Cnidaria,,,,,,,4,,,,,,Wet, Philip Lambert,1973-06-14,L73-35,,50.0000,ft,,marine,,[Maximum Depth Below Surface: <50],boulders; shell sand patches,,Canada,British Columbia,Galiano Island; Montague Harbour; Charles Island,west side of Charles Island; near Montague Harbour,,48.9,-123.433333333333,False,,,,,North America,Gulf Islands,Strait of Georgia,,T.00.018.INVT,,,,,,,,,,,,2004-04-08,,,
973-00137-003,Myxilla incrustans,Myxilla incrustans,Porifera,Demospongiae,Poecilosclerida,Myxillidae,Myxilla,incrustans,,3-3-2-3," Myxilla barentsi Lambe, 1895; Myxilla behringensis Lambe, 1895; Myxilla rosacea Lambe, 1893", C. Smecher,1976-01-26,,1,Wet, Philip Lambert,1973-06-14,L73-35,,50.0000,ft,,marine,,[Maximum Depth Below Surface: <50],boulders; shell sand patches,,Canada,British Columbia,Galiano Island; Montague Harbour; Charles Island,west side of Charles Island; near Montague Harbour,,48.9,-123.433333333333,False,,,,,North America,Gulf Islands,Strait of Georgia,,T.00.018.INVT-BIN.40,,,,Isopropanol - 60%,,,,,,,Christina Ball,2009-04-21,,,
973-00137-004,Tonicella insignis,Tonicella insignis,Mollusca,Polyplacophora,Neoloricata,Tonicellidae,Tonicella,insignis,,29-1-1,,,,,2,Wet, Philip Lambert,1973-06-14,L73-35,,50.0000,ft,,marine,,[Maximum Depth Below Surface: <50],boulders; shell sand patches,,Canada,British Columbia,Galiano Island; Montague Harbour; Charles Island,west side of Charles Island; near Montague Harbour,,48.9,-123.433333333333,False,,,,,North America,Gulf Islands,Strait of Georgia,,T.00.018.INVT,,,,,,,,,,,,2004-04-08,,,
973-00137-005,Lepidozona,Lepidozona,Mollusca,Polyplacophora,Neoloricata,Ischnochitonidae,Lepidozona,,,29-1-4," Lepidozona Pilsbry, 1892", Julia Sigwart,2012-06-09,,1,Wet, Philip Lambert,1973-06-14,L73-35,,50.0000,ft,,marine,,[Maximum Depth Below Surface: <50],boulders; shell sand patches,,Canada,British Columbia,Galiano Island; Montague Harbour; Charles Island,west side of Charles Island; near Montague Harbour,,48.9,-123.433333333333,False,,,,,North America,Gulf Islands,Strait of Georgia,,T.00.018.INVT-BIN.761b,,,,,,,,,,,,2004-04-08,,,
973-00137-006,Tonicella,Tonicella,Mollusca,Polyplacophora,Neoloricata,Tonicellidae,Tonicella,,,,,,,,1,Wet, Philip Lambert,1973-06-14,L73-35,,50.0000,ft,,marine,,[Maximum Depth Below Surface: <50],boulders; shell sand patches,,Canada,British Columbia,Galiano Island; Montague Harbour; Charles Island,west side of Charles Island; near Montague Harbour,,48.9,-123.433333333333,False,,,,,North America,Gulf Islands,Strait of Georgia,,T.00.018.INVT,,,,,,,,,,,,2004-04-08,,,
973-00137-007,,,Chordata,Ascidiacea,Aplousobranchia,Polyclinidae,,,,45-1-1-2," Synoicidae Hartmeyer, 1908",,,,,Wet, Philip Lambert,1973-06-14,L73-35,,50.0000,ft,,marine,,[Maximum Depth Below Surface: <50],boulders; shell sand patches,,Canada,British Columbia,Galiano Island; Montague Harbour; Charles Island,west side of Charles Island; near Montague Harbour,,48.9,-123.433333333333,False,,,,,North America,Gulf Islands,Strait of Georgia,,T.00.018.INVT-BIN.1253,,,Jar,Isopropanol - 60%,,,,,,,,2004-04-08,,,
973-00137-008,Halocynthia aurantium,Halocynthia aurantium,Chordata,Ascidiacea,Stolidobranchia,Pyuridae,Halocynthia,aurantium,,45-1-2-2," Ascidia aurantium Pallas, 1787; Tethyum aurantium (Pallas, 1787)", Philip Lambert,1978-06-01,,4,Wet, Philip Lambert,1973-06-14,L73-35,,50.0000,ft,,marine,,[Maximum Depth Below Surface: <50],boulders; shell sand patches,,Canada,British Columbia,Galiano Island; Montague Harbour; Charles Island,west side of Charles Island; near Montague Harbour,,48.9,-123.433333333333,False,,,,,North America,Gulf Islands,Strait of Georgia,,T.00.018.INVT-BIN.1268,,,Jar,Isopropanol - 60%,,,,,,,,2004-04-08,Rafaela Mendes,7/15/2015 4:21:16 PM,
973-00137-009,Ophiura lutkeni,Ophiura lutkeni,Echinodermata,Ophiuroidea,Ophiurida,Ophiuridae,Ophiura,lutkeni,,39-1-11,, Philip Lambert,1979-03-01,,1,Wet, Philip Lambert,1973-06-14,L73-35,,50.0000,ft,,marine,,[Maximum Depth Below Surface: <50],boulders; shell sand patches,,Canada,British Columbia,Galiano Island; Montague Harbour; Charles Island,west side of Charles Island; near Montague Harbour,,48.9,-123.433333333333,False,,,,,North America,Gulf Islands,Strait of Georgia,,T.00.018.INVT-BIN.1145a,,,,Isopropanol - 60%,,,,,,,,2004-04-08,,,
973-00137-010,Crossaster papposus,Crossaster papposus,Echinodermata,Asteroidea,Spinulosida,Solasteridae,Crossaster,papposus,,38-2-7," Solaster papposus (Linnaeus, 1767)", Philip Lambert,,,1,Wet, Philip Lambert,1973-06-14,L73-35,,50.0000,ft,,marine,,[Maximum Depth Below Surface: <50],boulders; shell sand patches,,Canada,British Columbia,Galiano Island; Montague Harbour; Charles Island,west side of Charles Island; near Montague Harbour,,48.9,-123.433333333333,False,,,,,North America,Gulf Islands,Strait of Georgia,,T.00.018.INVT-BIN.1101,,,,Isopropanol - 60%,,,,,,,,2004-04-08,,,
973-00137-019,Metacarcinus gracilis,Metacarcinus gracilis,Arthropoda,Malacostraca,Decapoda,Cancridae,Metacarcinus,gracilis,,25-6-11-12b," Cancer gracilis Dana, 1852",,,,1,Dry, Philip Lambert,1973-06-14,L73-35,,50.0000,ft,,marine,,[Maximum Depth Below Surface: <50],boulders; shell sand patches,,Canada,British Columbia,Galiano Island; Montague Harbour; Charles Island,west side of Charles Island; near Montague Harbour,,48.9,-123.433333333333,False,,,,,North America,Gulf Islands,Strait of Georgia,,T.00.018.INVT,,,,,,,,,,,,2004-04-08,Heidi Gartner,9/13/2018 10:05:58 AM,
974-00265-001,Aphrodita negligens,Aphrodita negligens,Annelida,Polychaeta,Aciculata,Aphroditidae,Aphrodita,negligens,,17-1,,,,,1,Wet,,1914-06-26,,10.0000,15.0000,fms,,marine,,,,,Canada,British Columbia,Porlier Pass,,,49.0166666666667,-123.583333333333,False,,,,,North America,,Strait of Georgia,Berkeley,T.00.018.INVT-BIN.200b,,,Jar,Isopropanol - 60%,,,,,,,,2004-04-08,,,
975-00224-001,Nassarius,Nassarius,Mollusca,Gastropoda,Neogastropoda,Nassariidae,Nassarius,,,," Ilyanassa Stimpson, 1865",,,,12,Wet, Philip Lambert,1975-06-17,L75-13,,40.0000,ft,,marine,,[Maximum Depth Below Surface: <40],mud,eelgrass,Canada,British Columbia,Galiano Island; Montague Harbour,north west side of Grey Peninsula,,48.9016666666667,-123.408333333333,False,,,,,North America,Gulf Islands,Strait of Georgia,,T.00.018.INVT,,,,,,,,,,,,2004-04-08,,,
975-00224-002,Amphissa,Amphissa,Mollusca,Gastropoda,Neogastropoda,Columbellidae,Amphissa,,,,,,,,9,Wet, Philip Lambert,1975-06-17,L75-13,,40.0000,ft,,marine,,[Maximum Depth Below Surface: <40],mud,eelgrass,Canada,British Columbia,Galiano Island; Montague Harbour,north west side of Grey Peninsula,,48.9016666666667,-123.408333333333,False,,,,,North America,Gulf Islands,Strait of Georgia,,T.00.018.INVT,,,,,,,,,,,,2004-04-08,,,
975-00224-003,Armina californica,Armina californica,Mollusca,Gastropoda,Nudibranchia,Arminidae,Armina,californica,,30-2-9-3(a),,,,,1,Wet, Philip Lambert,1975-06-17,L75-13,,40.0000,ft,,marine,,[Maximum Depth Below Surface: <40],mud,eelgrass,Canada,British Columbia,Galiano Island; Montague Harbour,north west side of Grey Peninsula,,48.9016666666667,-123.408333333333,False,,,,,North America,Gulf Islands,Strait of Georgia,,T.00.018.INVT,,,,,,,,,,,,2004-04-08,,,
975-00224-004,Aglaja diomedea,Aglaja diomedea,Mollusca,Gastropoda,Cephalaspidea,Aglajidae,Aglaja,diomedea,,30-2-2-3,,,,,,Wet, Philip Lambert,1975-06-17,L75-13,,40.0000,ft,,marine,,[Maximum Depth Below Surface: <40],mud,eelgrass,Canada,British Columbia,Galiano Island; Montague Harbour,north west side of Grey Peninsula,,48.9016666666667,-123.408333333333,False,,,,,North America,Gulf Islands,Strait of Georgia,,T.00.018.INVT,,,,,,,,,,,,2004-04-08,,,
975-00224-005,Antiopella,Antiopella,Mollusca,Gastropoda,Nudibranchia,Antiopellidae,Antiopella,,,,,,,,,, Philip Lambert,1975-06-17,L75-13,,40.0000,ft,,marine,,[Maximum Depth Below Surface: <40],mud,eelgrass,Canada,British Columbia,Galiano Island; Montague Harbour,north west side of Grey Peninsula,,48.9016666666667,-123.408333333333,False,,,,,North America,Gulf Islands,Strait of Georgia,,T.00.018.INVT,,,,,,,,,,,,2004-04-08,,,
975-00224-006,Cumanotus fernaldi,Cumanotus fernaldi,Mollusca,Gastropoda,Nudibranchia,Eubranchidae,Cumanotus,fernaldi,,30-2-9-4(b),, Sandra Millen,1996-05-05,,1,Wet, Philip Lambert,1975-06-17,L75-13,,40.0000,ft,,marine,,[Maximum Depth Below Surface: <40],mud,eelgrass,Canada,British Columbia,Galiano Island; Montague Harbour,north west side of Grey Peninsula,,48.9016666666667,-123.408333333333,False,,,,,North America,Gulf Islands,Strait of Georgia,,T.00.018.INVT,,,,Isopropanol - 60%,,,,,,,,2004-04-08,,,
975-00224-007,Diamphiodia periercta,Diamphiodia periercta,Echinodermata,Ophiuroidea,Ophiurida,Amphiuridae,Diamphiodia,periercta,,39-1-4,, Philip Lambert,1979-06-01,,1,Wet, Philip Lambert,1975-06-17,L75-13,,40.0000,ft,,marine,,[Maximum Depth Below Surface: <40],mud,eelgrass,Canada,British Columbia,Galiano Island; Montague Harbour,north west side of Grey Peninsula,,48.9016666666667,-123.408333333333,False,,,,,North America,Gulf Islands,Strait of Georgia,,T.00.018.INVT-BIN.1136,,,,Isopropanol - 60%,,,,,,,,2004-04-08,,,
975-00224-008,,,Chordata,Thaliacea,,,,,,45-2,,,,,2,Wet, Philip Lambert,1975-06-17,L75-13,,40.0000,ft,,marine,,[Maximum Depth Below Surface: <40],mud,eelgrass,Canada,British Columbia,Galiano Island; Montague Harbour,north west side of Grey Peninsula,,48.9016666666667,-123.408333333333,False,,,,,North America,Gulf Islands,Strait of Georgia,,T.00.018.INVT-BIN.1273,,,Jar,Isopropanol - 60%,,,,,,,,2004-04-08,,,
975-00227-001,Arctonoe fragilis,Arctonoe fragilis,Annelida,Polychaeta,Aciculata,Polynoidae,Arctonoe,fragilis,,17-3," Lepidonotus fragilis Baird, 1863",,,,1,Wet, T. Kessler,1975-06-18,L75-15,,40.0000,ft,,marine,,[Maximum Depth Below Surface: <40],rock; shell,,Canada,British Columbia,Sphinx Island,,,48.895,-123.431666666667,False,,,,,North America,Gulf Islands,Strait of Georgia,,T.00.018.INVT-BIN.202,,,Vial,Isopropanol - 60%,,,,,,,,2004-04-08,,,
975-00227-002,Arctonoe vittata,Arctonoe vittata,Annelida,Polychaeta,Aciculata,Polynoidae,Arctonoe,vittata,,17-3," Polynoe vittata Grube, 1955",,,,2,Wet, T. Kessler,1975-06-18,L75-15,,40.0000,ft,,marine,,[Maximum Depth Below Surface: <40],rock; shell,,Canada,British Columbia,Sphinx Island,,,48.895,-123.431666666667,False,,,,,North America,Gulf Islands,Strait of Georgia,,T.00.018.INVT-BIN.203,,,Vial,Isopropanol - 60%,,,,,,,,2004-04-08,,,
975-00227-003,Arctonoe pulchra,Arctonoe pulchra,Annelida,Polychaeta,Aciculata,Polynoidae,Arctonoe,pulchra,,17-3," Polynoe pulchra Johnson, 1897",,,,1,Wet, T. Kessler,1975-06-18,L75-15,,40.0000,ft,,marine,,[Maximum Depth Below Surface: <40],rock; shell,,Canada,British Columbia,Sphinx Island,,,48.895,-123.431666666667,False,,,,,North America,Gulf Islands,Strait of Georgia,,T.00.018.INVT-BIN.202,,,Vial,Isopropanol - 60%,,,,,,,,2004-04-08,,,
976-01146-002,Photis brevipes,Photis brevipes,Arthropoda,Malacostraca,Amphipoda,Isaeidae,Photis,brevipes,,25-6-4-5-19-2,,,,,,Wet,,1961-06-22,,,,,,marine,,,,,Canada,British Columbia,Porlier Pass,,,49.0116666666667,-123.588333333333,False,,,,,North America,,Strait of Georgia,,T.00.018.INVT,,,,,,,,,,,,2004-04-08,,,
976-01146-004,Euspira lewisii,Euspira lewisii,Mollusca,Gastropoda,Mesogastropoda,Naticidae,Euspira,lewisii,,30-1-42," Natica lewisii Gould, 1847; Polinices lewisii", Ian McTaggart-Cowan,1961-12-01,,4,Wet,,1961-06-23,,,,,,marine,,,,,Canada,British Columbia,Porlier Pass,,,49.0116666666667,-123.588333333333,False,,,,,North America,,Strait of Georgia,,T.00.018.INVT,,prev. ID Polinices lewisii,,Isopropanol - 60%,,,,,,,,2004-04-08,,,
976-01146-005,Dentalium rectius,Dentalium rectius,Mollusca,Scaphopoda,Dentaliida,Dentaliidae,Dentalium,rectius,,31,,,,,12,Wet,,1961-06-22,,,,,,marine,,,,,Canada,British Columbia,Porlier Pass,,,49.0116666666667,-123.588333333333,False,,,,,North America,,Strait of Georgia,,T.00.018.INVT,,,,Isopropanol - 60%,,,,,,,,2004-04-08,,,
976-01146-006,Compsomyax subdiaphana,Compsomyax subdiaphana,Mollusca,Bivalvia,Veneroida,Veneridae,Compsomyax,subdiaphana,,32-4-1-13,,,,,,Wet,,1961-06-22,,,,,,marine,,,,,Canada,British Columbia,Porlier Pass,,,49.0116666666667,-123.588333333333,False,,,,,North America,,Strait of Georgia,,T.00.018.INVT,,,,,,,,,,,,2004-04-08,,,
976-01146-007,Compsomyax subdiaphara,Compsomyax subdiaphara,Mollusca,Bivalvia,Veneroida,Veneridae,Compsomyax,subdiaphara,,,,,,,,Wet,,1961-06-22,,,,,,marine,,,,,Canada,British Columbia,Porlier Pass,,,49.0116666666667,-123.588333333333,False,,,,,North America,,Strait of Georgia,,T.00.018.INVT,,,,,,,,,,,,2004-04-08,,,
976-01146-008,Macoma calcarea,Macoma calcarea,Mollusca,Bivalvia,Veneroida,Tellinidae,Macoma,calcarea,,32-4-1-15,,,,,,Wet,,1961-06-22,,,,,,marine,,,,,Canada,British Columbia,Porlier Pass,,,49.0116666666667,-123.588333333333,False,,,,,North America,,Strait of Georgia,,T.00.018.INVT,,,,,,,,,,,,2004-04-08,,,
976-01146-009,Macoma inflatula,Macoma inflatula,Mollusca,Bivalvia,Veneroida,Tellinidae,Macoma,inflatula,,32-4-1-15,,,,,21,Wet,,1961-06-22,,,,,,marine,,,,,Canada,British Columbia,Porlier Pass,,,49.0116666666667,-123.588333333333,False,,,,,North America,,Strait of Georgia,,T.00.018.INVT,,,,,,,,,,,,2004-04-08,,,
976-01146-010,Patiria miniata,Patiria miniata,Echinodermata,Asteroidea,Spinulosida,Asterinidae,Patiria,miniata,,38-2-2," Asterias miniata Brandt, 1835; Asterina minuta Sladen, 1889", Philip Lambert,1977-10-04,,7,Wet,,,,,30.0000,fms,,marine,,,mud,,Canada,British Columbia,Porlier Pass,,,49.0116666666667,-123.588333333333,False,,,,,North America,,Strait of Georgia,,T.00.018.INVT-BIN.1094b,,,Jar,Isopropanol - 60%,,,,,,,,2004-04-08,Heidi Gartner,10/21/2019 12:05:31 PM,
976-01146-011,Crossaster papposus,Crossaster papposus,Echinodermata,Asteroidea,Spinulosida,Solasteridae,Crossaster,papposus,,38-2-7," Solaster papposus (Linnaeus, 1767)", Philip Lambert,1977-10-04,,4,Wet,,,,,30.0000,fms,,marine,,,,,Canada,British Columbia,Porlier Pass,,,49.0116666666667,-123.588333333333,False,,,,,North America,,Strait of Georgia,,T.00.018.INVT-BIN.1102,,,,Isopropanol - 60%,,,,,,,,2004-04-08,,,
976-01146-012,Solaster dawsoni,Solaster dawsoni,Echinodermata,Asteroidea,Spinulosida,Solasteridae,Solaster,dawsoni,,38-2-7,, Philip Lambert,1977-10-13,,1,Wet,,,,,30.0000,fms,,marine,,,,,Canada,British Columbia,Porlier Pass,,,49.0116666666667,-123.588333333333,False,,,,,North America,,Strait of Georgia,,T.00.018.INVT-BIN.1106a,,collected possibly 1961,,Isopropanol - 60%,,,,,,,,2004-04-08,Cole Bodin,12/17/2014 2:30:18 PM,
976-01146-013,Crossaster papposus,Crossaster papposus,Echinodermata,Asteroidea,Spinulosida,Solasteridae,Crossaster,papposus,,38-2-7," Solaster papposus (Linnaeus, 1767)", Philip Lambert,1977-10-04,,1,Wet,,,,,30.0000,fms,,marine,,,,,Canada,British Columbia,Porlier Pass,,,49.0116666666667,-123.588333333333,False,,,,,North America,,Strait of Georgia,,T.00.018.INVT-BIN.1102,,,,,,,,,,,,2004-04-08,,,
976-01146-014,Dendraster excentricus,Dendraster excentricus,Echinodermata,Echinoidea,Clypeastroida,Scutellidae,Dendraster,excentricus,,40-2-3-5,, Philip Lambert,2000-01-26,,2,Wet,,1964-12-07,,,,,,marine,,,,,Canada,British Columbia,Porlier Pass,,,49.0116666666667,-123.588333333333,False,,,,,North America,,Strait of Georgia,,T.00.018.INVT-BIN.1166,,,,Isopropanol - 60%,,,,,,,,2004-04-08,,,
976-01146-015,Ptilosarcus gurneyi,Ptilosarcus gurneyi,Cnidaria,Anthozoa,Pennatulacea,Pennatulidae,Ptilosarcus,gurneyi,,4-3-1-6-7,, Gordon Green,1981-03-01,,2,Wet,,1923-06-18,,,,,,marine,,,,,Canada,British Columbia,Porlier Pass,,,49.0116666666667,-123.588333333333,False,,,,,North America,,Strait of Georgia,,T.00.018.INVT-BIN.127,,,Jar,Isopropanol - 60%,,,,,,,,2004-04-08,,,
976-01146-017,Ampelisca lobata,Ampelisca lobata,Arthropoda,Malacostraca,Amphipoda,Ampeliscidae,Ampelisca,lobata,,25-6-4-5-13-1, Ampelisca articulata,,,,1,Wet,,1961-06-22,,,,,,marine,,,,,Canada,British Columbia,Porlier Pass,,,49.0116666666667,-123.588333333333,False,,,,,North America,,Strait of Georgia,,T.00.018.INVT,,,,,,,,,,,,2004-04-08,,,
976-01146-018,Ampelisca hancocki,Ampelisca hancocki,Arthropoda,Malacostraca,Amphipoda,Ampeliscidae,Ampelisca,hancocki,,25-6-4-5-13-1,,,,,1,Wet,,1961-06-22,,,,,,marine,,,,,Canada,British Columbia,Porlier Pass,,,49.0116666666667,-123.588333333333,False,,,,,North America,,Strait of Georgia,,T.00.018.INVT,,,,,,,,,,,,2004-04-08,,,
976-01146-019,Ampelisca unsocalae,Ampelisca unsocalae,Arthropoda,Malacostraca,Amphipoda,Ampeliscidae,Ampelisca,unsocalae,,25-6-4-5-13-1,,,,,,Wet,,1961-06-22,,,,,,marine,,,,,Canada,British Columbia,Porlier Pass,,,49.0116666666667,-123.588333333333,False,,,,,North America,,Strait of Georgia,,T.00.018.INVT,,,,,,,,,,,,2004-04-08,,,
976-01171-001,,,Cnidaria,,,,,,,4,,,,,1,Wet,,1948-06-05,,,,,,marine,,,,,Canada,British Columbia,Galiano Island; Retreat Cove,,,48.9333333333333,-123.5,False,,,,,North America,Gulf Islands,Strait of Georgia,,T.00.018.INVT-BIN.48,,Small Medusa.,Jar,Isopropanol - 60%,,,,,,,,2004-04-08,,,
976-01171-002,,,Cnidaria,,,,,,,4,,,,,3,Wet,,1948-06-05,,,,,,marine,,,,,Canada,British Columbia,Galiano Island; Retreat Cove,,,48.9333333333333,-123.5,False,,,,,North America,Gulf Islands,Strait of Georgia,,T.00.018.INVT-BIN.48,,Small Medusa.,Jar,Isopropanol - 60%,,,,,,,,2004-04-08,,,
976-01171-003,,,Cnidaria,,,,,,,4,,,,,3,Wet,,1948-06-01,,,,,,marine,,,,,Canada,British Columbia,Galiano Island; Retreat Cove,,,48.9333333333333,-123.5,False,,,,,North America,Gulf Islands,Strait of Georgia,,T.00.018.INVT-BIN.48,,Two large and one small medusa.,Jar,Isopropanol - 60%,,,,,,,,2004-04-08,,,
976-01171-004,,,Cnidaria,Hydrozoa,,,,,,4-1, Leptolida,,,,4,Wet,,1948-06-05,,,,,,marine,,,,,Canada,British Columbia,Galiano Island; Retreat Cove,,,48.9333333333333,-123.5,False,,,,,North America,Gulf Islands,Strait of Georgia,,T.00.018.INVT,,,,,,,,,,,,2004-04-08,,,
976-01171-005,Hemigrapsus nudus,Hemigrapsus nudus,Arthropoda,Malacostraca,Decapoda,Varunidae,Hemigrapsus,nudus,,25-6-11-13d,,,,,1,,,1948-06-05,,,,,,marine,,,,,Canada,British Columbia,Galiano Island; Retreat Cove,,,48.9333333333333,-123.5,False,,,,,North America,Gulf Islands,Strait of Georgia,,T.00.018.INVT,,,,,,,,,,,,2004-04-08,Heidi Gartner,9/19/2019 1:28:09 PM,
976-01171-006,Plankton,,,,,,,,,,,,,,,Wet,,1948-06-05,,,,,,marine,,,,,Canada,British Columbia,Galiano Island; Retreat Cove,,,48.9333333333333,-123.5,False,,,,,North America,Gulf Islands,Strait of Georgia,,T.00.018.INVT,,Marine Plankton,,,,,,,,,,2004-04-08,Heidi Gartner,9/5/2019 3:45:52 PM,
976-01171-007,,,Cnidaria,,,,,,,4,,,,,,Wet,,1948-06-05,,,,,,marine,,,,,Canada,British Columbia,Galiano Island; Retreat Cove,,,48.9333333333333,-123.5,False,,,,,North America,Gulf Islands,Strait of Georgia,,T.00.018.INVT,,,,,,,,,,,,2004-04-08,,,
977-00454-001,Luidia foliolata,Luidia foliolata,Echinodermata,Asteroidea,Paxillosida,Luidiidae,Luidia,foliolata,,38-1-4," Petalaster foliolata (Grube, 1866)", Philip Lambert,1975-10-28,,3,Dry, Dan Quayle,1959-12-11,,,30.0000,fms,,marine,,,,,Canada,British Columbia,Trincomali Channel; Walker Rock,between Galiano and Saltspring Islands,,48.925,-123.495,False,,,,,North America,Gulf Islands,Strait of Georgia,,T.00.018.INVT-DRY.38.2,,,Box,,,,"One specimen boxed with 976-01072-005, one specimen boxed with 976-01078-018",,,,,2004-04-08,,,
978-00056-001,Berryteuthis magister,Berryteuthis magister,Mollusca,Cephalopoda,Teuthida,Gonatidae,Berryteuthis,magister,,33-3-1-11," Gonatus magister Berry, 1913; Gonatus magister S. S. Berry, 1913; Gonatus septemdentatus Sasaki, 1915",,,,4,Wet, W. Barraclough,1965-01-29,,106.0700,106.0700,m,,marine,,,,,Canada,British Columbia,Porlier Pass,,,49.0116666666667,-123.588333333333,False,,,,,North America,Gulf Islands,Strait of Georgia,,T.00.018.INVT-BIN.1038b,,,,,,,,,,,,2004-04-08,,,
978-00057-001,Pandalus borealis,Pandalus borealis,Arthropoda,Malacostraca,Decapoda,Pandalidae,Pandalus,borealis,,25-6-10-5,, Gordon Green,1978-03-07,,2,Wet, W. Barraclough,1956-01-29,Tow#38 FRB,,68.0000,fms,,marine,,,,,Canada,British Columbia,Porlier Pass,,,49.0116666666667,-123.588333333333,False,,,,,North America,Gulf Islands,Strait of Georgia,,T.00.018.INVT-BIN.552,,,,,,,,,,,,2004-04-08,,,
978-00057-002,Berryteuthis magister,Berryteuthis magister,Mollusca,Cephalopoda,Teuthida,Gonatidae,Berryteuthis,magister,,33-3-1-11," Gonatus magister Berry, 1913; Gonatus magister S. S. Berry, 1913; Gonatus septemdentatus Sasaki, 1915",,,,2,Wet, W. Barraclough,1956-01-29,Tow#38 FRB,,68.0000,fms,,marine,,,,,Canada,British Columbia,Porlier Pass,,,49.0116666666667,-123.588333333333,False,,,,,North America,Gulf Islands,Strait of Georgia,,T.00.018.INVT-BIN.1038c,,,,,,,,,,,,2004-04-08,,,
979-00293,Diplodonta orbella,Diplodonta orbella,Mollusca,Bivalvia,Veneroida,Ungulinidae,Diplodonta,orbella,,32-4-1-8,,,,,2,Dry, Ian McTaggart-Cowan,1958-09-05,,9.0000,9.0000,m,,marine,,,,,Canada,British Columbia,Porlier Pass,,,49.0166666666667,-123.583333333333,False,,,,,North America,Gulf Islands,Strait of Georgia,Cowan,T.00.018.INVT,,,,,,,dry,,,,,2004-04-08,,,
979-00294,Glycymeris subobsoleta,Glycymeris subobsoleta,Mollusca,Bivalvia,Arcoida,Glycymeridae,Glycymeris,subobsoleta,,32-3-1-3,,,,,8,Dry, Ian McTaggart-Cowan,1958-09-05,,9.0000,9.0000,m,,marine,,,,,Canada,British Columbia,Porlier Pass,,,49.0166666666667,-123.583333333333,False,,,,,North America,Gulf Islands,Strait of Georgia,Cowan,T.00.018.INVT,,,,,,,dry,,,,,2004-04-08,,,
979-00316,Panomya ampla,Panomya ampla,Mollusca,Bivalvia,Myoida,Hiatellidae,Panomya,ampla,,32-4-2-4,,,,,2,Dry, Ian McTaggart-Cowan,1958-09-05,,9.0000,9.0000,m,,marine,,,,,Canada,British Columbia,Porlier Pass,off south west corner of Valdes Island,,49.0166666666667,-123.583333333333,False,,,,,North America,Gulf Islands,Strait of Georgia,Cowan,T.00.018.INVT,,,,,,,dry,,,,,2004-04-08,,,
979-00317,Tresus nuttallii,Tresus nuttallii,Mollusca,Bivalvia,Veneroida,Mactricidae,Tresus,nuttallii,,32-4-2-2," Schizothaerus nuttallii (Conrad, 1837)",,,,2,Dry, Ian McTaggart-Cowan,1958-09-05,,9.0000,9.0000,m,,marine,,,,,Canada,British Columbia,Porlier Pass,off south west corner of Valdes Island,,49.0166666666667,-123.583333333333,False,,,,,North America,Gulf Islands,Strait of Georgia,Cowan,T.00.018.INVT,,,,,,,dry,,,,,2004-04-08,,,
979-00318-002,Humilaria kennerleyi,Humilaria kennerleyi,Mollusca,Bivalvia,Veneroida,Veneridae,Humilaria,kennerleyi,,32-4-1-13,,,,,7,Dry, Ian McTaggart-Cowan,1958-09-05,,9.0000,9.0000,m,,marine,,,,,Canada,British Columbia,Porlier Pass,off south west corner of Valdes Island,,49.0166666666667,-123.583333333333,False,,,,,North America,Gulf Islands,Strait of Georgia,Cowan,T.00.018.INVT,,,,,,,dry,,,,,2004-04-08,,,
979-00327,Nemocardium centifilosum,Nemocardium centifilosum,Mollusca,Bivalvia,Veneroida,Cardiidae,Nemocardium,centifilosum,,32-4-1-12,,,,,4,Dry, Ian McTaggart-Cowan,1958-09-05,,18.0000,18.0000,m,,marine,,,,,Canada,British Columbia,Porlier Pass,,,49.0166666666667,-123.583333333333,False,,,,,North America,Gulf Islands,Strait of Georgia,Cowan,T.00.018.INVT,,,,,,,dry,,,,,2004-04-08,,,
979-00346,Musculus discors,Musculus discors,Mollusca,Bivalvia,Mytiloida,Mytilidae,Musculus,discors,,32-3-2-1," Modiolaria discors Linnaeus, 1767; Musculus laevigatus Gray, 1824; Musculus olivaceus Dall, 1916; Musculus substriata Gray, 1824",,,,2,Dry, Ian McTaggart-Cowan,1958-09-05,,9.0000,9.0000,m,,marine,,,,,Canada,British Columbia,Porlier Pass,,,49.0166666666667,-123.583333333333,False,,,,,North America,Gulf Islands,Strait of Georgia,Cowan,T.00.018.INVT,,,,,,,dry,,,,,2004-04-08,Heidi Gartner,1/21/2016 1:08:19 PM,
979-00347,Musculus niger,Musculus niger,Mollusca,Bivalvia,Mytiloida,Mytilidae,Musculus,niger,,32-3-2-1," Modiolaria niger J. E. Gray, 1824",,,,2,Dry, Ian McTaggart-Cowan,1958-09-05,,9.0000,9.0000,m,,marine,,,,,Canada,British Columbia,Porlier Pass,,,49.0166666666667,-123.583333333333,False,,,,,North America,Gulf Islands,Strait of Georgia,Cowan,T.00.018.INVT,,,,,,,dry,,,,,2004-04-08,,,
979-01446-001,Euspira pallida,Euspira pallida,Mollusca,Gastropoda,Mesogastropoda,Naticidae,Euspira,pallida,,30-1-42,, Melissa Frey,2010-02-01,,1,Dry, Ian McTaggart-Cowan,1960-10-01,,30.0000,40.0000,fms,,marine,,,,,Canada,British Columbia,Passage Island,off Passage Island; station 615,,49.35,-123.3,False,,,,,North America,,,Cowan,T.00.018.INVT-DRY.14.3,,prev. ID Polinices pallidus,Box,,,,,,,,,,,,
979-03301,Pandora wardiana,Pandora wardiana,Mollusca,Bivalvia,Pholadomyoida,Pandoridae,Pandora,wardiana,,32-4-3-2,,,,,,Wet, Ian McTaggart-Cowan,1961-06-22,,51.2100,51.2100,m,,marine,,,mud,,Canada,British Columbia,Porlier Pass,,,49.0166666666667,-123.583333333333,False,,,,,North America,Gulf Islands,Strait of Georgia,Cowan,T.00.018.INVT,,,,,,,,,,,,2004-04-08,Heidi Gartner,10/23/2019 3:58:24 PM,
979-03302,Pandora filosa,Pandora filosa,Mollusca,Bivalvia,Pholadomyoida,Pandoridae,Pandora,filosa,,32-4-3-2,,,,,,Wet, Ian McTaggart-Cowan,1961-06-22,,51.2100,51.2100,m,,marine,,,mud,,Canada,British Columbia,Porlier Pass,,,49.0166666666667,-123.583333333333,False,,,,,North America,Gulf Islands,Strait of Georgia,Cowan,T.00.018.INVT,,,,,,,,,,,,2004-04-08,Heidi Gartner,10/23/2019 4:06:00 PM,
979-03303,Nemocardium centifilosum,Nemocardium centifilosum,Mollusca,Bivalvia,Veneroida,Cardiidae,Nemocardium,centifilosum,,32-4-1-12,,,,,,Wet, Ian McTaggart-Cowan,1961-06-22,,51.2100,51.2100,m,,marine,,,mud,,Canada,British Columbia,Porlier Pass,,,49.0166666666667,-123.583333333333,False,,,,,North America,Gulf Islands,Strait of Georgia,Cowan,T.00.018.INVT,,,,,,,,,,,,2004-04-08,Heidi Gartner,10/23/2019 4:07:41 PM,
979-03304,Yoldia hyperborea limatuloides,Yoldia hyperborea limatuloides,Mollusca,Bivalvia,Nuculoida,Yoldiidae,Yoldia,hyperborea,limatuloides,32-2-1-2,,,,,,Wet, Ian McTaggart-Cowan,1961-06-22,,51.2100,51.2100,m,,marine,,,mud,,Canada,British Columbia,Porlier Pass,,,49.0166666666667,-123.583333333333,False,,,,,North America,Gulf Islands,Strait of Georgia,Cowan,T.00.018.INVT,,,,,,,,,,,,2004-04-08,Heidi Gartner,10/25/2019 10:12:42 AM,
979-03305,Lyonsia californica,Lyonsia californica,Mollusca,Bivalvia,Pholadomyoida,Lyonsiidae,Lyonsia,californica,,32-4-3-1," Lyonsia californica haroldi Dall, 1915; Lyonsia californica nesiotes Dall, 1915",,,,2,Dry, Ian McTaggart-Cowan,1961-06-22,,51.2100,51.2100,m,,marine,,,mud,,Canada,British Columbia,Porlier Pass,,,49.0166666666667,-123.583333333333,False,,,,,North America,Gulf Islands,Strait of Georgia,Cowan,T.00.018.INVT,,,,,,,,,,,,2004-04-08,,,
979-03306,Yoldia ensifera,Yoldia ensifera,Mollusca,Bivalvia,Nuculoida,Yoldiidae,Yoldia,ensifera,,32-2-1-2,,,,,,Wet, Ian McTaggart-Cowan,1961-06-22,,51.2100,51.2100,m,,marine,,,mud,,Canada,British Columbia,Porlier Pass,,,49.0166666666667,-123.583333333333,False,,,,,North America,Gulf Islands,Strait of Georgia,Cowan,T.00.018.INVT,,,,,,,,,,,,2004-04-08,Heidi Gartner,10/25/2019 10:52:13 AM,
979-03307,Macoma calcarea,Macoma calcarea,Mollusca,Bivalvia,Veneroida,Tellinidae,Macoma,calcarea,,32-4-1-15,,,,,,Wet, Ian McTaggart-Cowan,1961-06-22,,51.2100,51.2100,m,,marine,,,mud,,Canada,British Columbia,Porlier Pass,,,49.0166666666667,-123.583333333333,False,,,,,North America,Gulf Islands,Strait of Georgia,Cowan,T.00.018.INVT,,,,,,,,,,,,2004-04-08,Heidi Gartner,10/25/2019 10:56:05 AM,
979-03308,Macoma cf. carlottensis,Macoma carlottensis,Mollusca,Bivalvia,Veneroida,Tellinidae,Macoma,carlottensis,,32-4-1-15," Macoma inflatula Dall, 1897",,,,,Wet, Ian McTaggart-Cowan,1961-06-22,,51.2100,51.2100,m,,marine,,,mud,,Canada,British Columbia,Porlier Pass,,,49.0166666666667,-123.583333333333,False,,,,,North America,Gulf Islands,Strait of Georgia,Cowan,T.00.018.INVT,,,,,,,,,,,,2004-04-08,Heidi Gartner,10/25/2019 10:57:20 AM,
979-03309,Rhabdus rectius,Rhabdus rectius,Mollusca,Scaphopoda,Dentaliida,Rhabdidae,Rhabdus,rectius,,31-2,,,,,,Wet, Ian McTaggart-Cowan,1961-06-22,,51.2100,51.2100,m,,marine,,,mud,,Canada,British Columbia,Porlier Pass,,,49.0166666666667,-123.583333333333,False,,,,,North America,Gulf Islands,Strait of Georgia,Cowan,T.00.018.INVT,,,,,,,,,,,,2004-04-08,Heidi Gartner,10/25/2019 10:58:57 AM,
979-03310,Euspira pallida,Euspira pallida,Mollusca,Gastropoda,Mesogastropoda,Naticidae,Euspira,pallida,,30-1-42,, Melissa Frey,2010-02-01,,6,Dry, Ian McTaggart-Cowan,1961-06-22,,,28.0000,fms,,marine,,,mud,,Canada,British Columbia,Porlier Pass,station 630,,49.0166666666667,-123.583333333333,False,,,,,North America,Gulf Islands,Strait of Georgia,Cowan,T.00.018.INVT-DRY.14.2,,prev. ID Polinices pallidus,Box,,,,,,,,,2004-04-08,,,
979-03311,Patinopecten caurinus,Patinopecten caurinus,Mollusca,Bivalvia,Ostreoida,Pectinidae,Patinopecten,caurinus,,,,,,,2,Wet, Ian McTaggart-Cowan,1961-06-22,,51.2100,51.2100,m,,marine,,,mud,,Canada,British Columbia,Porlier Pass,,,49.0166666666667,-123.583333333333,False,,,,,North America,Gulf Islands,Strait of Georgia,Cowan,T.00.018.INVT,,,,,,,,,,,,2004-04-08,,,
979-03312,Yoldia thraciaeformis,Yoldia thraciaeformis,Mollusca,Bivalvia,Nuculoida,Yoldiidae,Yoldia,thraciaeformis,,32-2-1-2,,,,,,Wet, Ian McTaggart-Cowan,1961-06-22,,51.2100,51.2100,m,,marine,,,mud,,Canada,British Columbia,Porlier Pass,,,49.0166666666667,-123.583333333333,False,,,,,North America,Gulf Islands,Strait of Georgia,Cowan,T.00.018.INVT,,,,,,,,,,,,2004-04-08,Heidi Gartner,10/25/2019 10:59:30 AM,
979-03313,Thracia trapezoides,Thracia trapezoides,Mollusca,Bivalvia,Pholadomyoida,Thraciidae,Thracia,trapezoides,,32-4-3-3,,,,,2,Dry, Ian McTaggart-Cowan,1961-06-22,,51.2100,51.2100,m,,marine,,,mud,,Canada,British Columbia,Porlier Pass,,,49.0166666666667,-123.583333333333,False,,,,,North America,Gulf Islands,Strait of Georgia,Cowan,T.00.018.INVT-DRY.36.4,,,,,,,Dry specimen at 036.04,,,,,2004-04-08,,,
979-03315,Axinopsida serricata,Axinopsida serricata,Mollusca,Bivalvia,Veneroida,Thyasiridae,Axinopsida,serricata,,32-4-1-19,,,,,29,Wet, Ian McTaggart-Cowan,1961-06-22,,51.2100,51.2100,m,,marine,,,mud,,Canada,British Columbia,Porlier Pass,,,49.0166666666667,-123.583333333333,False,,,,,North America,Gulf Islands,Strait of Georgia,Cowan,T.00.018.INVT,,,,,,,,,,,,2004-04-08,,,
979-03316,Nuculana leonina,Nuculana leonina,Mollusca,Bivalvia,Nuculoida,Nuculanidae,Nuculana,leonina,,32-2-1-7,,,,,1,Wet, Ian McTaggart-Cowan,1961-06-22,,51.2100,51.2100,m,,marine,,,mud,,Canada,British Columbia,Porlier Pass,,,49.0166666666667,-123.583333333333,False,,,,,North America,Gulf Islands,Strait of Georgia,Cowan,T.00.018.INVT,,,Jar,,,,,,,,,2004-04-08,,,
979-03317-001,Musculus niger,Musculus niger,Mollusca,Bivalvia,Mytiloida,Mytilidae,Musculus,niger,,32-3-2-1," Modiolaria niger J. E. Gray, 1824",,,,8,Wet, Ian McTaggart-Cowan,1961-06-22,,51.2100,51.2100,m,,marine,,,mud,,Canada,British Columbia,Porlier Pass,,,49.0166666666667,-123.583333333333,False,,,,,North America,Gulf Islands,Strait of Georgia,Cowan,T.00.018.INVT,,,,,,,,,,,,2004-04-08,,,
979-03319,Yoldia thraciaeformis,Yoldia thraciaeformis,Mollusca,Bivalvia,Nuculoida,Yoldiidae,Yoldia,thraciaeformis,,32-2-1-2,,,,,1,Wet, Ian McTaggart-Cowan,1961-06-22,,51.2100,51.2100,m,,marine,,,mud,,Canada,British Columbia,Porlier Pass,,,49.0166666666667,-123.583333333333,False,,,,,North America,Gulf Islands,Strait of Georgia,Cowan,T.00.018.INVT,,,,,,,,,,,,2004-04-08,,,
979-03320,Cylichnella culcitella,Cylichnella culcitella,Mollusca,Gastropoda,Cephalaspidea,Acteocinidae,Cylichnella,culcitella,,30-2-2-4(a),,,,,2,Wet, Ian McTaggart-Cowan,1961-06-22,,51.2100,51.2100,m,,marine,,,mud,,Canada,British Columbia,Porlier Pass,,,49.0166666666667,-123.583333333333,False,,,,,North America,Gulf Islands,Strait of Georgia,Cowan,T.00.018.INVT,,,,,,,,,,,,2004-04-08,,,
979-03321,Cylichna attonsa,Cylichna attonsa,Mollusca,Gastropoda,Cephalaspidea,Cylichnidae,Cylichna,attonsa,,30-2-2-5,,,,,9,Wet, Ian McTaggart-Cowan,1961-06-22,,51.2100,51.2100,m,,marine,,,mud,,Canada,British Columbia,Porlier Pass,,,49.0166666666667,-123.583333333333,False,,,,,North America,Gulf Islands,Strait of Georgia,Cowan,T.00.018.INVT,,,,,,,,,,,,2004-04-08,,,
979-03322,Rictaxis punctocaelatus,Rictaxis punctocaelatus,Mollusca,Gastropoda,Heterostropha,Acteonidae,Rictaxis,punctocaelatus,,30-2-2-4,,,,,1,Wet, Ian McTaggart-Cowan,1961-06-22,,51.2100,51.2100,m,,marine,,,mud,,Canada,British Columbia,Porlier Pass,,,49.0166666666667,-123.583333333333,False,,,,,North America,Gulf Islands,Strait of Georgia,Cowan,T.00.018.INVT,,,,,,,,,,,,2004-04-08,,,
979-03323-001,Melanella micans,Melanella micans,Mollusca,Gastropoda,Mesogastropoda,Eulimidae,Melanella,micans,,30-1-26(a),, Melissa Frey,2010-02-18,,3,Dry, Ian McTaggart-Cowan,1961-06-22,,,20.0000,fms,,marine,,,mud,,Canada,British Columbia,Porlier Pass,station 630,,49.0166666666667,-123.583333333333,False,,,,,North America,,Strait of Georgia,Cowan,T.00.018.INVT-DRY.12.2,,prev. ID Eulima micans,Box,,,,,,,,,,,,
979-03324,Velutina plicatilis,Velutina plicatilis,Mollusca,Gastropoda,Mesogastropoda,Velutinidae,Velutina,plicatilis,,30-1-35(a),,,,,1,Wet, Ian McTaggart-Cowan,1961-06-22,,51.2100,51.2100,m,,marine,,,mud,,Canada,British Columbia,Porlier Pass,,,49.0166666666667,-123.583333333333,False,,,,,North America,Gulf Islands,Strait of Georgia,Cowan,T.00.018.INVT,,,,,,,,,,,,2004-04-08,,,
979-03325,Trophonopsis orpheus,Trophonopsis orpheus,Mollusca,Gastropoda,Neogastropoda,Muricidae,Trophonopsis,orpheus,,30-1-48, Boreotrophon orpheus; Ocenebra orpheus; Trophon orpheus,,,,5,Wet, Ian McTaggart-Cowan,1961-06-22,,51.2100,51.2100,m,,marine,,,mud,,Canada,British Columbia,Porlier Pass,,,49.0166666666667,-123.583333333333,False,,,,,North America,Gulf Islands,Strait of Georgia,Cowan,T.00.018.INVT,,,,,,,,,,,,2004-04-08,,,
979-03326,Ophiodermella fancherae,Ophiodermella fancherae,Mollusca,Gastropoda,Neogastropoda,Turridae,Ophiodermella,fancherae,,30-1-63,,,,,1,Wet, Ian McTaggart-Cowan,1961-06-22,,51.2100,51.2100,m,,marine,,,mud,,Canada,British Columbia,Porlier Pass,,,49.0166666666667,-123.583333333333,False,,,,,North America,Gulf Islands,Strait of Georgia,Cowan,T.00.018.INVT,,,,,,,,,,,,2004-04-08,,,
979-03327,Cadulus hepburni,Cadulus hepburni,Mollusca,Scaphopoda,Gadilida,Gadilidae,Cadulus,hepburni,,31-1,,,,,2,Wet, Ian McTaggart-Cowan,1961-06-22,,51.2100,51.2100,m,,marine,,,mud,,Canada,British Columbia,Porlier Pass,,,49.0166666666667,-123.583333333333,False,,,,,North America,Gulf Islands,Strait of Georgia,Cowan,T.00.018.INVT,,,,,,,,,,,,2004-04-08,,,
979-03328,Mitrella gausapta,Mitrella gausapta,Mollusca,Gastropoda,Neogastropoda,Columbellidae,Mitrella,gausapta,,30-1-50,,,,,1,Wet, Ian McTaggart-Cowan,1961-06-22,,51.2100,51.2100,m,,marine,,,mud,,Canada,British Columbia,Porlier Pass,,,49.0166666666667,-123.583333333333,False,,,,,North America,Gulf Islands,Strait of Georgia,Cowan,T.00.018.INVT,,,,,,,,,,,,2004-04-08,,,
979-03331,Nucella lamellosa,Nucella lamellosa,Mollusca,Gastropoda,Neogastropoda,Muricidae,Nucella,lamellosa,,30-1-48,,,,,4,Wet, Ian McTaggart-Cowan,1961-06-22,,51.2100,51.2100,m,,marine,,,mud,,Canada,British Columbia,Porlier Pass,,,49.0166666666667,-123.583333333333,False,,,,,North America,Gulf Islands,Strait of Georgia,Cowan,T.00.018.INVT,,,,,,,,,,,,2004-04-08,,,
979-03332,Chlamys rubida,Chlamys rubida,Mollusca,Bivalvia,Ostreoida,Pectinidae,Chlamys,rubida,,32-3-2-6," Chlamys hindsi Carpenter, 1864",,,,,Wet, Ian McTaggart-Cowan,1961-06-22,,51.2100,51.2100,m,,marine,,,mud,,Canada,British Columbia,Porlier Pass,,,49.0166666666667,-123.583333333333,False,,,,,North America,Gulf Islands,Strait of Georgia,Cowan,T.00.018.INVT,,,,,,,,,,,,2004-04-08,Heidi Gartner,10/23/2019 3:52:18 PM,
981-00064-001,Neoesperiopsis rigida,Neoesperiopsis rigida,Porifera,Demospongiae,Poecilosclerida,Isodictyidae,Neoesperiopsis,rigida,,3-3-2-2," Esperiopsis rigida (Lambe, 1893); Isodictya rigida Lambe, 1893", William Austin,,,2,Wet, W. Clemens,1960-12-22,51,,44.0000,fms,,marine,,,,,Canada,British Columbia,Galiano Island,north end of Island,,49.0066666666667,-123.575,False,,,,,North America,Gulf Islands,Strait of Georgia,Clemens,T.00.018.INVT-BIN.42,,previously in two jars,,Isopropanol - 60%,,,,,,,,2004-04-08,,,
982-00207-001,Hyas lyratus,Hyas lyratus,Arthropoda,Malacostraca,Decapoda,Oregoniidae,Hyas,lyratus,,25-6-11-12h,,,,,2,Wet, Dan Quayle,1961-05-13,FRB 61-644; S-4 H-144,,48.0000,m,,marine,,,sand; mud; shell,,Canada,British Columbia,Trincomali Channel,between Saltspring and Galiano Island,,48.8666666666667,-123.391666666667,False,,,,,North America,Gulf Islands,Strait of Georgia,Bernard,T.00.018.INVT-BIN.667a,,,Jar,Isopropanol - 60%,,,,,,,,2004-04-08,Heidi Gartner,4/9/2019 3:01:17 PM,
982-00207-002,Acila castrensis,Acila castrensis,Mollusca,Bivalvia,Nuculoida,Nuculidae,Acila,castrensis,,32-2-1-1,,,,,4,Wet, Dan Quayle,1961-05-13,FRB 61-644; S-4 H-144,,48.0000,m,,marine,,,sand; mud; shell,,Canada,British Columbia,Trincomali Channel,between Saltspring and Galiano Island,,48.8666666666667,-123.391666666667,False,,,,,North America,Gulf Islands,Strait of Georgia,Bernard,T.00.018.INVT,,,,,,,,,,,,2004-04-08,,,
982-00207-003,Chlamys rubida,Chlamys rubida,Mollusca,Bivalvia,Ostreoida,Pectinidae,Chlamys,rubida,,32-3-2-6," Chlamys hindsi Carpenter, 1864",,,,3,Dry, Dan Quayle,1961-05-13,FRB 61-644; S-4 H-144,,48.0000,m,,marine,,,sand; mud; shell,,Canada,British Columbia,Trincomali Channel,between Saltspring and Galiano Island,,48.8666666666667,-123.391666666667,False,,,,,North America,Gulf Islands,Strait of Georgia,Bernard,T.00.018.INVT,,,,,,,,,,,,2004-04-08,,,
983-00026-001,Cuthona pustulata,Cuthona pustulata,Mollusca,Gastropoda,Nudibranchia,Cuthonidae,Cuthona,pustulata,,30-2-9-4(d),,,,,7,Wet, Sandra Millen-Crane; Sandra,1982-05-21,,14.0000,18.0000,m,,marine,,,on Halecium,,Canada,British Columbia,Porlier Pass,,,49.0166666666667,-123.583333333333,False,,,,,North America,Gulf Islands,Strait of Georgia,,T.00.018.INVT,,,,,,,,,,,,2004-04-08,,,
984-00851,,,,,,,,,,,,,,,,, Geoffrey Scudder,1975-04-20,S-105,,,,,freshwater,,,,,Canada,British Columbia,Galiano Island; Spanish Hills,pond,"S-105, S-106",,,False,,,,,North America,Gulf Islands,,,T.00.018.INVT,,,,,,,,,R0775.1,6874,Moretta Frederick,2012-01-27,,,
984-00852,,,,,,,,,,,,,,,,, Geoffrey Scudder,1975-04-16,S-106,,,,,freshwater,,,,,Canada,British Columbia,Galiano Island; Spanish Hills,pond,"S-105, S-106",,,False,,,,,North America,Gulf Islands,,,T.00.018.INVT,,,,,,,,,R0775.1,6874,Moretta Frederick,2012-01-27,,,
985-00143-001,Fabia subquadrata,Fabia subquadrata,Arthropoda,Malacostraca,Decapoda,Pinnotheridae,Fabia,subquadrata,,25-6-11-13c,, Josephine Hart,,,1,Wet, Josephine Hart,1934-09-06,,11.0000,12.0000,fms,,marine,,,,,Canada,British Columbia,Galiano Island; Montague Harbour,entrance to harbour,,48.8833333333333,-123.4,False,,,,,North America,Gulf Islands,Strait of Georgia,Hart,T.00.018.INVT-BIN.676,,male,Vial,Isopropanol - 60%,,,,,,,,2004-04-08,Heidi Gartner,8/16/2019 9:57:52 AM,
986-00191-001,,,Cnidaria,Hydrozoa,,,,,,4-1, Leptolida,,,,1,Wet,,1986-04-08,G86-03,,,,,marine,,,submerged BC Hydro cable,,Canada,British Columbia,Active Pass; Galiano Island; Mayne Island,between Galiano and Mayne Island,,48.865,-123.306666666667,False,,,,,North America,Gulf Islands,Strait of Georgia,,T.00.018.INVT,,,,Isopropanol - 60%,formalin - 10%,,,,,,,2004-04-08,,,
986-00191-002,Balanus nubilus,Balanus nubilus,Arthropoda,Maxillopoda,Sessilia,Balanidae,Balanus,nubilus,,25-5-1,, Melissa Frey,2009-07-26,,40,Wet,,1986-04-08,G86-03,,,,,marine,,,submerged BC Hydro cable,,Canada,British Columbia,Active Pass; Galiano Island; Mayne Island,between Galiano and Mayne Island,,48.865,-123.306666666667,False,,,,,North America,Gulf Islands,Strait of Georgia,,T.00.018.INVT-BIN.413,,some in jar and some in vats,,Isopropanol - 60%,formalin - 10%,,,,,,,2004-04-08,,,
986-00191-003,Glebocarcinus oregonensis,Glebocarcinus oregonensis,Arthropoda,Malacostraca,Decapoda,Cancridae,Glebocarcinus,oregonensis,,25-6-11-12b, Cancer oregonensis, Gordon Green,1986-04-01,,7,Wet,,1986-04-08,G86-03,,,,,marine,,,submerged BC Hydro cable,,Canada,British Columbia,Active Pass; Galiano Island; Mayne Island,between Galiano and Mayne Island,,48.865,-123.306666666667,False,,,,,North America,Gulf Islands,Strait of Georgia,,T.00.018.INVT-BIN.653b,,,Jar,Isopropanol - 60%,formalin - 10%,,,,,,,2004-04-08,Heidi Gartner,8/7/2018 11:50:08 AM,
986-00191-004,Pugettia gracilis,Pugettia gracilis,Arthropoda,Malacostraca,Decapoda,Epialtidae,Pugettia,gracilis,,25-6-11-12e,, Gordon Green,1986-11-01,,1,Wet,,1986-04-08,G86-03,,,,,marine,,,submerged BC Hydro cable,,Canada,British Columbia,Active Pass; Galiano Island; Mayne Island,between Galiano and Mayne Island,,48.865,-123.306666666667,False,,,,,North America,Gulf Islands,Strait of Georgia,,T.00.018.INVT-BIN.660d,,,Vial,Isopropanol - 60%,formalin - 10%,,,,,,,2004-04-08,Heidi Gartner,1/28/2019 3:23:09 PM,
986-00191-005,Pagurus beringanus,Pagurus beringanus,Arthropoda,Malacostraca,Decapoda,Paguridae,Pagurus,beringanus,,25-6-11-5(c),, Patsy McLaughlin,1994-09-01,,1,Wet,,1986-04-08,G86-03,,,,,marine,,,submerged BC Hydro cable,,Canada,British Columbia,Active Pass; Galiano Island; Mayne Island,between Galiano and Mayne Island,,48.865,-123.306666666667,False,,,,,North America,Gulf Islands,Strait of Georgia,,T.00.018.INVT-BIN.615b,,,Vial,Isopropanol - 60%,Formalin - 10%,,,,,,,2004-04-08,Heidi Gartner,12/12/2016 4:47:47 PM,
986-00191-006,Ceratostoma foliatum,Ceratostoma foliatum,Mollusca,Gastropoda,Neogastropoda,Muricidae,Ceratostoma,foliatum,,30-1-48,,,,,1,Wet,,1986-04-08,G86-03,,,,,marine,,,submerged BC Hydro cable,,Canada,British Columbia,Active Pass; Galiano Island; Mayne Island,between Galiano and Mayne Island,,48.865,-123.306666666667,False,,,,,North America,Gulf Islands,Strait of Georgia,,T.00.018.INVT,,,,,,,,,,,,2004-04-08,,,
986-00191-008,Calliostoma ligatum,Calliostoma ligatum,Mollusca,Gastropoda,Archaeogastropoda,Calliostomatidae,Calliostoma,ligatum,,30-1-7, Calliostoma costatum,,,,,Wet,,1986-04-08,G86-03,,,,,marine,,,submerged BC Hydro cable,,Canada,British Columbia,Active Pass; Galiano Island; Mayne Island,between Galiano and Mayne Island,,48.865,-123.306666666667,False,,,,,North America,Gulf Islands,Strait of Georgia,,T.00.018.INVT,,,,Isopropanol - 60%,,,,,,,,2004-04-08,Heidi Gartner,5/10/2019 2:47:11 PM,
986-00191-009,Scyra acutifrons,Scyra acutifrons,Arthropoda,Malacostraca,Decapoda,Epialtidae,Scyra,acutifrons,,25-6-11-12e,,,,,,,,1986-04-08,G86-03,,,,,marine,,,submerged BC Hydro cable,,Canada,British Columbia,Active Pass; Galiano Island; Mayne Island,between Galiano and Mayne Island,,48.865,-123.306666666667,False,,,,,North America,Gulf Islands,Strait of Georgia,,T.00.018.INVT,,,,,,,,,,,,2004-04-08,Heidi Gartner,3/15/2019 1:00:51 PM,
986-00191-010,Serpula columbiana,Serpula columbiana,Annelida,Polychaeta,Canalipalpata,Serpulidae,Serpula,columbiana,,17-69,,,,,1,Wet,,1986-04-08,G86-03,,,,,marine,,,submerged BC Hydro cable,,Canada,British Columbia,BC,between Galiano and Mayne Island,,48.865,-123.306666666667,False,,,,,North America,Gulf Islands,Strait of Georgia,,T.00.018.INVT-BIN.332,,,Vial,Isopropanol - 60%,formalin - 10%,,,,,,,2004-04-08,,,
986-00191-011,Thais,Thais,Mollusca,Gastropoda,Neogastropoda,Muricidae,Thais,,,30-1-48,,,,,,Wet,,1986-04-08,G86-03,,,,,marine,,,submerged BC Hydro cable,,Canada,British Columbia,Active Pass; Galiano Island; Mayne Island,between Galiano and Mayne Island,,48.865,-123.306666666667,False,,,,,North America,Gulf Islands,Strait of Georgia,,T.00.018.INVT,,,,,,,,,,,,2004-04-08,,,
986-00191-012,Strongylocentrotus purpuratus,Strongylocentrotus purpuratus,Echinodermata,Echinoidea,Echinoida,Strongylocentrotidae,Strongylocentrotus,purpuratus,,40-1-5-4,,,,,1,Wet,,1986-04-08,G86-03,,,,,marine,,,submerged BC Hydro cable,,Canada,British Columbia,Active Pass; Galiano Island; Mayne Island,between Galiano and Mayne Island,,48.865,-123.306666666667,False,,,,,North America,Gulf Islands,Strait of Georgia,,T.00.018.INVT-VAT.26,,,,Isopropanol - 60%,,,,,,,,2004-04-08,,,
986-00191-013,Strongylocentrotus pallidus,Strongylocentrotus pallidus,Echinodermata,Echinoidea,Echinoida,Strongylocentrotidae,Strongylocentrotus,pallidus,,40-1-5-4," Strongylocentrotus echinoides A. Agassiz and H. L. Clark, 1907; Strongylocentrotus sachalinicus Clark, 1912", Philip Lambert,2019-10-18,,3,Wet,,1986-04-08,G86-03,,,,,marine,,,submerged BC Hydro cable,,Canada,British Columbia,Active Pass; Galiano Island; Mayne Island,between Galiano and Mayne Island,,48.865,-123.306666666667,False,,,,,North America,Gulf Islands,Strait of Georgia,,T.00.018.INVT-BIN.1162b,,,Jar,Isopropanol - 60%,formalin - 10%,,,,,,,2004-04-08,Heidi Gartner,10/21/2019 12:08:14 PM,
986-00191-015,Amphissa columbiana,Amphissa columbiana,Mollusca,Gastropoda,Neogastropoda,Columbellidae,Amphissa,columbiana,,30-1-50,,,,,2,Wet,,1986-04-08,G86-03,,,,,marine,,,submerged BC Hydro cable,,Canada,British Columbia,Active Pass; Galiano Island; Mayne Island,between Galiano and Mayne Island,,48.865,-123.306666666667,False,,,,,North America,Gulf Islands,Strait of Georgia,,T.00.018.INVT,,,,,,,,,,,,2004-04-08,,,
986-00191-016,Pododesmus macrochisma,Pododesmus macrochisma,Mollusca,Bivalvia,Ostreoida,Anomiidae,Pododesmus,macrochisma,,32-3-2-10," Pododesmus cepio (J. E. Gray, 1850); Pododesmus macroschisma (Deshayes, 1839)",,,,3,Wet,,1986-04-08,G86-03,,,,,marine,,,submerged BC Hydro cable,,Canada,British Columbia,Active Pass; Galiano Island; Mayne Island,between Galiano and Mayne Island,,48.865,-123.306666666667,False,,,,,North America,Gulf Islands,Strait of Georgia,,T.00.018.INVT-BIN.968b,,,,,,,,,,,,2004-04-08,,,
986-00191-017,Pododesmus macrochisma,Pododesmus macrochisma,Mollusca,Bivalvia,Ostreoida,Anomiidae,Pododesmus,macrochisma,,32-3-2-10," Pododesmus cepio (J. E. Gray, 1850); Pododesmus macroschisma (Deshayes, 1839)",,,,5,Wet,,1986-04-08,G86-03,,,,,marine,,,submerged BC Hydro cable,,Canada,British Columbia,Active Pass; Galiano Island; Mayne Island,between Galiano and Mayne Island,,48.865,-123.306666666667,False,,,,,North America,Gulf Islands,Strait of Georgia,,T.00.018.INVT,,,,,,,,,,,,2004-04-08,,,
986-00191-018,Epiactis,Epiactis,Cnidaria,Anthozoa,Actiniara,Actiniidae,Epiactis,,,4-3-2-1-5,, Daphne Fautin,1997-08-01,,1,Wet,,1986-04-08,G86-03,,,,,marine,,,submerged BC Hydro cable,,Canada,British Columbia,Active Pass; Galiano Island; Mayne Island,between Galiano and Mayne Island,,48.865,-123.306666666667,False,,,,,North America,Gulf Islands,Strait of Georgia,,T.00.018.INVT-BIN.138,,,Jar,Isopropanol - 60%,formalin - 10%,,,,,,,2004-04-08,,,
986-00191-019,Boltenia villosa,Boltenia villosa,Chordata,Ascidiacea,Stolidobranchia,Pyuridae,Boltenia,villosa,,45-1-2-2," Cynthia villosa Stimpson, 1864", Heidi Gartner,2011-04-28,,6,Wet,,1986-04-08,G86-03,,,,,marine,,,submerged BC Hydro cable,,Canada,British Columbia,Active Pass; Galiano Island; Mayne Island,between Galiano and Mayne Island,,48.865,-123.306666666667,False,,,,,North America,Gulf Islands,Strait of Georgia,,T.00.018.INVT-BIN.1267b,,,Jar,Isopropanol - 60%,formalin - 10%,,,,,,,2004-04-08,,,
986-00191-020,Pododesmus,Pododesmus,Mollusca,Bivalvia,Ostreoida,Anomiidae,Pododesmus,,,,,,,,6,Wet,,1986-04-08,G86-03,,,,,marine,,,submerged BC Hydro cable,,Canada,British Columbia,Active Pass; Galiano Island; Mayne Island,between Galiano and Mayne Island,,48.865,-123.306666666667,False,,,,,North America,Gulf Islands,Strait of Georgia,,T.00.018.INVT,,,,,,,,,,,,2004-04-08,,,
986-00191-021,Strongylocentrotus droebachiensis,Strongylocentrotus droebachiensis,Echinodermata,Echinoidea,Echinoida,Strongylocentrotidae,Strongylocentrotus,droebachiensis,,40-1-5-4, Strongylocentrotus droehbachiensis, Dave Gillan,1991-08-07,,1,Wet,,1986-04-08,G86-03,,,,,marine,,,submerged BC Hydro cable,,Canada,British Columbia,Active Pass; Galiano Island; Mayne Island,between Galiano and Mayne Island,,48.865,-123.306666666667,False,,,,,North America,Gulf Islands,Strait of Georgia,,T.00.018.INVT-BIN.1160,,,,Isopropanol - 60%,formalin - 10%,,,,,,,2004-04-08,,,
986-00191-022,Nucella lamellosa,Nucella lamellosa,Mollusca,Gastropoda,Neogastropoda,Muricidae,Nucella,lamellosa,,30-1-48,,,,,,,,1986-04-08,G86-03,,,,,marine,,,submerged BC Hydro cable,,Canada,British Columbia,Active Pass; Galiano Island; Mayne Island,between Galiano and Mayne Island,,48.865,-123.306666666667,False,,,,,North America,Gulf Islands,Strait of Georgia,,T.00.018.INVT,,,,,,,,,,,,2004-04-08,,,
986-00191-023,Chlamys,Chlamys,Mollusca,Bivalvia,Ostreoida,Pectinidae,Chlamys,,,,,,,,1,Wet,,1986-04-08,G86-03,,,,,marine,,,submerged BC Hydro cable,,Canada,British Columbia,Active Pass; Galiano Island; Mayne Island,between Galiano and Mayne Island,,48.865,-123.306666666667,False,,,,,North America,Gulf Islands,Strait of Georgia,,T.00.018.INVT,,,,,,,,,,,,2004-04-08,,,
986-00191-024,,,Arthropoda,Malacostraca,Amphipoda,,,,,25-6-4-5,,,,,1,Wet,,1986-04-08,G86-03,,,,,marine,,,submerged BC Hydro cable,,Canada,British Columbia,Active Pass; Galiano Island; Mayne Island,between Galiano and Mayne Island,,48.865,-123.306666666667,False,,,,,North America,Gulf Islands,Strait of Georgia,,T.00.018.INVT,,,,,,,,,,,,2004-04-08,,,
986-00191-026,Chlamys hastata,Chlamys hastata,Mollusca,Bivalvia,Ostreoida,Pectinidae,Chlamys,hastata,,32-3-2-6,,,,,9,Wet,,1986-04-08,G86-03,,,,,marine,,,submerged BC Hydro cable,,Canada,British Columbia,Active Pass; Galiano Island; Mayne Island,between Galiano and Mayne Island,,48.865,-123.306666666667,False,,,,,North America,Gulf Islands,Strait of Georgia,,T.00.018.INVT,,,,,,,,,,,,2004-04-08,,,
986-00191-027,Strongylocentrotus droebachiensis,Strongylocentrotus droebachiensis,Echinodermata,Echinoidea,Echinoida,Strongylocentrotidae,Strongylocentrotus,droebachiensis,,40-1-5-4, Strongylocentrotus droehbachiensis, A. Bazhin,1996-05-23,,1,Wet,,1986-04-08,G86-03,,,,,marine,,,submerged BC Hydro cable,,Canada,British Columbia,Active Pass; Galiano Island; Mayne Island,between Galiano and Mayne Island,,48.865,-123.306666666667,False,,,,,North America,Gulf Islands,Strait of Georgia,,T.00.018.INVT-BIN.1160,,,,Isopropanol - 60%,formalin - 10%,,,,,,,2004-04-08,,,
986-00191-028,Ceratostoma foliatum,Ceratostoma foliatum,Mollusca,Gastropoda,Neogastropoda,Muricidae,Ceratostoma,foliatum,,30-1-48,,,,,3,Wet,,1986-04-08,G86-03,,,,,marine,,,submerged BC Hydro cable,,Canada,British Columbia,Active Pass; Galiano Island; Mayne Island,between Galiano and Mayne Island,,48.865,-123.306666666667,False,,,,,North America,Gulf Islands,Strait of Georgia,,T.00.018.INVT,,,,Isopropanol - 60%,,,,,,,,2004-04-08,,,
986-00191-029,Nucella lamellosa,Nucella lamellosa,Mollusca,Gastropoda,Neogastropoda,Muricidae,Nucella,lamellosa,,30-1-48,,,,,1,Wet,,1986-04-08,G86-03,,,,,marine,,,submerged BC Hydro cable,,Canada,British Columbia,Active Pass; Galiano Island; Mayne Island,between Galiano and Mayne Island,,48.865,-123.306666666667,False,,,,,North America,Gulf Islands,Strait of Georgia,,T.00.018.INVT-BIN.856,,,,Isopropanol - 60%,,,,,,,,2004-04-08,Heidi Gartner,9/24/2019 2:53:56 PM,
986-00191-030,Eupentacta quinquesemita,Eupentacta quinquesemita,Echinodermata,Holothuroidea,Dendrochirotida,Sclerodactylidae,Eupentacta,quinquesemita,,41-3-4,, Philip Lambert,2001-03-13,,2,Wet,,1986-04-08,G86-03,,,,,marine,,,submerged BC Hydro cable,,Canada,British Columbia,Active Pass; Galiano Island; Mayne Island,between Galiano and Mayne Island,,48.865,-123.306666666667,False,,,,,North America,Gulf Islands,Strait of Georgia,,T.00.018.INVT-BIN.1231,,,Jar,Isopropanol - 60%,formalin - 10%,,,,,,,2004-04-08,Heidi Gartner,12/12/2014 2:04:29 PM,
986-00191-031,Eupentacta quinquesemita,Eupentacta quinquesemita,Echinodermata,Holothuroidea,Dendrochirotida,Sclerodactylidae,Eupentacta,quinquesemita,,41-3-4,, Philip Lambert,2000-05-19,,2,Wet,,1986-04-08,G86-03,,,,,marine,,,submerged BC Hydro cable,,Canada,British Columbia,Active Pass; Galiano Island; Mayne Island,between Galiano and Mayne Island,,48.865,-123.306666666667,False,,,,,North America,Gulf Islands,Strait of Georgia,,T.00.018.INVT-BIN.1231,,,Jar,Isopropanol - 60%,formalin - 10%,,,,,,,2004-04-08,Heidi Gartner,10/21/2019 12:13:46 PM,
986-00191-032,Parastichopus californicus,Parastichopus californicus,Echinodermata,Holothuroidea,Aspidochirotida,Stichopodidae,Parastichopus,californicus,,41-1-2," Stichopus californicus Stimpson, 1857", Philip Lambert,2000-05-16,,1,Wet,,1986-04-08,G86-03,,,,,marine,,,submerged BC Hydro cable,,Canada,British Columbia,Active Pass; Galiano Island; Mayne Island,between Galiano and Mayne Island,,48.865,-123.306666666667,False,,,,,North America,Gulf Islands,Strait of Georgia,,T.00.018.INVT,,,,Isopropanol - 60%,formalin - 10%,,,,,,,2004-04-08,,,
986-00191-033,Balanus nubilus,Balanus nubilus,Arthropoda,Maxillopoda,Sessilia,Balanidae,Balanus,nubilus,,25-5-1,, Kelly Sendall,2000-07-18,,10,Wet,,1986-04-08,G86-03,,,,,marine,,,submerged BC Hydro cable,,Canada,British Columbia,Active Pass; Galiano Island; Mayne Island,between Galiano and Mayne Island,,48.865,-123.306666666667,False,,,,,North America,Gulf Islands,Strait of Georgia,,T.00.018.INVT-BIN.414,,,Jar,Isopropanol - 60%,formalin - 10%,,jar; 2,,,,,,,,
986-00191-034,Mopaliidae,,Mollusca,Polyplacophora,Neoloricata,Mopaliidae,,,,29-1-2,, Rory Macklin,2018-06-12,,3,Wet,,1986-04-08,G86-03,,,,,marine,,,submerged BC Hydro cable,,Canada,British Columbia,Active Pass; Galiano Island; Mayne Island,between Galiano and Mayne Island,,48.865,-123.306666666667,False,,,,,North America,Gulf Islands,Strait of Georgia,,T.00.018.INVT-BIN.742,,,Jar,Isopropanol - 60%,formalin - 10%,,,,,,Heidi Gartner,2018-10-01,Heidi Gartner,10/15/2018 10:37:08 AM,
986-00191-035,Mopalia vespertina,Mopalia vespertina,Mollusca,Polyplacophora,Neoloricata,Mopaliidae,Mopalia,vespertina,,29-1-2,, Rory Macklin,2018-06-12,,1,Wet,,1986-04-08,G86-03,,,,,marine,,,submerged BC Hydro cable,,Canada,British Columbia,Active Pass; Galiano Island; Mayne Island,between Galiano and Mayne Island,,48.865,-123.306666666667,False,,,,,North America,Gulf Islands,Strait of Georgia,,T.00.018.INVT-BIN.752b,,,Jar,Isopropanol - 60%,formalin - 10%,,,,,,Heidi Gartner,2018-10-01,Heidi Gartner,10/15/2018 10:39:39 AM,
986-00191-036,Lepidozona mertensii,Lepidozona mertensii,Mollusca,Polyplacophora,Neoloricata,Ischnochitonidae,Lepidozona,mertensii,,29-1-4,, Rory Macklin,2018-06-12,,1,Wet,,1986-04-08,G86-03,,,,,marine,,,submerged BC Hydro cable,,Canada,British Columbia,Active Pass; Galiano Island; Mayne Island,between Galiano and Mayne Island,,48.865,-123.306666666667,False,,,,,North America,Gulf Islands,Strait of Georgia,,T.00.018.INVT-BIN.762a,,,Vial,Isopropanol - 60%,formalin - 10%,,,,,,Heidi Gartner,2018-10-01,Heidi Gartner,10/15/2018 10:38:22 AM,
987-00051-001,Berryteuthis magister,Berryteuthis magister,Mollusca,Cephalopoda,Teuthida,Gonatidae,Berryteuthis,magister,,33-3-1-11," Gonatus magister Berry, 1913; Gonatus magister S. S. Berry, 1913; Gonatus septemdentatus Sasaki, 1915",,,,1,Wet, W. Barraclough,1965-01-29,UV'65-1 tow #38,121.0000,121.0000,m,,marine,,,,,Canada,British Columbia,Porlier Pass,,,49.0166666666667,-123.583333333333,False,,,,,North America,Gulf Islands,Strait of Georgia,W.G. Fields Collection,T.00.018.INVT-BIN.1038a,,,,Isopropanol - 60%,,,,,,,,2004-04-08,,,
988-00095-001,Mopalia vespertina,Mopalia vespertina,Mollusca,Polyplacophora,Neoloricata,Mopaliidae,Mopalia,vespertina,,29-1-2,,,,,5,Wet, Ian McTaggart-Cowan,1973-04-20,,,,,,marine,,,,,Canada,British Columbia,Galiano Island,north of Montague Harbour,,48.9,-123.416666666667,False,,,,,North America,Gulf Islands,Strait of Georgia,,T.00.018.INVT,,,,Isopropanol - 60%,Ethanol - 90%,,,,,,,2004-04-08,Heidi Gartner,9/5/2019 3:48:02 PM,
988-00095-001,Mopalia vespertina,Mopalia vespertina,Mollusca,Polyplacophora,Neoloricata,Mopaliidae,Mopalia,vespertina,,29-1-2,,,,,5,Wet, Ian McTaggart-Cowan,1973-04-20,,,,,,marine,,,,,Canada,British Columbia,Galiano Island,north of Montague Harbour,,48.9,-123.416666666667,False,,,,,North America,Gulf Islands,Strait of Georgia,,T.00.018.INVT,,,,Isopropanol - 60%,Ethanol - 90%,,,,,,,2004-04-08,Heidi Gartner,9/5/2019 3:48:02 PM,
989-00041-001,Metridium,Metridium,Cnidaria,Anthozoa,Actiniara,Metridiidae,Metridium,,,,, Daphne Fautin,1989-03-29,,2,Wet, P. Frank; Rita O'Clair,1976-06-20,National Museum 760029,,,,,marine,,,floats,,Canada,British Columbia,Galiano Island; Virago Point,,,49.01,-123.583333333333,False,,,,,North America,Gulf Islands,Strait of Georgia,,T.00.018.INVT-BIN.150,,,Jar,Isopropanol - 60%,,,,,,,,2004-04-08,,,
989-00585-001,Patinopecten caurinus,Patinopecten caurinus,Mollusca,Bivalvia,Ostreoida,Pectinidae,Patinopecten,caurinus,,,,,,,1,Dry, Neil Bourne,1967-04-01,,109.7300,109.7300,m,,marine,,,,,Canada,British Columbia,Porlier Pass,,,49.0166666666667,-123.583333333333,False,,,,,North America,Gulf Islands,Strait of Georgia,Bernard,T.00.018.INVT,,,,,,,,,,,,2004-04-08,,,
989-00864-001,Patinopecten caurinus,Patinopecten caurinus,Mollusca,Bivalvia,Ostreoida,Pectinidae,Patinopecten,caurinus,,,,,,,1,Dry, Dan Quayle,,,110.0000,110.0000,m,,marine,,,,,Canada,British Columbia,Porlier Pass,,,49.0166666666667,-123.583333333333,False,,,,,North America,Gulf Islands,Strait of Georgia,Bernard,T.00.018.INVT,,,,,,,,,,,,2004-04-08,,,
989-00923-001,Chlamys hastata hericia,Chlamys hastata hericia,Mollusca,Bivalvia,Ostreoida,Pectinidae,Chlamys,hastata,hericia,32-3-2-6,,,,,2,Dry, Dan Quayle,1962-01-01,,,,,,marine,,,,,Canada,British Columbia,Porlier Pass,,,49.0166666666667,-123.583333333333,False,,,,,North America,Gulf Islands,Strait of Georgia,Bernard,T.00.018.INVT,,,,,,,,,,,,2004-04-08,,,
991-00066-001,Lepidochitona,Lepidochitona,Mollusca,Polyplacophora,Neoloricata,Tonicellidae,Lepidochitona,,,29-1-1,,,2008-08-15,,5,Dry, Charles Newcombe,1893-06-01,,,,,,marine,,,,,Canada,British Columbia,Galiano Island,,,48.9333333333333,-123.45,False,,,,,North America,Gulf Islands,Strait of Georgia,,T.00.018.INVT,,,,,,,,,,,,2004-04-08,,,
991-00066-002,Tonicella,Tonicella,Mollusca,Polyplacophora,Neoloricata,Tonicellidae,Tonicella,,,,,,2002-03-12,,1,Dry, Charles Newcombe,1893-06-01,,,,,,marine,,,,,Canada,British Columbia,Galiano Island,,,48.9333333333333,-123.45,False,,,,,North America,Gulf Islands,Strait of Georgia,Newcombe,T.00.018.INVT,,,Box,,,,,,,,Rian Dickson,2002-03-12,,,
991-00464-001,Yoldia amygdalea,Yoldia amygdalea,Mollusca,Bivalvia,Nuculoida,Yoldiidae,Yoldia,amygdalea,,32-2-1-2,,,,,13,Dry, John Fleury,1962-09-14,FRB 62-50,73.0000,73.0000,m,,marine,,,mud,,Canada,British Columbia,Trincomali Channel; Walker Rock,,,48.925,-123.491666666667,False,,,,,North America,Gulf Islands,Strait of Georgia,Bernard,T.00.018.INVT,,,,,,,,,,,,2004-04-08,,,
991-00498-001,Yoldia scissurata,Yoldia scissurata,Mollusca,Bivalvia,Nuculoida,Yoldiidae,Yoldia,scissurata,,32-2-1-2," Yoldia ensifera Dall, 1897; Yoldia plena Dall, 1908",,,,3,Dry,,1917-06-29,,29.0000,29.0000,m,,marine,,,,,Canada,British Columbia,Trincomali Channel,,,48.8666666666667,-123.391666666667,False,,,,,North America,Gulf Islands,Strait of Georgia,Bernard,T.00.018.INVT,,,,,,,,,,,,2004-04-08,,,
991-00500-001,Yoldia thraciaeformis,Yoldia thraciaeformis,Mollusca,Bivalvia,Nuculoida,Yoldiidae,Yoldia,thraciaeformis,,32-2-1-2,,,,,1,Dry, Dan Quayle,1942-06-01,,201.0000,201.0000,m,,marine,,,,,Canada,British Columbia,Stuart Channel,near Saltspring Island,,48.8666666666667,-123.391666666667,False,,,,,North America,Gulf Islands,Strait of Georgia,Bernard,T.00.018.INVT,,,,,,,,,,,,2004-04-08,,,
991-00521-001,Patinopecten caurinus,Patinopecten caurinus,Mollusca,Bivalvia,Ostreoida,Pectinidae,Patinopecten,caurinus,,,,,,,1,Dry, Dan Quayle,1964-06-01,,37.0000,37.0000,m,,marine,,,,,Canada,British Columbia,Porlier Pass,,,49.0166666666667,-123.583333333333,False,,,,,North America,Gulf Islands,Strait of Georgia,Bernard,T.00.018.INVT,,,,,,,,,,,,2004-04-08,,,
991-00598-001,Bathydrilus litoreus,Bathydrilus litoreus,Annelida,Clitellata,Haplotaxida,Tubificidae,Bathydrilus,litoreus,,,,,,,1,, Randy Baker,1979-07-05,GI 020,,,,,marine,,,,,Canada,British Columbia,Galiano Island,west coast of Galiano Island,,48.9166666666667,-123.45,False,,,,,North America,Gulf Islands,Strait of Georgia,,T.00.018.INVT,,,,,,,,,,,,2004-04-08,,,
991-00598-002,Limnodriloides victoriensis,Limnodriloides victoriensis,Annelida,Clitellata,Haplotaxida,Tubificidae,Limnodriloides,victoriensis,,19-4,,,,,1,, Randy Baker,1979-07-05,GI 020,,,,,marine,,,,,Canada,British Columbia,Galiano Island,west coast of Galiano Island,,48.9166666666667,-123.45,False,,,,,North America,Gulf Islands,Strait of Georgia,,T.00.018.INVT,,,,,,,,,,,,2004-04-08,,,
991-00598-003,Limnodriloides victoriensis,Limnodriloides victoriensis,Annelida,Clitellata,Haplotaxida,Tubificidae,Limnodriloides,victoriensis,,19-4,,,,,,, Randy Baker,1979-07-05,GI 020,,,,,marine,,,,,Canada,British Columbia,Galiano Island,west coast of Galiano Island,,48.9166666666667,-123.45,False,,,,,North America,Gulf Islands,Strait of Georgia,,T.00.018.INVT,,,,,,,,,,,,2004-04-08,,,
991-00598-004,Limnodriloides victoriensis,Limnodriloides victoriensis,Annelida,Clitellata,Haplotaxida,Tubificidae,Limnodriloides,victoriensis,,19-4,,,,,,, Randy Baker,1979-07-05,GI 020,,,,,marine,,,,,Canada,British Columbia,Galiano Island,west coast of Galiano Island,,48.9166666666667,-123.45,False,,,,,North America,Gulf Islands,Strait of Georgia,,T.00.018.INVT,,,,,,,,,,,,2004-04-08,,,
991-00720-001,Limnodriloides victoriensis,Limnodriloides victoriensis,Annelida,Clitellata,Haplotaxida,Tubificidae,Limnodriloides,victoriensis,,19-4,,,,,,, Randy Baker,1979-07-05,GI 20,,,,,marine,,,,,Canada,British Columbia,Galiano Island; Whaler Bay,,,48.89,-123.33,False,,,,,North America,Gulf Islands,Strait of Georgia,,T.00.018.INVT,,,,,,,,,,,,2004-04-08,,,
994-00072-002,Daphnia longiremis,Daphnia longiremis,Arthropoda,Branchiopoda,Cladocera,Daphniidae,Daphnia,longiremis,,25-1-4-2-6,, Bert Loro,1998-01-14,,5,Wet,,1991-05-10,,,,,,freshwater,,,,,Canada,British Columbia,Gulf Islands; Galiano Island; Stocking Lake,,,48.9666666666667,-123.833333333333,False,,,,,North America,,,,T.00.018.INVT,,,,Isopropanol - 60%,formalin - 10%,,,,,,,,,,
997-00068-001,Pandalopsis lucidirimicola,Pandalopsis lucidirimicola,Arthropoda,Malacostraca,Decapoda,Pandalidae,Pandalopsis,lucidirimicola,,25-6-10-5,,,,,1,Wet, Daniel Kent,1995-11-24,,17.0000,18.0000,m,,marine,,,,,Canada,British Columbia,Galiano Island; Matthews Point,,,48.86,-123.328333333333,False,,,,,North America,Gulf Islands,Strait of Georgia,,T.00.018.INVT,Paratype,male,,Isopropanol - 60%,,,,,,,,2004-04-08,Heidi Gartner,5/13/2015 4:44:01 PM,
997-00574-001,Pandalopsis,Pandalopsis,Arthropoda,Malacostraca,Decapoda,Pandalidae,Pandalopsis,,,25-6-10-5,,,,,1,Wet, Gregory Jensen,1995-11-24,,16.7000,18.3000,m,,marine,,,,,Canada,British Columbia,Galiano Island; Matthews Point,,,48.8583333333333,-123.326666666667,False,,,,,North America,Gulf Islands,Strait of Georgia,,T.00.018.INVT-BIN.548,,not a postitive spp id,,Isopropanol - 60%,formalin - 10%,,,,,,,2004-04-08,,,
999-00379-001,Eubranchipus oregonus,Eubranchipus oregonus,Arthropoda,Branchiopoda,Anostraca,Chirocephalidae,Eubranchipus,oregonus,,25-1-1,, Kristina Grant,2013-10-25,,1,Wet, Geoffrey Scudder,1999-03-02,,,,,,freshwater,,,,,Canada,British Columbia,Galiano Island,Spanish Hills,,,,False,,,,,North America,Gulf Islands,,,T.00.018.INVT-BIN.353,,,Vial,Isopropanol - 60%,,,,,,,,1999-11-10,,,