key,latitude,longitude,iNaturalis,Corrected,Correction,Lat_new,Long_new
BCCSN:620,48.8682,-123.311,Orcinus orca,yes,location appears mostly accurate; moved offshore,48.8674241603659,-123.308995643872
CMN:CMNC 1982-0567,49.01,-123.58,Pentidotea wosnesenskii,yes,moved offshore Virago Point,49.0104044857045,-123.588028547018
CMN:CMNC 1982-0571,48.88,-123.32,Pentidotea wosnesenskii,yes,"location adjusted to precisely the area specified in CMN metadata; intertidal, west of Sturdies Bay ferry dock",48.877590777222,-123.316747038049
CMN:CMNC 1987-0202,48.88,-123.32,Gnorimosphaeroma oregonense,yes,"location adjusted to precisely the area specified in CMN metadata; intertidal, west of Sturdies Bay ferry dock",48.8775467160157,-123.316612033352
CMN:CMNC 1987-0215,48.88,-123.32,Gnorimosphaeroma oregonense,yes,"location adjusted to precisely the area specified in CMN metadata; intertidal, west of Sturdies Bay ferry dock",48.8775470396285,-123.316494149704
CMN:CMNC 2004-0232,48.88,-123.32,Gnathopleustes pachychaetus,yes,"location adjusted to precisely the area specified in CMN metadata; intertidal, west of Sturdies Bay ferry dock",48.8775357090229,-123.316747983297
CMN:CMNC 2004-3237,49.01,-123.58,Heptacarpus brevirostris,yes,moved offshore Virago Point,49.0105029347318,-123.587930440467
CMN:CMNC 2006-0611,49.01,-123.58,Desdimelita californica,yes,moved offshore Virago Point,49.0105343177844,-123.588178975096
CMN:CMNC 2007-0102,49.01,-123.58,Desdimelita microdentata,yes,moved offshore Virago Point,49.0105345707645,-123.588129345057
CMN:CMNFI 1985-0088.1,48.88,-123.33,Parophrys vetulus,yes,"location highly inaccurate; moved to adjacent offshore waters southwest of Galiano Island, as specified in CMN metadata",48.8666866460201,-123.387207467881
CMN:CMNFI 1985-0088.2,48.88,-123.33,Platichthys stellatus,yes,"location highly inaccurate; moved to adjacent offshore waters southwest of Galiano Island, as specified in CMN metadata",48.8656582098434,-123.386346871143
CMN:CMNFI 1985-0088.3,48.88,-123.33,Leptocottus armatus,yes,"location highly inaccurate; moved to adjacent offshore waters southwest of Galiano Island, as specified in CMN metadata",48.8660308437396,-123.387060296767
CMN:CMNFI 1985-0088.4,48.88,-123.33,Oligocottus maculosus,yes,"location highly inaccurate; moved to adjacent offshore waters southwest of Galiano Island, as specified in CMN metadata",48.8662216871129,-123.386066984953
CMN:CMNI 1989-0211,49.01,-123.58,Corella willmeriana,yes,moved offshore Virago Point,49.0104702869923,-123.587930056042
Gal-Salm:0,48.94204519,-123.500449,Oncorhynchus kisutch,no,record accurate; salmonid in stream,48.94204519,-123.500449
Gal-Salm:1,48.87841817,-123.350193,Oncorhynchus clarkii,no,location accurate; salmonid in stream,48.87841817,-123.350193
Gal-Salm:10,48.97868054,-123.557805,Gasterosteus aculeatus,no,location accurate; salmonid in stream,48.97868054,-123.557805
Gal-Salm:11,48.97876552,-123.55739,Gasterosteus aculeatus,no,location accurate; salmonid in stream,48.97876552,-123.55739
Gal-Salm:2,48.87839682,-123.350016,Oncorhynchus clarkii,no,location accurate; salmonid in stream,48.87839682,-123.350016
Gal-Salm:3,48.87851854,-123.35078,Oncorhynchus clarkii,no,location accurate; salmonid in stream,48.87851854,-123.35078
Gal-Salm:4,48.879003,-123.3546,Oncorhynchus clarkii,no,location accurate; salmonid in stream,48.879003,-123.3546
Gal-Salm:5,48.87901096,-123.35439,Oncorhynchus clarkii,no,location accurate; salmonid in stream,48.87901096,-123.35439
Gal-Salm:6,48.87905791,-123.35335,Oncorhynchus clarkii,no,location accurate; salmonid in stream,48.87905791,-123.35335
Gal-Salm:7,48.97432785,-123.559996,Oncorhynchus clarkii,no,location accurate; salmonid in stream,48.97432785,-123.559996
Gal-Salm:8,48.97661529,-123.558385,Gasterosteus aculeatus,no,location accurate; salmonid in stream,48.97661529,-123.558385
Gal-Salm:9,48.97679603,-123.558357,Gasterosteus aculeatus,no,location accurate; salmonid in stream,48.97679603,-123.558357
iNat:10714107,48.8606388889,-123.3604583333,Phoca vitulina richardii,yes,shunted to adjacent shoreline,48.8598249930584,-123.360452379085
iNat:10819152,49.0089448758,-123.5848290128,Dermasterias imbricata,yes,shunted to adjacent intertidal,49.0088819522613,-123.585312612113
iNat:10826346,48.8956796021,-123.4100323475,Dermasterias imbricata,yes,record appears mostly accurate; shunted into nearby intertidal on Grey Peninsula,48.8957581955505,-123.410541502775
iNat:11578309,48.8630533333,-123.373505,Cancer productus,yes,shunted to adjacent shoreline,48.8624537280712,-123.373710215128
iNat:12684290,48.9402414,-123.5043485,Pagurus beringanus,yes,shunted to adjacent waters in Retreat Cove,48.9398195070882,-123.504674519877
iNat:12684294,48.9407071879,-123.5046851635,Pycnopodia helianthoides,yes,shunted to adjacent waters in Retreat Cove,48.9412457277341,-123.504620720085
iNat:12744163,48.9408929968,-123.5044072864,Pisaster brevispinus,yes,shunted to adjacent waters in Retreat Cove,48.9411798521341,-123.504279157481
iNat:12970639,48.9405771681,-123.5033499606,Pisaster ochraceus,yes,shunted to adjacent waters in Retreat Cove,48.940819231143,-123.50329544831
iNat:12970650,48.940907091,-123.5040854213,Pholis laeta,yes,shunted to adjacent waters in Retreat Cove,48.9410915200483,-123.50393736969
iNat:12970653,48.9403728007,-123.5033070444,Gadus macrocephalus,yes,shunted to adjacent waters in Retreat Cove,48.9406020743904,-123.502884191382
iNat:12970657,48.9402107155,-123.5027598737,Oligocottus maculosus,yes,shunted to adjacent waters in Retreat Cove,48.9404513171577,-123.502695185351
iNat:13026269,48.9404319588,-123.5039213042,Crangon,yes,shunted to adjacent waters in Retreat Cove,48.9410368329453,-123.50360444405
iNat:13029356,48.9405447133,-123.5032990317,Pagurus granosimanus,yes,shunted to adjacent waters in Retreat Cove,48.940730041292,-123.503149670965
iNat:13974257,48.8658576255,-123.3501205668,Clinocardium nuttallii,yes,record appears mostly accurate; shunted slightly into intertidal,48.865740955676,-123.349794370505
iNat:14063625,48.8622868029,-123.3215332031,Doris montereyensis,yes,record appears mostly accurate; shunted slightly to nearby intertidal,48.8621469798359,-123.321552789256
iNat:14276713,48.8941401877,-123.407079287,Hemigrapsus oregonensis,no,location appears accurate; intertidal species,48.8941401877,-123.407079287
iNat:14385957,48.9405552842,-123.5031917433,Aeolidia papillosa,yes,shunted to adjacent waters in Retreat Cove,48.9406687719411,-123.503038264214
iNat:14385958,48.9403823422,-123.5045416218,Aeolidia loui,yes,shunted to adjacent waters in Retreat Cove,48.9399808919374,-123.50499999279
iNat:15038969,48.9005555556,-123.4070722222,Megalorchestia pugettensis,yes,record mostly appears accurate; shunted slightly into nearby waters,48.9005665538921,-123.407243186397
iNat:15156184,48.917018082,-123.394953143,Diadumene lineata,no,location appears accurate; intertidal species,48.917018082,-123.394953143
iNat:16014197,48.90057,-123.4068833333,Cymatogaster aggregata,yes,record mostly appears accurate; shunted slightly into nearby waters at Montague beach,48.9006179355106,-123.40723386811
iNat:16144794,48.8941883333,-123.3360966667,Hexagrammos stelleri,no,location appears accurate; intertidal species,48.8941883333,-123.3360966667
iNat:16335612,48.8822348887,-123.3336118507,Orcinus orca,yes,"location highly inaccurate; uncertain; moved to nearby offshore waters in Strait of Georgia, near Whaler Bay, though orcas are not commonly seen here",48.8968557668683,-123.32861464822
iNat:16407423,48.9427162976,-123.4950318542,Eumetopias jubatus,yes,coordinates obscured; Karen Steve Smith provided me with the correct coordinates,48.990246,-123.581148
iNat:17046325,49.0114197416,-123.5752051324,Pisaster ochraceus,yes,shunted to adjacent intertidal,49.0125948865365,-123.575077876998
iNat:17772044,48.923647,-123.441472,Orcinus orca,yes,location highly inaccurate; likely observed in Active Pass; coordinates not actually obscured on iNaturalist,48.8600644430896,-123.344854020828
iNat:17772045,48.923647,-123.441472,Orcinus orca,yes,location highly inaccurate; likely observed in Active Pass; coordinates not actually obscured on iNaturalist,48.8600644430896,-123.344854020828
iNat:17772046,48.923647,-123.441472,Orcinus orca,yes,location highly inaccurate; likely observed in Active Pass; coordinates not actually obscured on iNaturalist,48.8600644430896,-123.344854020828
iNat:17905844,48.9706883333,-123.559455,Magallana gigas,yes,record fairly accurate; shunted slightly into intertidal,48.9706299391327,-123.559614420409
iNat:18987230,48.9269179422,-123.4192100831,Phoca vitulina richardii,yes,shunted to adjacent shoreline,48.9272059399073,-123.419017605405
iNat:18992768,48.8978151328,-123.4018832202,Strongylocentrotus droebachiensis,yes,location appears mostly accurate; shunted slightly into adjacent intertidal Montague Harbour,48.8976408194874,-123.401813927767
iNat:19608684,49.0116442697,-123.5853355005,Cancer productus,yes,shunted to adjacent intertidal,49.0124089137147,-123.585889370396
iNat:19651746,48.9427958388,-123.5137104616,Saxidomus gigantea,yes,location appears mostly accurate; shunted slightly into intertidal,48.9427365620057,-123.513771497601
iNat:19886394,48.8978466667,-123.4003966667,Balanus crenatus,yes,location appears mostly accurate; shunted into adjacent intertidal Montague Harbour,48.8977272535892,-123.400398722799
iNat:19886416,48.897945,-123.4002383333,Mytilus edulis,yes,location appears mostly accurate; shunted into adjacent intertidal Montague Harbour,48.897733757379,-123.40018599307
iNat:19963152,48.9437657608,-123.5159748968,Lontra canadensis,no,location mostly accurate; shoreline observation,48.9437657608,-123.5159748968
iNat:20313581,48.862661727,-123.3502317003,Phoca vitulina richardii,no,record appears mostly accurate; shoreline seal,48.862661727,-123.3502317003
iNat:21351486,49.0127440629,-123.5730495411,Metacarcinus magister,no,record accurate; Dionisio beach,49.0127440629,-123.5730495411
iNat:22642728,48.884834546,-123.3217174727,Evasterias troschelii,no,location appears accurate; intertidal species,48.884834546,-123.3217174727
iNat:22642730,48.8848363098,-123.3217294102,Metridium senile,no,location appears accurate; intertidal species,48.8848363098,-123.3217294102
iNat:22642731,48.8848433648,-123.3217455034,Pisaster ochraceus,no,location appears accurate; intertidal species,48.8848433648,-123.3217455034
iNat:22659344,48.8776583333,-123.31682,Doris montereyensis,no,record appears accurate; intertidal life; Sturdies Bay,48.8776583333,-123.31682
iNat:23263482,48.887203401,-123.3887548932,Hemigrapsus oregonensis,no,location appears accurate; intertidal species,48.887203401,-123.3887548932
iNat:23572001,48.8971723302,-123.4093573826,Dermasterias imbricata,yes,record mostly appears accurate; shunted slightly into nearby waters at Montague beach,48.8975028613896,-123.409495606981
iNat:23572984,48.8955848247,-123.4104036942,Pisaster ochraceus,yes,record appears mostly accurate; shunted into nearby intertidal on Grey Peninsula,48.8956709896908,-123.410818015638
iNat:24237919,48.9048288251,-123.34489977,Anthopleura artemisia,no,location appears accurate; intertidal species,48.9048288251,-123.34489977
iNat:24518428,48.8723409,-123.31074571,Mytilus edulis,no,location appears accurate; intertidal life; Bellhouse Park,48.8723409,-123.31074571
iNat:24518546,48.8723373413,-123.3107453585,Anthopleura artemisia,no,location appears accurate; intertidal life; Bellhouse Park,48.8723373413,-123.3107453585
iNat:24518704,48.8723427057,-123.3106863499,Lottia digitalis,no,location appears accurate; intertidal life; Bellhouse Park,48.8723427057,-123.3106863499
iNat:24519360,48.8721978664,-123.3109277487,Diodora aspera,no,location appears accurate; intertidal life; Bellhouse Park,48.8721978664,-123.3109277487
iNat:24520358,48.8714951277,-123.3109331131,Chthamalus dalli,no,record appears accurate; intertidal species; Bellhouse Park,48.8714951277,-123.3109331131
iNat:24520727,48.87148425,-123.31109668,Pisaster ochraceus,no,record appears accurate; intertidal species; Bellhouse Park,48.87148425,-123.31109668
iNat:24521850,48.8724495,-123.3149592,Hemigrapsus nudus,yes,record accuracy poor; highly likely to have been observed on the shoreline of Bellhouse Park,48.8720576656157,-123.310622863536
iNat:24521901,48.8714843988,-123.3117645979,Dermasterias imbricata,no,location appears accurate,48.8714843988,-123.3117645979
iNat:24532981,48.9002376795,-123.4069240093,Melibe leonina,yes,record mostly appears accurate; shunted slightly into nearby waters,48.9003222418949,-123.407358029623
iNat:24533137,48.9002591372,-123.4069186449,Telmessus cheiragonus,yes,record mostly appears accurate; shunted slightly into nearby waters at Montague beach,48.9003990564124,-123.407417068004
iNat:24533497,48.9002430439,-123.4069991112,Caprella mutica,yes,record mostly appears accurate; shunted slightly into nearby waters at Montague beach,48.9003349755369,-123.407387340136
iNat:24535399,48.90022284,-123.4069054,Evasterias troschelii,yes,record mostly appears accurate; shunted slightly into nearby waters at Montague beach,48.900437773188,-123.407358968503
iNat:24535513,48.9002001286,-123.4069025517,Arctonoe pulchra,yes,record mostly appears accurate; shunted slightly into nearby waters at Montague beach,48.9003990564124,-123.407417068004
iNat:24539923,48.9011442661,-123.4072190523,Nucella ostrina,yes,record mostly appears accurate; shunted slightly into nearby waters at Montague beach,48.9010412063998,-123.407334665039
iNat:24539940,48.9011925459,-123.4072244167,Saxidomus gigantea,yes,record mostly appears accurate; shunted slightly into nearby waters at Montague beach,48.9010727481298,-123.407490694488
iNat:24540235,48.90115417,-123.40703083,Mytilus edulis,yes,record mostly appears accurate; shunted slightly into nearby waters at Montague beach,48.901002661586,-123.407344087618
iNat:24540273,48.9002323151,-123.4068489075,Apostichopus californicus,yes,record mostly appears accurate; shunted slightly into nearby waters at Montague beach,48.9003481218307,-123.40729982586
iNat:24540309,48.900205493,-123.4068918228,Pisaster brevispinus,yes,record mostly appears accurate; shunted slightly into nearby waters at Montague beach,48.9004187242881,-123.407300399538
iNat:24541323,48.9001733065,-123.4069186449,Platynereis bicanaliculata,yes,record mostly appears accurate; shunted slightly into nearby waters at Montague beach,48.9004058187092,-123.407319766056
iNat:24541621,48.9002591372,-123.4068274498,Calliostoma ligatum,yes,record mostly appears accurate; shunted slightly into nearby waters at Montague beach,48.9003674114294,-123.407290246913
iNat:24541707,48.90022257,-123.40691856,Pentidotea resecata,yes,record mostly appears accurate; shunted slightly into nearby waters at Montague beach,48.9004443979087,-123.407300608149
iNat:24545711,48.9001196623,-123.4069615602,Pugettia gracilis,yes,record mostly appears accurate; shunted slightly into nearby waters at Montague beach,48.9004569596249,-123.407378595827
iNat:24553778,48.9001283333,-123.4068833333,Doris montereyensis,yes,record mostly appears accurate; shunted slightly into nearby waters at Montague beach,48.9003290041416,-123.407260727816
iNat:24553831,48.90022839,-123.40693726,Clinocardium nuttallii,yes,record mostly appears accurate; shunted slightly into nearby waters at Montague beach,48.9004634124196,-123.407368912567
iNat:24633668,48.9646533333,-123.5157866667,Pisaster ochraceus,no,location appears accurate; intertidal species,48.9646533333,-123.5157866667
iNat:24666640,48.9640666667,-123.5151361111,Hemigrapsus nudus,no,location appears accurate; intertidal species,48.9640666667,-123.5151361111
iNat:24672700,48.8997083333,-123.40715,Balanus glandula,yes,record mostly appears accurate; shunted slightly into nearby waters at Montague beach,48.8999740652919,-123.407803038088
iNat:24672703,48.9000194444,-123.4073555556,Mytilus edulis,yes,record mostly appears accurate; shunted slightly into nearby waters at Montague beach,48.9000772072408,-123.407677314035
iNat:24672782,48.8999027778,-123.4074166667,Magallana gigas,yes,record mostly appears accurate; shunted slightly into nearby waters at Montague beach,48.9000449087094,-123.40773546508
iNat:24674122,48.9647027778,-123.5157861111,Pisaster ochraceus,no,location appears accurate; intertidal species,48.9647027778,-123.5157861111
iNat:24674178,48.9646527778,-123.5157861111,Pisaster ochraceus,no,location appears accurate; intertidal species,48.9646527778,-123.5157861111
iNat:24677475,48.8993916667,-123.4075166667,Cancer productus,yes,record mostly appears accurate; shunted slightly into nearby waters at Montague beach,48.8994991032821,-123.407799174139
iNat:24688997,48.87231469,-123.31065397,Mytilus edulis,no,location appears accurate; intertidal life; Bellhouse Park,48.87231469,-123.31065397
iNat:24689042,48.87238259,-123.31072698,Anthopleura artemisia,no,location appears accurate; intertidal life; Bellhouse Park,48.87238259,-123.31072698
iNat:24689097,48.87221831,-123.31091312,Balanus glandula,no,location appears accurate; intertidal life; Bellhouse Park,48.87221831,-123.31091312
iNat:24689120,48.87187381,-123.3105422,Hemigrapsus oregonensis,no,record appears accurate; intertidal species; Bellhouse Park,48.87187381,-123.3105422
iNat:24689379,48.87150752,-123.31148838,Diadumene lineata,no,record appears accurate; intertidal species; Bellhouse Park,48.87150752,-123.31148838
iNat:24689677,48.90014052,-123.40683973,Apostichopus californicus,yes,record mostly appears accurate; shunted slightly into nearby waters at Montague beach,48.9004120995675,-123.407358759863
iNat:24689686,48.90019238,-123.40681844,Dirona albolineata,yes,record mostly appears accurate; shunted slightly into nearby waters at Montague beach,48.9003609586412,-123.407299930165
iNat:24689699,48.90019711,-123.40679821,Pugettia producta,yes,record mostly appears accurate; shunted slightly into nearby waters at Montague beach,48.9004313203941,-123.40736865176
iNat:24690312,48.9636638889,-123.5149083333,Balanus glandula,yes,location apparently accurate; shunted slightly into intertidal,48.963784359279,-123.514784466616
iNat:24694077,48.9636277778,-123.5146166667,Pisaster ochraceus,no,location appears accurate; intertidal species,48.9636277778,-123.5146166667
iNat:24694078,48.9638972222,-123.5148083333,Hemigrapsus oregonensis,no,location appears accurate; intertidal species,48.9638972222,-123.5148083333
iNat:24694096,48.9645805556,-123.5167694444,Cancer productus,yes,shunted to adjacent intertidal,48.9630448060973,-123.514251662006
iNat:24697545,48.8726277778,-123.3105555556,Semibalanus cariosus,no,location appears accurate; intertidal life; Bellhouse Park,48.8726277778,-123.3105555556
iNat:24697546,48.8726305556,-123.3105555556,Mytilus edulis,no,location appears accurate; intertidal life; Bellhouse Park,48.8726305556,-123.3105555556
iNat:24697554,48.8726305556,-123.3107305556,Balanus glandula,no,location appears accurate; intertidal life; Bellhouse Park,48.8726305556,-123.3107305556
iNat:24697674,48.8717527778,-123.3103166667,Mytilus edulis,no,record appears accurate; intertidal species; Bellhouse Park,48.8717527778,-123.3103166667
iNat:24697681,48.8715666667,-123.3103638889,Chthamalus dalli,no,record appears accurate; intertidal species; Bellhouse Park,48.8715666667,-123.3103638889
iNat:24697895,48.9642633333,-123.5151833333,Pentidotea wosnesenskii,no,location appears accurate; intertidal species,48.9642633333,-123.5151833333
iNat:24698156,48.9629633333,-123.5144716667,Hemigrapsus nudus,yes,location apparently accurate; shunted slightly to intertidal,48.9630948486945,-123.514309470342
iNat:24698195,48.963275,-123.51438,Pisaster ochraceus,no,location appears accurate; intertidal species,48.963275,-123.51438
iNat:24701214,48.8989333333,-123.4077388889,Leukoma staminea,yes,record mostly appears accurate; shunted slightly into nearby waters at Montague beach,48.8990170686128,-123.407980225762
iNat:24701225,48.897775,-123.4083861111,Nucella lamellosa,yes,record mostly appears accurate; shunted slightly into nearby waters at Montague beach,48.8981637487903,-123.408371817865
iNat:24701248,48.8968472222,-123.40625,Hemigrapsus oregonensis,no,record appears accurate; tidal mud flats,48.8968472222,-123.40625
iNat:24701253,48.8968555556,-123.4063194444,Mytilus edulis,no,record appears accurate; tidal mud flats,48.8968555556,-123.4063194444
iNat:24701255,48.8968472222,-123.4062638889,Magallana gigas,no,record appears accurate; tidal mud flats,48.8968472222,-123.4062638889
iNat:24701258,48.8967055556,-123.4059972222,Mya arenaria,no,record appears accurate; tidal mud flats,48.8967055556,-123.4059972222
iNat:24702030,48.8724283333,-123.31068,Phoca vitulina richardii,no,location appears accurate; shoreline seal; Bellhouse Park,48.8724283333,-123.31068
iNat:24702033,48.87237,-123.3105266667,Pisaster ochraceus,no,location appears accurate; intertidal life; Bellhouse Park,48.87237,-123.3105266667
iNat:24702036,48.872395,-123.3105083333,Pisaster ochraceus,no,location appears accurate; intertidal life; Bellhouse Park,48.872395,-123.3105083333
iNat:24702038,48.872275,-123.3107733333,Dermasterias imbricata,no,location appears accurate; intertidal life; Bellhouse Park,48.872275,-123.3107733333
iNat:24708097,48.8715179684,-123.3114796133,Diadumene lineata,no,record appears accurate; intertidal species; Bellhouse Park,48.8715179684,-123.3114796133
iNat:24708396,48.8724970585,-123.3106730228,Phoca vitulina richardii,no,location appears accurate; shoreline seal; Bellhouse Park,48.8724970585,-123.3106730228
iNat:24708433,48.8724641595,-123.3105322906,Mytilus edulis,no,location appears accurate; intertidal life; Bellhouse Park,48.8724641595,-123.3105322906
iNat:24708471,48.8724156283,-123.3105105815,Semibalanus cariosus,no,location appears accurate; intertidal life; Bellhouse Park,48.8724156283,-123.3105105815
iNat:24708488,48.8724515867,-123.3105442767,Pisaster ochraceus,no,location appears accurate; intertidal life; Bellhouse Park,48.8724515867,-123.3105442767
iNat:24708510,48.8722513849,-123.3106584382,Cancer productus,no,location appears accurate; intertidal life; Bellhouse Park,48.8722513849,-123.3106584382
iNat:24708760,48.8723633333,-123.31071,Mytilus edulis,no,location appears accurate; intertidal life; Bellhouse Park,48.8723633333,-123.31071
iNat:24708763,48.872395,-123.31056,Pisaster ochraceus,no,location appears accurate; intertidal life; Bellhouse Park,48.872395,-123.31056
iNat:24710961,48.8717092853,-123.3102558554,Semibalanus cariosus,no,record appears accurate; intertidal species; Bellhouse Park,48.8717092853,-123.3102558554
iNat:24711782,49.0132664702,-123.5733530002,Hemigrapsus oregonensis,yes,shunted to adjacent intertidal,49.0131834241814,-123.573577111797
iNat:24711784,49.0132664702,-123.5733530002,Doris montereyensis,yes,shunted to adjacent intertidal,49.0131787860942,-123.573577058512
iNat:24711786,49.0132664702,-123.5733530002,Dermasterias imbricata,yes,shunted to adjacent intertidal,49.0131833190292,-123.573598264942
iNat:24711790,49.0132664702,-123.5733530002,Pentidotea wosnesenskii,yes,shunted to adjacent intertidal,49.0131879220648,-123.573605369277
iNat:24711793,49.0132664702,-123.5733530002,Mytilus edulis,yes,shunted to adjacent intertidal,49.0131880272183,-123.573584216131
iNat:24711794,49.0132664702,-123.5733530002,Hermissenda crassicornis,yes,shunted to adjacent intertidal,49.0131740779059,-123.573591107321
iNat:24711795,49.0132664702,-123.5733530002,Doris montereyensis,yes,shunted to adjacent intertidal,49.0131740428547,-123.573598158368
iNat:24711796,49.0132664702,-123.5733530002,Hemigrapsus nudus,yes,shunted to adjacent intertidal,49.0131833891311,-123.573584162845
iNat:24711797,49.0132664702,-123.5733530002,Anthopleura elegantissima,yes,shunted to adjacent intertidal,49.0131833540804,-123.573591213894
iNat:24711910,48.8718207164,-123.3111230786,Pisaster ochraceus,yes,location appears mostly accurate; shunted to nearby intertidal Bellhouse Park,48.8714763418193,-123.311215556974
iNat:24711911,48.8717083535,-123.3116011714,Doris montereyensis,yes,record appears mostly accurate; shunted to nearby intertidal Bellhouse Park,48.8714532161226,-123.31160639192
iNat:24713858,48.871487584,-123.3111097199,Balanus glandula,no,record appears accurate; intertidal species; Bellhouse Park,48.871487584,-123.3111097199
iNat:24713902,48.8723173924,-123.3106847574,Anthopleura artemisia,no,location appears accurate; intertidal life; Bellhouse Park,48.8723173924,-123.3106847574
iNat:24713910,48.8723558235,-123.310671514,Dermasterias imbricata,no,location appears accurate; intertidal life; Bellhouse Park,48.8723558235,-123.310671514
iNat:24714303,49.0135592315,-123.5732900589,Pisaster ochraceus,yes,shunted to adjacent intertidal,49.0134315417345,-123.573782142539
iNat:24714305,49.0135592315,-123.5732900589,Onchidoris bilamellata,yes,shunted to adjacent intertidal,49.0134394949131,-123.573788302665
iNat:24714308,49.0135592315,-123.5732900589,Evasterias troschelii,yes,shunted to adjacent intertidal,49.0134275198809,-123.573788165038
iNat:24714310,49.0135592315,-123.5732900589,Anthopleura artemisia,yes,shunted to adjacent intertidal,49.0134514699453,-123.573788440293
iNat:24714311,49.0135592315,-123.5732900589,Pisaster ochraceus,yes,shunted to intertidal,49.0134394949131,-123.573788302665
iNat:24714313,49.0135592315,-123.5732900589,Oligocottus maculosus,yes,shunted off Dionisio Peninsula toward intertidal,49.0134435167668,-123.573782280165
iNat:24714323,49.0135592315,-123.5732900589,Phoca vitulina richardii,yes,shunted to nearby offshore waters,49.0134818035645,-123.574110431472
iNat:24714333,49.0135592315,-123.5732900589,Semibalanus cariosus,yes,shunted to nearby intertidal,49.0134394949131,-123.573788302665
iNat:24714367,48.8725709869,-123.3105303628,Anthopleura artemisia,no,location appears accurate; intertidal life; Bellhouse Park,48.8725709869,-123.3105303628
iNat:24714393,48.8993674068,-123.4076178141,Pentidotea resecata,yes,record mostly appears accurate; shunted slightly into nearby waters at Montague beach,48.8994092800246,-123.407788707915
iNat:24714413,48.8716011912,-123.311999232,Diadumene lineata,yes,location appears mostly accurate; shunted to nearby intertidal Bellhouse Park,48.8714198362037,-123.31197702489
iNat:24714422,48.8993321422,-123.407653882,Armina californica,yes,record mostly appears accurate; shunted slightly into nearby waters at Montague beach,48.8994090390356,-123.407856854437
iNat:24714434,48.8725563186,-123.3105964122,Mytilus edulis,no,location appears accurate; intertidal life; Bellhouse Park,48.8725563186,-123.3105964122
iNat:24714546,48.8726279,-123.3105596156,Phoca vitulina richardii,no,location appears accurate; shoreline seal; Bellhouse Park,48.8726279,-123.3105596156
iNat:24715035,48.8723588828,-123.310665479,Mytilus edulis,no,location appears accurate; intertidal life; Bellhouse Park,48.8723588828,-123.310665479
iNat:24743607,48.8718564811,-123.31273991,Diadumene lineata,yes,location appears mostly accurate; shunted to nearby intertidal,48.8716277604629,-123.312855132999
iNat:24743608,48.8718564811,-123.31273991,Dermasterias imbricata,yes,location appears mostly accurate; shunted to nearby intertidal,48.8716137313821,-123.312847946698
iNat:24748307,49.0134915489,-123.5731813266,Lontra canadensis,yes,shunted to adjacent intertidal,49.013510880348,-123.572667184073
iNat:24768137,48.8597766667,-123.35225,Mytilus edulis,no,record appears mostly accurate; intertidal species,48.8597766667,-123.35225
iNat:24768138,48.8597283333,-123.3525616667,Pisaster ochraceus,no,record appears mostly accurate; intertidal species,48.8597283333,-123.3525616667
iNat:24768141,48.8597133333,-123.35281,Nucella ostrina,no,record appears mostly accurate; intertidal species,48.8597133333,-123.35281
iNat:24768145,48.8596341912,-123.3526703495,Semibalanus cariosus,no,record appears mostly accurate; intertidal species,48.8596341912,-123.3526703495
iNat:24768182,48.8681194444,-123.3872027778,Hemigrapsus oregonensis,no,record appears accurate; intertidal / shoreline bluff,48.8681194444,-123.3872027778
iNat:24768184,48.8681277778,-123.3871638889,Anthopleura elegantissima,no,record appears accurate; intertidal / shoreline bluff at Phillimore Point,48.8681277778,-123.3871638889
iNat:24768697,49.0136605355,-123.5727521862,Schizoporella japonica,no,record accurate; Dionisio shoreline,49.0136605355,-123.5727521862
iNat:24771924,48.8846196983,-123.3211322311,Pisaster ochraceus,no,location appears accurate; intertidal species,48.8846196983,-123.3211322311
iNat:24771925,48.8846196983,-123.3211322311,Anthopleura artemisia,no,location appears accurate; intertidal species,48.8846196983,-123.3211322311
iNat:24771927,48.8846196983,-123.3211322311,Lottia pelta,no,location appears accurate; intertidal species,48.8846196983,-123.3211322311
iNat:24771930,48.8846196983,-123.3211322311,Pentidotea wosnesenskii,no,location appears accurate; intertidal species,48.8846196983,-123.3211322311
iNat:24771931,48.8846196983,-123.3211322311,Ceratostoma foliatum,no,location appears accurate; intertidal species,48.8846196983,-123.3211322311
iNat:24771932,48.8846196983,-123.3211322311,Neoturris breviconis,no,location appears accurate; intertidal species,48.8846196983,-123.3211322311
iNat:24771935,48.8846196983,-123.3211322311,Magallana gigas,no,location appears accurate; intertidal species,48.8846196983,-123.3211322311
iNat:24771938,48.8846196983,-123.3211322311,Metridium senile,no,location appears accurate; intertidal species,48.8846196983,-123.3211322311
iNat:24771939,48.8846196983,-123.3211322311,Mopalia muscosa,no,location appears accurate; intertidal species,48.8846196983,-123.3211322311
iNat:24857240,48.86248,-123.35025,Phoca vitulina richardii,no,record appears mostly accurate; shoreline seal,48.86248,-123.35025
iNat:24870119,48.964025,-123.5149633333,Phoca vitulina richardii,no,location appears accurate; intertidal species,48.964025,-123.5149633333
iNat:24870160,48.964285,-123.5153716667,Oligocottus maculosus,no,location appears accurate; intertidal species,48.964285,-123.5153716667
iNat:24873236,48.8966783333,-123.4063233333,Oligocottus maculosus,no,record appears accurate; tidal mud flats,48.8966783333,-123.4063233333
iNat:24920148,48.9635392791,-123.5148398393,Balanus glandula,yes,location apparently accurate; shunted slightly into intertidal,48.9635145614038,-123.514657552032
iNat:24920197,48.9637351223,-123.5147485604,Mytilus edulis,no,location appears accurate; intertidal species,48.9637351223,-123.5147485604
iNat:24920201,48.9638784528,-123.5147693475,Semibalanus cariosus,no,location appears accurate; intertidal species,48.9638784528,-123.5147693475
iNat:24941466,48.9635596471,-123.5147752148,Mytilus edulis,no,location appears accurate; intertidal species,48.9635596471,-123.5147752148
iNat:24941597,48.9641565225,-123.5151330383,Chthamalus dalli,no,location appears accurate; intertidal species,48.9641565225,-123.5151330383
iNat:24941638,48.9647233906,-123.5160101206,Anthopleura artemisia,no,location appears accurate; intertidal species,48.9647233906,-123.5160101206
iNat:24957462,48.9175116667,-123.396225,Neovison vison,no,location appears accurate; shoreline mink,48.9175116667,-123.396225
iNat:25048251,48.8722583333,-123.310775,Balanus glandula,no,location appears accurate; intertidal life; Bellhouse Park,48.8722583333,-123.310775
iNat:25199510,48.8723313483,-123.310898496,Cancer productus,yes,record appears mostly accurate; shunted to nearby intertidal Bellhouse Park,48.8721894751789,-123.310753805313
iNat:25199518,48.8723199908,-123.31061502,Mytilus edulis,no,location appears accurate; intertidal life; Bellhouse Park,48.8723199908,-123.31061502
iNat:25199526,48.8723935839,-123.3105008585,Dermasterias imbricata,no,location appears accurate; intertidal life; Bellhouse Park,48.8723935839,-123.3105008585
iNat:25199535,48.8723765687,-123.3105232381,Pisaster ochraceus,no,location appears accurate; intertidal life; Bellhouse Park,48.8723765687,-123.3105232381
iNat:25199551,48.8723679353,-123.310662713,Balanus glandula,no,location appears accurate; intertidal life; Bellhouse Park,48.8723679353,-123.310662713
iNat:25199621,48.9002166829,-123.4069015459,Pugettia producta,yes,record mostly appears accurate; shunted slightly into nearby waters at Montague beach,48.9003928443521,-123.407358603382
iNat:25199623,48.9002000448,-123.4068678507,Oregonia gracilis,yes,record mostly appears accurate; shunted slightly into nearby waters at Montague beach,48.9003607867141,-123.407348607179
iNat:25199628,48.900144347,-123.4070509953,Platynereis bicanaliculata,yes,record mostly appears accurate; shunted slightly into nearby waters at Montague beach,48.9003800075418,-123.407358499062
iNat:25199633,48.9001500048,-123.4069942498,Melibe leonina,yes,record mostly appears accurate; shunted slightly into nearby waters,48.9004119620075,-123.407397701514
iNat:25199635,48.9002764039,-123.4069150408,Telmessus cheiragonus,yes,record mostly appears accurate; shunted slightly into nearby waters at Montague beach,48.9004505412198,-123.407378543664
iNat:25199636,48.9002212929,-123.4069781565,Pugettia producta,yes,record mostly appears accurate; shunted slightly into nearby waters at Montague beach,48.9004057843237,-123.407329501468
iNat:25199642,48.9002912399,-123.4067950119,Pugettia gracilis,yes,record mostly appears accurate; shunted slightly into nearby waters at Montague beach,48.9004057155503,-123.407348972291
iNat:25199648,48.9002451813,-123.4068526794,Oregonia gracilis,yes,record mostly appears accurate; shunted slightly into nearby waters at Montague beach,48.9004252114585,-123.40728098086
iNat:25199659,48.9002350811,-123.4069242609,Pugettia producta,yes,record mostly appears accurate; shunted slightly into nearby waters at Montague beach,48.9004633436395,-123.407388383413
iNat:25199664,48.9000878111,-123.4068264441,Pisaster brevispinus,yes,record mostly appears accurate; shunted slightly into nearby waters at Montague beach,48.9003864603349,-123.407348815814
iNat:25478089,48.9002216282,-123.4068787472,Apostichopus californicus,yes,record mostly appears accurate; shunted slightly into nearby waters at Montague beach,48.9004569940145,-123.407368860406
iNat:25480325,48.8714983333,-123.3105666667,Littorina scutulata,no,record appears accurate; intertidal species; Bellhouse Park,48.8714983333,-123.3105666667
iNat:25480327,48.8714766667,-123.3105383333,Mytilus edulis,no,record appears accurate; intertidal species; Bellhouse Park,48.8714766667,-123.3105383333
iNat:25577910,48.9642,-123.5152361111,Porichthys notatus,no,location appears accurate; intertidal species,48.9642,-123.5152361111
iNat:25595442,48.9637333333,-123.5147083333,Mytilus edulis,no,location appears accurate; intertidal species,48.9637333333,-123.5147083333
iNat:25597353,48.9646444444,-123.5159222222,Littorina sitkana,no,location appears accurate; intertidal species,48.9646444444,-123.5159222222
iNat:25597355,48.9641444444,-123.5152583333,Littorina sitkana,no,location appears accurate; intertidal species,48.9641444444,-123.5152583333
iNat:2565228,48.931184,-123.481178,Phoca vitulina richardii,yes,shunted to shoreline,48.9308979320543,-123.481394371127
iNat:25655199,48.8960805556,-123.4059055556,Batillaria attramentaria,no,record appears accurate; tidal mud flats,48.8960805556,-123.4059055556
iNat:25655210,48.8967222222,-123.4059444444,Ruditapes philippinarum,no,record appears accurate; tidal mud flats,48.8967222222,-123.4059444444
iNat:25657024,48.89965,-123.4076472222,Leukoma staminea,yes,record mostly appears accurate; shunted slightly into nearby waters at Montague beach,48.8997043545564,-123.407839786122
iNat:25657032,48.8964777778,-123.4060833333,Magallana gigas,no,record appears accurate; tidal mud flats,48.8964777778,-123.4060833333
iNat:2580645,48.93,-123.475857,Anthopleura elegantissima,yes,location appears mostly accurate; shunted slightly into nearby intertidal,48.9295540050483,-123.476072980964
iNat:2580652,48.93,-123.475857,Anoplarchus purpurescens,yes,location appears mostly accurate; shunted slightly into nearby intertidal,48.9295266392644,-123.476054872463
iNat:2580662,48.93,-123.475857,Chthamalus dalli,yes,location appears mostly accurate; shunted slightly into nearby intertidal,48.9295658630331,-123.476049295915
iNat:2580668,48.93,-123.475857,Mytilus edulis,yes,location appears mostly accurate; shunted slightly into nearby intertidal,48.9295424171669,-123.476031224688
iNat:2580675,48.93,-123.475857,Balanus glandula,yes,location appears mostly accurate; shunted slightly into nearby intertidal,48.9295462634261,-123.476049109585
iNat:2583362,48.96798,-123.521476,Lontra canadensis,no,location appears accurate; otter on shoreline,48.96798,-123.521476
iNat:25860483,48.8832399635,-123.3167616285,Pisaster ochraceus,no,location appears accurate; intertidal species,48.8832399635,-123.3167616285
iNat:2599298,48.929729,-123.475943,Anthopleura elegantissima,yes,record appears mostly accurate; shunted slightly into nearby intertidal,48.9295318356216,-123.475745550856
iNat:2599301,48.929729,-123.475943,Balanus glandula,yes,record appears mostly accurate; shunted slightly into nearby intertidal,48.9295317620036,-123.475763398484
iNat:2599327,48.929729,-123.475943,Cancer productus,yes,record appears mostly accurate; shunted slightly into nearby intertidal,48.9295474416899,-123.475763547459
iNat:2599512,48.92956,-123.475943,Mytilus edulis,no,record appears accurate; intertidal species,48.92956,-123.475943
iNat:2635114,48.920328,-123.45058,Lontra canadensis,no,location accurate; river otter on shoreline,48.920328,-123.45058
iNat:2635143,48.920331,-123.450633,Clinocardium nuttallii,no,location appears accurate,48.920331,-123.450633
iNat:2635155,48.920331,-123.450633,Pisaster ochraceus,no,location appears accurate,48.920331,-123.450633
iNat:2635258,48.920358,-123.450698,Lontra canadensis,no,location accurate; river otter on shoreline,48.920358,-123.450698
iNat:2635269,48.920358,-123.450698,Lontra canadensis,no,location accurate; river otter on shoreline,48.920358,-123.450698
iNat:2635275,48.920358,-123.450698,Lontra canadensis,no,location accurate; river otter on shoreline,48.920358,-123.450698
iNat:2635284,48.920358,-123.450698,Lontra canadensis,no,location accurate; river otter on shoreline,48.920358,-123.450698
iNat:26605467,48.8843994141,-123.3911972046,Petrolisthes eriomerus,yes,shunted slightly into nearby intertidal,48.88459646277,-123.391226956148
iNat:26649383,48.896055,-123.336693,Dermasterias imbricata,no,location appears accurate; intertidal species,48.896055,-123.336693
iNat:26683726,48.8723691892,-123.3110372678,Anthopleura artemisia,yes,record appears mostly accurate; shunted to nearby intertidal Bellhouse Park,48.8721749866628,-123.310739032917
iNat:26707155,48.89882,-123.338986,Pisaster ochraceus,no,location appears accurate; intertidal species,48.89882,-123.338986
iNat:28034680,48.8619033333,-123.3206333333,Cucumaria miniata,no,record appears accurate; intertidal species,48.8619033333,-123.3206333333
iNat:2825535,48.944129,-123.463068,Balanus nubilus,yes,shunted to nearby shoreline,48.9442282404054,-123.46301475588
iNat:28673317,48.8822639,-123.3510011,Megaptera novaeangliae,yes,location highly inaccurate; most likely observed in Active Pass,48.8594248166453,-123.346288315875
iNat:28673874,48.9076079282,-123.3976923047,Orcinus orca,yes,"location highly inaccurate; moved to Active Pass, where orcas are commonly observed; coordinates did not appear to be obscured on iNat",48.8575032796205,-123.307960747142
iNat:2929506,48.897472,-123.343968,Lontra canadensis,yes,location highly inaccurate; moved to adjacent shoreline,48.8972603845147,-123.338547413704
iNat:29303229,48.9766366667,-123.5661083333,Lontra canadensis,no,locality appears accurate; otter on shoreline,48.9766366667,-123.5661083333
iNat:29349475,48.865984,-123.349647,Apostichopus californicus,no,record appears accurate; intertidal species,48.865984,-123.349647
iNat:29685247,48.8998916667,-123.4074866667,Cyanea ferruginea,yes,record mostly appears accurate; shunted slightly into nearby waters at Montague beach,48.8999807246566,-123.407734943004
iNat:2975819,48.940211,-123.502679,Henricia leviuscula,yes,shunted to adjacent waters in Retreat Cove,48.9403011906588,-123.502361307495
iNat:2975823,48.940211,-123.502679,Balanus nubilus,yes,shunted to adjacent waters in Retreat Cove,48.9403176610834,-123.502446695941
iNat:2975837,48.940211,-123.502679,Urticina grebelnyi,yes,shunted to adjacent waters in Retreat Cove,48.9403012277739,-123.502352785556
iNat:2975842,48.940211,-123.502679,Mesocentrotus franciscanus,yes,shunted to adjacent waters in Retreat Cove,48.9403740224991,-123.502396127744
iNat:2975853,48.940211,-123.502679,Mesocentrotus franciscanus,yes,shunted to adjacent waters in Retreat Cove,48.9403627947597,-123.502396015053
iNat:2975867,48.940211,-123.502679,Craniella villosa,yes,shunted to adjacent waters in Retreat Cove,48.9403179209194,-123.502387042346
iNat:2975872,48.940211,-123.502679,Mesocentrotus franciscanus,yes,shunted to adjacent waters in Retreat Cove,48.9403405248624,-123.502353179941
iNat:2975879,48.940211,-123.502679,Pteraster tesselatus,yes,shunted to adjacent waters in Retreat Cove,48.9402956881321,-123.502335685338
iNat:2975888,48.940211,-123.502679,Asemichthys taylori,yes,shunted to adjacent waters in Retreat Cove,48.9403623121736,-123.502506800398
iNat:2975914,48.940211,-123.502679,Leucilla nuttingi,yes,shunted to adjacent waters in Retreat Cove,48.9402562054685,-123.502377900626
iNat:2975918,48.940211,-123.502679,Armina californica,yes,shunted to adjacent waters in Retreat Cove,48.9403739853809,-123.502404649696
iNat:2975940,48.940211,-123.502679,Virgularia,yes,shunted to adjacent waters in Retreat Cove,48.940323646138,-123.502361532861
iNat:2975951,48.940211,-123.502679,Tritonia exsulans,yes,shunted to adjacent waters in Retreat Cove,48.9403405248624,-123.502353179941
iNat:2975966,48.940211,-123.502679,Dendronotus iris,yes,shunted to adjacent waters in Retreat Cove,48.9403294084641,-123.502327501427
iNat:2975974,48.940211,-123.502679,Dendronotus iris,yes,shunted to adjacent waters in Retreat Cove,48.9403124183984,-123.502361420178
iNat:2975984,48.940211,-123.502679,Mesocentrotus franciscanus,yes,shunted to adjacent waters in Retreat Cove,48.9403125297416,-123.502335854354
iNat:2975990,48.940211,-123.502679,Dermasterias imbricata,yes,shunted to adjacent waters in Retreat Cove,48.9403402279243,-123.502421355508
iNat:2976002,48.940211,-123.502679,Glebocarcinus oregonensis,yes,shunted to adjacent waters in Retreat Cove,48.9403180693832,-123.502352954578
iNat:2976007,48.940211,-123.502679,Ptilosarcus gurneyi,yes,shunted to adjacent waters in Retreat Cove,48.940351529902,-123.50240442431
iNat:2976016,48.940211,-123.502679,Rhinogobiops nicholsii,yes,shunted to adjacent waters in Retreat Cove,48.9402898515705,-123.502386760624
iNat:2976021,48.940211,-123.502679,Sebastes maliger,yes,shunted to adjacent waters in Retreat Cove,48.940323683253,-123.502353010918
iNat:2976031,48.940211,-123.502679,Chlamys hastata,yes,shunted to adjacent waters in Retreat Cove,48.9403123812828,-123.502369942119
iNat:2976038,48.940211,-123.502679,Cadlina luteomarginata,yes,shunted to adjacent waters in Retreat Cove,48.9402896659767,-123.50242937031
iNat:2976049,48.940211,-123.502679,Jordania zonope,yes,shunted to adjacent waters in Retreat Cove,48.9403234605534,-123.502404142577
iNat:2976072,48.940211,-123.502679,Cadlina klasmalmbergi,yes,shunted to adjacent waters in Retreat Cove,48.9403786339551,-123.502626276805
iNat:2976109,48.940211,-123.502679,Henricia leviuscula,yes,shunted to adjacent waters in Retreat Cove,48.9403067302968,-123.502378407717
iNat:2976114,48.940211,-123.502679,Sebastes maliger,yes,shunted to adjacent waters in Retreat Cove,48.9402843861644,-123.502352616534
iNat:2976120,48.940211,-123.502679,Ophiodon elongatus,yes,shunted to adjacent waters in Retreat Cove,48.9402731955391,-123.502343981918
iNat:2976124,48.940211,-123.502679,Ceratostoma foliatum,yes,shunted to adjacent waters in Retreat Cove,48.9403234234346,-123.50241266452
iNat:2976148,48.940211,-123.502679,Cnemidocarpa finmarkiensis,yes,shunted to adjacent waters in Retreat Cove,48.9403180322682,-123.50236147652
iNat:2976203,48.940211,-123.502679,Pycnopodia helianthoides,yes,shunted to adjacent waters in Retreat Cove,48.9403180693832,-123.502352954578
iNat:2976217,48.940211,-123.502679,Orthasterias koehleri,yes,shunted to adjacent waters in Retreat Cove,48.9403012648882,-123.502344263616
iNat:2976243,48.940211,-123.502679,Scyra acutifrons,yes,shunted to adjacent waters in Retreat Cove,48.9403403392808,-123.50239578967
iNat:2976276,48.940211,-123.502679,Acanthodoris nanaimoensis,yes,shunted to adjacent waters in Retreat Cove,48.940301116427,-123.502378351374
iNat:2976292,48.940211,-123.502679,Tritonia festiva,yes,shunted to adjacent waters in Retreat Cove,48.9403459902681,-123.502387324069
iNat:2976310,48.940211,-123.502679,Cancer productus,yes,shunted to adjacent waters in Retreat Cove,48.9403069158718,-123.502335798016
iNat:2976318,48.940211,-123.502679,Urticina clandestina,yes,shunted to adjacent waters in Retreat Cove,48.9402789207482,-123.502318472451
iNat:2976323,48.940211,-123.502679,Rhinogobiops nicholsii,yes,shunted to adjacent waters in Retreat Cove,48.9403400794402,-123.502455443292
iNat:2976334,48.940211,-123.502679,Artedius fenestralis,yes,shunted to adjacent waters in Retreat Cove,48.9403291115413,-123.502395676979
iNat:2976349,48.940211,-123.502679,Didemnum,yes,shunted to adjacent waters in Retreat Cove,48.9403292600078,-123.502361589203
iNat:2976356,48.940211,-123.502679,Jordania zonope,yes,shunted to adjacent waters in Retreat Cove,48.9403237574812,-123.502335967032
iNat:2976378,48.940211,-123.502679,Anthopleura artemisia,yes,shunted to adjacent waters in Retreat Cove,48.940368445747,-123.502387549448
iNat:2976382,48.940211,-123.502679,Rhinogobiops nicholsii,yes,shunted to adjacent waters in Retreat Cove,48.9402730099611,-123.502386591591
iNat:2976389,48.940211,-123.502679,Urticina clandestina,yes,shunted to adjacent waters in Retreat Cove,48.9401944157833,-123.502385802771
iNat:2976426,48.940211,-123.502679,Tritonia festiva,yes,shunted to adjacent waters in Retreat Cove,48.9403630174558,-123.502344883354
iNat:2976490,48.940211,-123.502679,Dirona albolineata,yes,shunted to adjacent waters in Retreat Cove,48.9403295569104,-123.50229341365
iNat:2976525,48.940211,-123.502679,Enophrys bison,yes,shunted to adjacent waters in Retreat Cove,48.9403010050744,-123.502403917191
iNat:2976540,48.940211,-123.502679,Anthopleura artemisia,yes,shunted to adjacent waters in Retreat Cove,48.9403011906588,-123.502361307495
iNat:2976615,48.940211,-123.502679,Himatina trophina,yes,shunted to adjacent waters in Retreat Cove,48.9403347996456,-123.502378689435
iNat:2976638,48.940211,-123.502679,Ceratostoma foliatum,yes,shunted to adjacent waters in Retreat Cove,48.9403346882929,-123.50240425527
iNat:2976644,48.940211,-123.502679,Bolinopsis infundibulum,yes,shunted to adjacent waters in Retreat Cove,48.9402956881321,-123.502335685338
iNat:2976649,48.940211,-123.502679,Jordania zonope,yes,shunted to adjacent waters in Retreat Cove,48.9403403021626,-123.502404311616
iNat:2976672,48.940211,-123.502679,Pugettia gracilis,yes,shunted to adjacent waters in Retreat Cove,48.9403123812828,-123.502369942119
iNat:2976683,48.940211,-123.502679,Liparis pulchellus,yes,shunted to adjacent waters in Retreat Cove,48.9403459531505,-123.502395846016
iNat:30280099,48.8850533333,-123.321495,Neotrypaea californiensis,no,location appears accurate; intertidal species,48.8850533333,-123.321495
iNat:31205703,48.9056633333,-123.3509666667,Pentidotea wosnesenskii,no,location appears accurate; intertidal species,48.9056633333,-123.3509666667
iNat:32125269,48.8715133333,-123.3115533333,Diadumene lineata,no,record appears accurate; intertidal species; Bellhouse Park,48.8715133333,-123.3115533333
iNat:32125274,48.8714633333,-123.310555,Hemigrapsus nudus,no,record appears accurate; intertidal species; Bellhouse Park,48.8714633333,-123.310555
iNat:3325207,48.87765,-123.316501,Anthopleura artemisia,no,record appears accurate; intertidal life; Sturdies Bay,48.87765,-123.316501
iNat:3328198,48.877756,-123.316641,Anthopleura elegantissima,no,record appears accurate; intertidal life; Sturdies Bay,48.877756,-123.316641
iNat:33479377,48.8846206665,-123.3904876709,Halosydna brevisetosa,no,location appears accurate; intertidal species,48.8846206665,-123.3904876709
iNat:3515341,48.8978514133,-123.3387106583,Cyanea ferruginea,no,location appears accurate; Galiano shoreline,48.8978514133,-123.3387106583
iNat:36169878,48.86345333,-123.31328333,Eumetopias jubatus,yes,record appears mostly accurate; shunted to nearby offshore waters,48.8634321614122,-123.312962176895
iNat:3652962,48.897695,-123.406377,Hemigrapsus oregonensis,no,location appears accurate; mud flat Montague,48.897695,-123.406377
iNat:3701139,48.8948003812,-123.4094452858,Cucumaria miniata,yes,record appears mostly accurate; shunted into nearby intertidal on Grey Peninsula,48.8947211275459,-123.409559373147
iNat:3705553,48.9403278162,-123.5033655167,Triopha modesta,yes,shunted to adjacent waters in Retreat Cove,48.9405574235007,-123.502824086299
iNat:3705621,48.9387348,-123.4969645,Melibe leonina,yes,shunted to adjacent waters in Retreat Cove,48.9395831921535,-123.501690392529
iNat:3706035,48.9402414,-123.5043485,Anthopleura elegantissima,yes,shunted to adjacent waters in Retreat Cove,48.9398361995441,-123.504708777105
iNat:3706255,48.9402414,-123.5043485,Pandalus danae,yes,shunted to adjacent waters in Retreat Cove,48.9398193952276,-123.504700085439
iNat:3706256,48.9402414,-123.5043485,Enophrys bison,yes,shunted to adjacent waters in Retreat Cove,48.9398305110977,-123.504725764214
iNat:3706257,48.9402414,-123.5043485,Nautichthys oculofasciatus,yes,shunted to adjacent waters in Retreat Cove,48.9398080929142,-123.504717015938
iNat:3706277,48.9402414,-123.5043485,Berthella chacei,yes,shunted to adjacent waters in Retreat Cove,48.9398193579394,-123.504708607294
iNat:3706321,48.9402414,-123.5043485,Gonionemus vertens,yes,shunted to adjacent waters in Retreat Cove,48.9398417761236,-123.504717355567
iNat:3706322,48.9402414,-123.5043485,Orthasterias koehleri,yes,shunted to adjacent waters in Retreat Cove,48.9398586923052,-123.50470048166
iNat:3706338,48.9402414,-123.5043485,Aurelia labiata,yes,shunted to adjacent waters in Retreat Cove,48.9398529665705,-123.504725990637
iNat:3706339,48.9402561699,-123.5042474265,Neoturris breviconis,yes,shunted to adjacent waters in Retreat Cove,48.9398026281971,-123.504682871928
iNat:3707593,48.9402414,-123.5043485,Sebastes caurinus,yes,shunted to adjacent waters in Retreat Cove,48.939853078437,-123.504700425057
iNat:3707748,48.9402414,-123.5043485,Polycera zosterae,yes,shunted to adjacent waters in Retreat Cove,48.9398361622553,-123.504717298962
iNat:3707781,48.9387348,-123.4969645,Doris odhneri,yes,shunted to adjacent waters in Retreat Cove,48.9397030516674,-123.501600915999
iNat:3707787,48.9236469,-123.441472,Hermissenda crassicornis,yes,location highly inaccurate; moved to Retreat Cove (observation of Karolle Wall) where this species was most likely observed,48.9412677305233,-123.503699736697
iNat:37085381,48.8991665791,-123.3392153309,Nuttallia obscurata,no,location appears accurate; intertidal species,48.8991665791,-123.3392153309
iNat:37085382,48.8991665791,-123.3392153309,Saxidomus gigantea,no,location appears accurate; intertidal species,48.8991665791,-123.3392153309
iNat:37085444,48.8991759493,-123.3393401455,Oligocottus maculosus,no,location appears accurate; intertidal species,48.8991759493,-123.3393401455
iNat:37085712,48.89965717,-123.3413429925,Littorina scutulata,no,location appears accurate; intertidal species,48.89965717,-123.3413429925
iNat:37294883,48.8850083131,-123.321696572,Clione limacina,no,location appears accurate; observed in intertidal zone,48.8850083131,-123.321696572
iNat:3734802,48.929413,-123.475513,Anthopleura elegantissima,no,record appears accurate; intertidal species,48.929413,-123.475513
iNat:3734809,48.929413,-123.475513,Anoplarchus purpurescens,no,location appears accurate; intertidal species,48.929413,-123.475513
iNat:3734868,48.929413,-123.475513,Hemigrapsus oregonensis,no,record appears accurate; intertidal species,48.929413,-123.475513
iNat:3734874,48.929413,-123.475513,Dermasterias imbricata,no,record appears accurate; intertidal species,48.929413,-123.475513
iNat:3735052,48.929413,-123.475513,Lottia persona,no,record appears accurate; intertidal species,48.929413,-123.475513
iNat:3735082,48.929413,-123.475513,Nucella lamellosa,no,Neostylidium eschrichtii,48.929413,-123.475513
iNat:3735121,48.929413,-123.475513,Pisaster ochraceus,no,Neostylidium eschrichtii,48.929413,-123.475513
iNat:3735167,48.929413,-123.475513,Neostylidium eschrichtii,no,record appears accurate; intertidal species,48.929413,-123.475513
iNat:38469017,48.8955468286,-123.4105678681,Balanus glandula,yes,record appears mostly accurate; shunted into nearby intertidal on Grey Peninsula,48.8956153625021,-123.410943096417
iNat:38469142,48.8953941075,-123.4101806427,Magallana gigas,yes,record appears mostly accurate; shunted into nearby intertidal on Grey Peninsula,48.8953209867161,-123.410318234838
iNat:38737601,48.929225,-123.4681333333,Anthopleura artemisia,yes,"location highly inaccurate; moved to nearby cove at Millard Learning Centre, the most likely place where it was observed",48.9295297025208,-123.475611556395
iNat:38778457,48.8823171438,-123.3160822606,Pisaster ochraceus,no,location appears accurate; intertidal species,48.8823171438,-123.3160822606
iNat:38778846,48.8824191982,-123.3164360243,Lottia persona,no,location appears accurate; intertidal species,48.8824191982,-123.3164360243
iNat:38869458,48.8766366667,-123.3173366667,Diaulula odonoghuei,no,record appears accurate; intertidal life; Sturdies Bay,48.8766366667,-123.3173366667
iNat:3910079,48.8685380874,-123.3871078491,Magallana gigas,yes,shunted to adjacent intertidal,48.8683276139945,-123.387201329706
iNat:3910084,48.8685380874,-123.3871078491,Mya arenaria,yes,shunted to adjacent intertidal,48.8683306200887,-123.387174822286
iNat:3910086,48.8685380874,-123.3871078491,Hemigrapsus oregonensis,yes,shunted to adjacent intertidal,48.86834239205,-123.387143960719
iNat:3910087,48.8685380874,-123.3871078491,Magallana gigas,yes,shunted to adjacent intertidal,48.8683073879409,-123.387143690676
iNat:3910088,48.8685380874,-123.3871078491,Metacarcinus gracilis,yes,shunted to adjacent intertidal,48.8683336558685,-123.387139471553
iNat:3910091,48.8685380874,-123.3871078491,Anthopleura artemisia,yes,shunted to adjacent intertidal,48.868330664629,-123.387161557323
iNat:3910093,48.8685380874,-123.3871078491,Nucella lamellosa,yes,shunted to adjacent intertidal,48.8683335370978,-123.387174844792
iNat:3910095,48.8687074625,-123.3871936798,Mytilus edulis,yes,shunted to adjacent intertidal,48.8683679620432,-123.38734755951
iNat:3910098,48.8687074625,-123.3871936798,Mytilus edulis,yes,shunted to adjacent intertidal,48.8683883959597,-123.387343295458
iNat:3910099,48.8687074625,-123.3871936798,Clinocardium nuttallii,yes,shunted to adjacent intertidal,48.8683680066034,-123.387334294536
iNat:3910100,48.8687074625,-123.3871936798,Saxidomus gigantea,yes,shunted to adjacent intertidal,48.8683825025264,-123.387360937064
iNat:3934324,48.9904631405,-123.579104729,Mya arenaria,yes,record mostly appears accurate; shunted slightly to adjacent intertidal,48.9903322360845,-123.579154775694
iNat:3952115,48.894719,-123.336575,Nuttallia obscurata,no,location appears accurate; intertidal species,48.894719,-123.336575
iNat:3971265,48.911286,-123.382387,Mytilus edulis,yes,location appears mostly accurate; shunted to nearby intertidal,48.9117242306579,-123.382205083973
iNat:3971319,48.911286,-123.382387,Pagurus hirsutiusculus,yes,location appears mostly accurate; shunted to nearby intertidal,48.9117546102271,-123.38221108074
iNat:3971332,48.911286,-123.382387,Littorina scutulata,yes,location appears mostly accurate; shunted to nearby intertidal,48.9117281833213,-123.382158993859
iNat:4004964,49.012344,-123.573521,Ruditapes philippinarum,no,record accurate; Dionisio beach,49.012344,-123.573521
iNat:4004998,49.012837,-123.576096,Lottia scutum,no,location appears accurate,49.012837,-123.576096
iNat:4005039,49.012837,-123.576096,Lottia persona,no,record accurate; Dionisio shoreline,49.012837,-123.576096
iNat:4005286,49.012457,-123.573725,Nuttallia obscurata,no,record accurate; Dionisio beach,49.012457,-123.573725
iNat:4005328,49.012457,-123.573725,Macoma nasuta,no,location appears accurate; on shoreline at Montague,49.012457,-123.573725
iNat:4014973,48.883333,-123.383333,Phoronis ijimai,yes,shunted to adjacent intertidal Montague Harbour,48.885737539695,-123.389992194383
iNat:4015105,48.9387348,-123.4969645,Pleuronichthys coenosus,yes,shunted to adjacent waters in Retreat Cove,48.9398108857443,-123.501529454165
iNat:4015148,48.9387348,-123.4969645,Apodichthys flavidus,yes,shunted to nearby waters in Retreat Cove,48.9396554233195,-123.501564167634
iNat:4015173,48.9777382999,-123.565658563,Solaster stimpsoni,yes,moved to Spanish Hills,48.9949097643523,-123.584392953492
iNat:4017005,48.898176,-123.407839,Myosotella myosotis,yes,record mostly appears accurate; shunted slightly into nearby saline salt marsh,48.8982263744594,-123.408000359876
iNat:4017022,48.899958,-123.407788,Lottia digitalis,yes,record mostly appears accurate; shunted slightly into nearby waters at Montague beach,48.8999608497498,-123.407910022226
iNat:4017054,48.899958,-123.407755,Cancer productus,yes,record mostly appears accurate; shunted slightly into nearby waters at Montague beach,48.900031762086,-123.407822978711
iNat:4021641,48.8792480547,-123.4044456482,Pagurus granosimanus,no,location appears accurate; intertidal species,48.8792480547,-123.4044456482
iNat:4021642,48.8792480547,-123.4059906006,Lophopanopeus bellus,yes,shunted to nearby bay where this species was documented (I recall this personally),48.8791390573031,-123.40440636152
iNat:4021643,48.8793609474,-123.4059906006,Nucella lamellosa,yes,shunted to nearby bay where this species was documented (I recall this personally),48.8793080909408,-123.404294920567
iNat:4021646,48.877776194,-123.3974933624,Pugettia producta,yes,location mostly accurate; shunted to nearby waters,48.8776159424214,-123.39689564372
iNat:4030052,48.9638215725,-123.5510873795,Cyanea ferruginea,yes,shunted to adjacent intertidal,48.9637223630824,-123.551194217336
iNat:4031847,48.9387348,-123.4969645,Tonicella undocaerulea,yes,shunted to nearby waters in Retreat Cove,48.9397713368974,-123.501385398514
iNat:4032541,48.9387348,-123.4969645,Pholis laeta,yes,shunted to nearby waters in Retreat Cove,48.9395982104023,-123.501514640415
iNat:4052034,48.9415316943,-123.5006904532,Eupentacta quinquesemita,yes,shunted to nearby waters in Retreat Cove,48.9410718612589,-123.501006828862
iNat:4052412,48.940241,-123.504348,Stomotoca atra,yes,shunted to adjacent waters in Retreat Cove,48.9398531530115,-123.504683381337
iNat:4124479,48.8949179,-123.349672,Lontra canadensis,yes,location highly inaccurate; shunted into nearby waters in the neighbourhood of the observer,48.9012917357241,-123.340069591237
iNat:4134153,49.0143042,-123.5738858,Pisaster ochraceus,no,record accurate; Dionisio shoreline,49.0143042,-123.5738858
iNat:41387284,49.0101644382,-123.5693187661,Phoca vitulina richardii,no,record accurate,49.0101644382,-123.5693187661
iNat:41390561,48.8978786662,-123.4027534211,Pycnopodia helianthoides,yes,location appears mostly accurate; shunted to nearby intertidal Montague Harbour,48.897491096348,-123.402468689023
iNat:41570521,48.8624456379,-123.3237777079,Cyanea ferruginea,yes,record appears mostly accurate; shunted to nearby intertidal,48.8621268090158,-123.323766316551
iNat:42682071,48.8783555556,-123.3170555556,Pentidotea wosnesenskii,yes,location mostly accurate; moved to adjacent intertidal Studies Bay,48.8776255176413,-123.316627249076
iNat:43253008,48.8662136128,-123.3401377486,Cryptochiton stelleri,no,record appears accurate; intertidal species,48.8662136128,-123.3401377486
iNat:43555559,48.8657201336,-123.3499093394,Anthopleura elegantissima,no,record appears accurate; intertidal species,48.8657201336,-123.3499093394
iNat:44275644,48.9994341859,-123.5742656078,Pisaster ochraceus,yes,moved to north Galiano shoreline; Dionisio among the most likely localities,49.0132310676613,-123.573605310363
iNat:44275645,48.9994341859,-123.5742656078,Cucumaria miniata,yes,moved to north end shoreline; Dionisio among the most likely localities,49.0132750039086,-123.573644657623
iNat:44275646,48.9994341859,-123.5742656078,Dermasterias imbricata,yes,moved to north Galiano shoreline; Dionisio among the most likely localities,49.0132520061358,-123.573598488664
iNat:44275647,48.9994341859,-123.5742656078,Nucella lamellosa,yes,moved to north Galiano shoreline; Dionisio among the most likely localities,49.0131865873753,-123.573579591344
iNat:44950135,48.90904,-123.368,Anthopleura artemisia,no,location appears accurate; intertidal species,48.90904,-123.368
iNat:45278748,48.8772222222,-123.3183333333,Embiotoca lateralis,no,"annoyingly, this is accurate; an osprey dropped a perch inland, near the Galiano Inn",48.8772222222,-123.3183333333
iNat:45568647,48.8904724199,-123.3161666743,Mopalia hindsii,no,location appears accurate; intertidal species,48.8904724199,-123.3161666743
iNat:49173181,48.8975149314,-123.4026142149,Mopalia muscosa,no,location appears accurate; intertidal Montague Harbour,48.8975149314,-123.4026142149
iNat:49173281,48.8974964685,-123.4033164932,Clinocardium nuttallii,no,location appears accurate; intertidal Montague Harbour,48.8974964685,-123.4033164932
iNat:49173353,48.89746333,-123.40328333,Mytilus edulis,no,location appears accurate; intertidal Montague Harbour,48.89746333,-123.40328333
iNat:49173378,48.8974708165,-123.4031101435,Lottia persona,no,location appears accurate; intertidal Montague Harbour,48.8974708165,-123.4031101435
iNat:49173401,48.89732167,-123.403,Balanus glandula,no,location appears accurate; intertidal Montague Harbour,48.89732167,-123.403
iNat:49173446,48.8974690359,-123.4037684058,Littorina scutulata,no,location appears accurate; intertidal Montague Harbour,48.8974690359,-123.4037684058
iNat:49173766,48.8974592781,-123.4032875864,Pisaster ochraceus,no,location appears accurate; intertidal Montague Harbour,48.8974592781,-123.4032875864
iNat:49173828,48.8974221474,-123.4037002886,Pisaster ochraceus,no,location appears accurate; intertidal Montague Harbour,48.8974221474,-123.4037002886
iNat:5108046,48.8981295718,-123.4080505371,Littorina scutulata,yes,record mostly appears accurate; shunted slightly into nearby waters at Montague beach,48.89828660222,-123.408306395694
iNat:51552255,48.8715523148,-123.3122552134,Lontra canadensis,yes,location appears mostly accurate; shunted to nearby shoreline Bellhouse Park,48.8714551171023,-123.31223356049
iNat:5185500,48.8938410817,-123.4041023254,Littorina sitkana,yes,location appears mostly accurate; shunted to nearby intertidal on Grey Peninsula,48.8936098233036,-123.403441493752
iNat:52839383,48.9004203125,-123.4071472131,Cymatogaster aggregata,yes,record mostly appears accurate; shunted slightly into nearby waters at Montague beach,48.9004508506969,-123.407290924881
iNat:54592244,48.8869485871,-123.3313906185,Syngnathus leptorhynchus,yes,record appears more or less correct; shunted slightly toward intertidal zone,48.887097379694,-123.3310461818
iNat:5483732,48.887271,-123.398881,Nucella lamellosa,no,location appears accurate,48.887271,-123.398881
iNat:5516564,48.91442,-123.388567,Traskorchestia traskiana,no,location appears accurate; intertidal species,48.91442,-123.388567
iNat:55327616,48.960003,-123.508525,Ruditapes philippinarum,no,location appears accurate; intertidal species,48.960003,-123.508525
iNat:55386053,48.959998,-123.508722,Lontra canadensis,no,location appears accurate; otter on shoreline,48.959998,-123.508722
iNat:55386056,48.960297,-123.508955,Oligocottus maculosus,no,location appears accurate; intertidal species,48.960297,-123.508955
iNat:55397670,48.9495006546,-123.4841552715,Platichthys stellatus,no,location appears accurate; shoreline observation,48.9495006546,-123.4841552715
iNat:56194856,48.8969472222,-123.4057611111,Batillaria attramentaria,no,record appears accurate; tidal mud flats,48.8969472222,-123.4057611111
iNat:56194863,48.8965694444,-123.4059638889,Ruditapes philippinarum,no,record appears accurate; tidal mud flats,48.8965694444,-123.4059638889
iNat:5620541,48.8852629977,-123.321211338,Pentidotea wosnesenskii,no,location appears accurate; intertidal species,48.8852629977,-123.321211338
iNat:5620545,48.8852629977,-123.321211338,Nucella lamellosa,no,location appears accurate; intertidal species,48.8852629977,-123.321211338
iNat:5620552,48.8852629977,-123.321211338,Hemigrapsus oregonensis,no,location appears accurate; intertidal species,48.8852629977,-123.321211338
iNat:5646953,48.9066208252,-123.3580112457,Phoca vitulina richardii,no,location appears accurate; shoreline seal,48.9066208252,-123.3580112457
iNat:5646967,48.9063528509,-123.3569812775,Lottia pelta,no,location appears accurate; intertidal species,48.9063528509,-123.3569812775
iNat:5676723,48.8687866667,-123.3856283333,Orcinus orca,yes,record mostly accurate; shunted to nearby offshore waters,48.8670932534685,-123.386565273159
iNat:5704172,48.8679716667,-123.3871083333,Serpula columbiana,no,record appears accurate; intertidal / shoreline bluff at Phillimore Point,48.8679716667,-123.3871083333
iNat:5704333,48.8679883333,-123.3870166667,Cucumaria miniata,no,record appears accurate; intertidal / shoreline bluff at Phillimore Point,48.8679883333,-123.3870166667
iNat:57225195,49.0131133333,-123.5721583333,Dermasterias imbricata,no,record accurate; Dionisio shoreline,49.0131133333,-123.5721583333
iNat:58218778,48.8711045752,-123.3891862015,Leuckartiara longicalcar,yes,record mostly accurate; shunted to nearby waters in Montague Harbour,48.8722227441429,-123.389606009986
iNat:59082575,49.0133350145,-123.5732112575,Phoca vitulina richardii,yes,shunted to adjacent intertidal,49.0133655812284,-123.572597388739
iNat:6371640,48.8678966667,-123.386895,Mopalia muscosa,no,record appears accurate; intertidal / shoreline bluff at Phillimore Point,48.8678966667,-123.386895
iNat:6388837,48.868,-123.3854133333,Urticina grebelnyi,yes,shunted to adjacent intertidal,48.8679266417477,-123.38583527529
iNat:6391045,48.9637652205,-123.5504007369,Nucella lamellosa,yes,shunted to adjacent intertidal,48.9634552,-123.55085754
iNat:6391046,48.9620746643,-123.5470104218,Aequorea victoria,yes,shunted to adjacent shoreline waters,48.96159363,-123.54860687
iNat:6391048,48.9634271147,-123.5446071625,Pisaster ochraceus,yes,shunted to adjacent intertidal,48.96159363,-123.54860687
iNat:6391050,48.9635398172,-123.5485553741,Dermasterias imbricata,yes,shunted to intertidal,48.96271896,-123.54994202
iNat:6391051,48.9613984254,-123.5464954376,Pugettia producta,yes,shunted to adjacent intertidal,48.96086502,-123.54769897
iNat:6425061,48.8720823,-123.3122892,Hemigrapsus nudus,yes,location appears mostly accurate; shunted to nearby intertidal,48.8715490194624,-123.312535195089
iNat:6425239,48.9006968474,-123.336124418,Balanus glandula,no,location appears accurate; intertidal species,48.9006968474,-123.336124418
iNat:6482410,48.8717341824,-123.310793302,Mytilus edulis,yes,record appears mostly accurate; shunted to nearby intertidal Bellhouse Park,48.8714461610822,-123.310734519467
iNat:6485976,48.9263434031,-123.4180682525,Neovison vison,yes,location appears mostly accurate; shunted to nearby shoreline,48.9266596026438,-123.417873031034
iNat:6611338,48.9279049623,-123.4480476379,Lontra canadensis,no,location appears accurate; inland river otter; not so surprising,48.9279049623,-123.4480476379
iNat:6967042,48.9402414,-123.5043485,Hexagrammos decagrammus,yes,shunted to adjacent waters in Retreat Cove,48.9398193579394,-123.504708607294
iNat:6967289,48.9402414,-123.5043485,Anoplarchus purpurescens,yes,shunted to adjacent waters in Retreat Cove,48.9398306602516,-123.504691676789
iNat:7238958,48.9402414,-123.5043485,Odontopyxis trispinosa,yes,shunted to nearby intertidal,48.9398305856759,-123.504708720501
iNat:7247400,48.9402414,-123.5043485,Odontopyxis trispinosa,yes,shunted to adjacent waters in Retreat Cove,48.939836348693,-123.504674689677
iNat:7423062,48.899646759,-123.3417282104,Hemigrapsus nudus,no,location appears accurate; intertidal species,48.899646759,-123.3417282104
iNat:7580656,48.885984,-123.4138057,Phoca vitulina richardii,yes,shunted to adjacent shoreline,48.8844635466273,-123.416345425266
iNat:7580680,48.885984,-123.4138057,Pisaster ochraceus,yes,shunted to adjacent intertidal,48.8843153520339,-123.416200694794
iNat:7580852,48.8998505072,-123.3418643475,Hemigrapsus nudus,no,location appears accurate; intertidal species,48.8998505072,-123.3418643475
iNat:7580929,48.942798,-123.462982,Lontra canadensis,yes,shunted to nearby shoreline,48.9441521721796,-123.462707121752
iNat:7581543,48.8801831753,-123.3227133751,Lontra canadensis,yes,location appears mostly correct; shunted slightly toward intertidal,48.8801165572735,-123.323030448325
iNat:7624475,48.8994865417,-123.3416519165,Evasterias troschelii,no,location appears accurate; intertidal species,48.8994865417,-123.3416519165
iNat:7647295,48.940903,-123.5057,Nanomia bijuga,yes,shunted to adjacent waters in Retreat Cove,48.9409085737258,-123.505972385163
iNat:7659298,48.9402414,-123.5043485,Cnemidocarpa finmarkiensis,yes,shunted to adjacent waters in Retreat Cove,48.9398363114068,-123.504683211534
iNat:7660496,48.9402414,-123.5043485,Apostichopus californicus,yes,shunted to adjacent waters in Retreat Cove,48.9398249345189,-123.504717185753
iNat:7673052,48.9402648614,-123.5042831897,Tonicella lineata,yes,shunted to adjacent waters in Retreat Cove,48.939858393982,-123.504768656547
iNat:7673053,48.940109823,-123.5029742717,Dermasterias imbricata,yes,shunted to adjacent waters in Retreat Cove,48.9400090467208,-123.502409509092
iNat:7673054,48.9398279339,-123.5038111209,Tonicella lineata,yes,shunted to adjacent waters in Retreat Cove,48.9395252507531,-123.503921601308
iNat:7673055,48.9397715558,-123.5034677981,Onchidoris bilamellata,yes,shunted to adjacent waters in Retreat Cove,48.9394430150224,-123.503469098645
iNat:7674347,48.9402414,-123.5043485,Tubulanus polymorphus,yes,shunted to adjacent waters in Retreat Cove,48.9398083166373,-123.504665884824
iNat:7674348,48.9411422286,-123.504986286,Alia carinata,yes,shunted to adjacent waters in Retreat Cove,48.9412947234108,-123.50497063578
iNat:7674351,48.9404375172,-123.5055441855,Myxicola,yes,shunted to adjacent waters in Retreat Cove,48.9403430306301,-123.505634297993
iNat:7674352,48.9410012871,-123.5053296087,Apostichopus californicus,yes,shunted to adjacent waters in Retreat Cove,48.9413663974842,-123.505269646153
iNat:7674353,48.9406912145,-123.5053725241,Cancer productus,yes,shunted to adjacent waters in Retreat Cove,48.940504936011,-123.505840469827
iNat:7674354,48.940719403,-123.5047287939,Pisaster ochraceus,yes,shunted to adjacent waters in Retreat Cove,48.941262159186,-123.504714632975
iNat:7674355,48.9412267933,-123.5054583548,Heptacarpus brevirostris,yes,shunted to adjacent waters in Retreat Cove,48.9413711899207,-123.505457189411
iNat:7674356,48.940719403,-123.5049004553,Oligocottus maculosus,yes,shunted to adjacent waters in Retreat Cove,48.941267250935,-123.504833998992
iNat:7674357,48.9403529512,-123.5052437781,Crassadoma gigantea,yes,shunted to adjacent waters in Retreat Cove,48.9402092688905,-123.505411367082
iNat:7674360,48.9410576638,-123.5058445929,Rhinogobiops nicholsii,yes,shunted to adjacent waters in Retreat Cove,48.9410262406056,-123.506024709219
iNat:7674363,48.9404375172,-123.5040421484,Schizobranchia insignis,yes,shunted to adjacent waters in Retreat Cove,48.9410975434321,-123.503843683408
iNat:7674532,48.9401980459,-123.5032971398,Bugulina californica,yes,shunted to adjacent waters in Retreat Cove,48.9404958938258,-123.502772334135
iNat:7674548,48.9402414,-123.5043485,Antiopella fusca,yes,shunted to adjacent waters in Retreat Cove,48.9398308466798,-123.504649067508
iNat:7701388,48.940537,-123.504198,Evasterias troschelii,yes,shunted to adjacent waters in Retreat Cove,48.9410862412448,-123.503860614531
iNat:7701427,48.9404941293,-123.5043075083,Serpula columbiana,yes,shunted to adjacent waters in Retreat Cove,48.9411360586355,-123.504023042643
RBCM:975-00224-001,48.901667,-123.408333,Nassarius,yes,record mostly appears accurate; shunted slightly into nearby waters at Montague beach,48.9015640727032,-123.408312505706
RBCM:975-00224-002,48.901667,-123.408333,Amphissa,yes,record mostly appears accurate; shunted slightly into nearby waters at Montague beach,48.9015705255754,-123.408302822353
RBCM:975-00224-003,48.901667,-123.408333,Armina californica,yes,record mostly appears accurate; shunted slightly into nearby waters at Montague beach,48.9016343304001,-123.408410437325
RBCM:975-00224-004,48.901667,-123.408333,Melanochlamys diomedea,yes,record mostly appears accurate; shunted slightly into nearby waters,48.9015833279124,-123.408312662559
RBCM:975-00224-005,48.901667,-123.408333,Antiopella,yes,record mostly appears accurate; shunted slightly into nearby waters at Montague beach,48.9016471672059,-123.408410541919
RBCM:975-00224-006,48.901667,-123.408333,Cumanotus fernaldi,yes,record mostly appears accurate; shunted slightly into nearby waters at Montague beach,48.9016024107637,-123.408361497626
RBCM:975-00224-007,48.901667,-123.408333,Amphiodia periercta,yes,record mostly appears accurate; shunted slightly into nearby waters at Montague beach,48.9016152130957,-123.408371337853
RBCM:981-00064-001,49.006667,-123.575,Isodictya rigida,yes,moved offshore north end of Galiano Island,49.0130629834313,-123.578827650042
RBCM:989-00041-001,49.01,-123.583333,Metridium,yes,shunted to nearby intertidal,49.0114391480159,-123.584152227627
RBCM:991-00066-001,48.933333,-123.45,Lepidochitona,yes,very old record; highly inaccurate / uncertain georeferencing; moved to adjacent waters so that it is not landlocked,48.9226916611082,-123.457850276969
RBCM:991-00066-002,48.933333,-123.45,Tonicella,yes,very old record; highly inaccurate / uncertain georeferencing; moved to adjacent waters so that it is not landlocked,48.9227493558519,-123.458209669727
iNat:3706037,48.8972060727,-123.398703573,Serpula columbiana,yes,moved to nearest waters,48.8970787648378,-123.398820140126
iNat:62041869,48.8908422755,-123.3606152907,Pisaster ochraceus,yes,moved north to nearest shoreline,48.9066126130384,-123.359890965457
iNat:68356745,48.8641666667,-123.3144444444,Dirona albolineata,yes,moved to nearest shoreline,48.86452188386,-123.313810999792
RBCM:002-00070-001,48.8738886621929,-123.318670601233,Lepidozona mertensii,yes,"observation falls outside project area; moved to reef offshore Oyster Bay, Mayne Island, consistent with metadata in RBCM records",48.8663965164625,-123.275929524639
RBCM:002-00070-002,48.8738589003002,-123.31848219042,Lepidozona interstincta,yes,"observation falls outside project area; moved to reef offshore Oyster Bay, Mayne Island, consistent with metadata in RBCM records",48.8663956636083,-123.275932134907
RBCM:002-00070-003,48.8737978038064,-123.31867461493,Tonicella lineata,yes,"observation falls outside project area; moved to reef offshore Oyster Bay, Mayne Island, consistent with metadata in RBCM records",48.8663894120708,-123.27593136921
CMN:CMNI 2012-0102,40,-123.58,Mitrocoma cellularia,yes,"observation falls outside project area; CMN metadata states (between Galiano and Valdes Islands, SE of Nanaimo)",49.0119220145979,-123.590269088745
