Family,Infra taxa,Habitat,Islands,"Island Size (min, max)",Typical Cover,Date First Seen,Date Last Seen,Notes,taxonName,authority
Adoxaceae,,Forest,1,,,,,,Sambucus cerulea,Raf.
Adoxaceae,var. arborescens,Forest,50,,,,,,Sambucus racemosa,L.
Alismataceae,,Wetland,1,,,,,,Alisma triviale,Pursh
Amaranthaceae,,Open,1,,,,,,Amaranthus blitoides,S. Watson*
Amaranthaceae,,Open,1,,,,,,Amaranthus powellii,S. Watson*
Amaranthaceae,,Shoreline,87,,,,,,Atriplex dioica,Raf.
Amaranthaceae,var. gmelinii,Shoreline,26,,,,,,Atriplex gmelinii,C.A. Mey. ex Bong.
Amaranthaceae,,Shoreline,1,,,,,,Atriplex littoralis,L.*
Amaranthaceae,,Shoreline,5,,,,,,Atriplex patula,L.*
Amaranthaceae,,Shoreline,40,,,,,,Atriplex prostrata,Boucher ex DC.*
Amaranthaceae,,Open,1,,,,,,Chenopodiastrum murale,"(L.) S. Fuentes, Uotila & Borsch*"
Amaranthaceae,var. zschackei,Shoreline,19,,,,,,Chenopodium berlandieri,Moq.
Amaranthaceae,var. leptophyllum,Open,1,,,,,,Chenopodium leptophyllum,(Moq.) Nutt. ex S. Watson
Amaranthaceae,,Wetland,1,,,,,,Chenopodium macrosperma,Hook.f
Amaranthaceae,,Shoreline,2,,,,,,Oxybasis rubra,"(L.) S. Fuentes, Uotila & Borsch"
Amaranthaceae,,Shoreline,3,,,,,,Salicornia depressa,Standl.
Amaranthaceae,,Shoreline,54,,,,,,Salicornia pacifica,Standl.
Amaranthaceae,,Shoreline,5,,,,,,Sarcocornia pacifica,Standl.
Amaryllidaceae,,Open,97,,,,,,Allium acuminatum,Hook.
Amaryllidaceae,,Open,2,,,,,,Allium amplectens,Torr.
Amaryllidaceae,,Shoreline,74,,,,,,Allium cernuum,Roth
Amaryllidaceae,,Open,2,,,,,,Allium sativum,L.*
Amaryllidaceae,,Open,2,,,,,,Allium vineale,L.*
Amaryllidaceae,,Open,5,,,,,,Narcissus poeticus,L.*
Amaryllidaceae,,Forest,8,,,,,,Narcissus pseudonarcissus,L.*
Apiaceae,,Wetland,1,,,,,,Angelica genuflexa,Nutt.
Apiaceae,,Shoreline,2,,,,,,Angelica lucida,L.
Apiaceae,,Open,20,,,,,,Anthriscus caucalis,M. Bieb.*
Apiaceae,,Open,1,,,,,,Carum carvi,L.*
Apiaceae,,Wetland,2,,,,,,Cicuta douglasii,(DC.) J.M. Coult. & Rose
Apiaceae,,Wetland,30,,,,,,Conioselinum pacificum,(S. Watson) J.M. Coult. & Rose
Apiaceae,,Open,3,,,,,,Conium maculatum,L.*
Apiaceae,,Open,6,,,,,,Daucus carota,L.*
Apiaceae,,Open,20,,,,,,Daucus pusillus,Michx.
Apiaceae,,Open,3,,,,,,Foeniculum vulgare,Mill.*
Apiaceae,,Shoreline,1,,,,,,Glehnia leiocarpa,Mathias
Apiaceae,,Forest,3,,,,,,Heracleum mantegazzianum,Sommier & Levier*
Apiaceae,,Open,21,,,,,,Heracleum maximum,Bartr.
Apiaceae,,Shoreline,2,,,,,,Lilaeopsis occidentalis,J.M. Coult. & Rose
Apiaceae,,Open,43,,,,,,Lomatium nudicaule,(Pursh) J.M. Coult. & Rose
Apiaceae,,Open,29,,,,,,Lomatium utriculatum,(Nutt. ex Torr. & A. Gray) J.M. Coult. & Rose
Apiaceae,,Wetland,12,,,,,,Oenanthe sarmentosa,C. Presl ex DC.
Apiaceae,,Forest,29,,,,,,Osmorhiza berteroi,DC.
Apiaceae,,Forest,4,,,,,,Osmorhiza purpurea,(J.M. Coult. & Rose) Suksd.
Apiaceae,,Open,5,,,,,,Perideridia montana,(Blank.) Dorn
Apiaceae,,Shoreline,1,,,,,,Petrosedum erectum,('t Hart) Grulich*
Apiaceae,,Open,2,,,,,,Petroselinum crispum,(Mill.) Fuss*
Apiaceae,ssp. nigra,Open,1,,,,,,Pimpinella saxifraga,L.*
Apiaceae,,Open,12,,,,,,Sanicula bipinnatifida,Douglas ex Hook.
Apiaceae,var. crassicaulis,Open,78,,,,,,Sanicula crassicaulis,Poepp. ex DC.
Apiaceae,,Wetland,1,,,,,,Sium suave,Walter
Apiaceae,ssp. arvensis,Open,7,,,,,,Torilis arvensis,(Huds.) Link*
Apiaceae,,Wetland,1,,,,,,Yabea microcarpa,(Hook. & Arn.) Koso-Pol.
Apocynaceae,,Open,2,,,,,,Apocynum androsaemifolium,L.
Apocynaceae,,Forest,5,,,,,,Vinca major,L.*
Apocynaceae,,Forest,1,,,,,,Vinca minor,L.*
Aquifoliaceae,,Open,24,,,,,,Ilex aquifolium,L.*
Araceae,,Forest,3,,,,,,Arum italicum,Mill.*
Araceae,,Wetland,2,,,,,,Lemna minor,L.
Araceae,,Wetland,3,,,,,,Lemna trisulca,L.
Araceae,,Wetland,8,,,,,,Lemna turionifera,Landolt
Araceae,,Wetland,5,,,,,,Lysichiton americanus,Hulten & H. St. John
Araceae,,Wetland,3,,,,,,Spirodela polyrhiza,(L.) Schleid.
Araceae,,Wetland,2,,,,,,Wolffia borealis,"(Engelm.) Landolt & Wildi ex Gandhi, Wiersema & Brouillet"
Araceae,,Wetland,2,,,,,,Wolffia columbiana,H. Karsten
Araliaceae,,Forest,8,,,,,,Hedera helix,L.*
Araliaceae,,Forest,21,,,,,,Hedera hibernica,(G. Kirchn.) Bean*
Aristolochiaceae,,Forest,2,,,,,,Asarum caudatum,Lindl.
Asparagaceae,,Open,5,,,,,,Asparagus officinalis,L.*
Asparagaceae,,Open,62,,,,,,Brodiaea coronaria,(Salisb.) Engl.
Asparagaceae,var. rosea,Open,5,,,,,,Brodiaea rosea,(Greene) Baker
Asparagaceae,ssp. suksdorfii,Open,95,,,,,,Camassia leichtlinii,(Baker) S. Watson
Asparagaceae,ssp. maxima,Open,15,,,,,,Camassia quamash,(Pursh) Greene
Asparagaceae,,Open,1,,,,,,Dichelostemma congestum,(Sm.) Kunth
Asparagaceae,,Open,9,,,,,,Hyacinthoides xmassartiana,Heist. ex Fabr.*
Asparagaceae,,Forest,16,,,,,,Maianthemum dilatatum,(Alph. Wood) A. Nelson & J.F. Macbr.
Asparagaceae,ssp. amplexicaule,Forest,16,,,,,,Maianthemum racemosum,(L.) Link
Asparagaceae,,Forest,7,,,,,,Maianthemum stellatum,(L.) Link
Asparagaceae,,Open,2,,,,,,Muscari armeniacum,Leichtlin ex Baker*
Asparagaceae,,Open,1,,,,,,Ornithogalum umbellatum,L.*
Asparagaceae,,Open,1,,,,,,Scilla forbesii,(Baker) Speta*
Asparagaceae,var. howellii,Open,10,,,,,,Triteleia grandiflora,Lindl.
Asparagaceae,,Open,23,,,,,,Triteleia hyacinthina,(Lindl.) Greene
Aspleniaceae,ssp. trichomanes,Open,4,,,,,,Asplenium trichomanes,L.
Asteraceae,,Open,107,,,,,,Achillea millefolium,L.
Asteraceae,,Forest,9,,,,,,Adenocaulon bicolor,Hook.
Asteraceae,"ssp. grandiflora, ssp. leptophylla",Open,20,,,,,,Agoseris grandiflora,(Nutt.) Greene
Asteraceae,var. heterophylla,Open,3,,,,,,Agoseris heterophylla,(Nutt.) Greene
Asteraceae,,Shoreline,38,,,,,,Ambrosia chamissonis,(Less.) Greene
Asteraceae,,Open,12,,,,,,Anaphalis margaritacea,(L.) Benth. & Hook. f.
Asteraceae,,Forest,20,,,,,,Anisocarpus madioides,Nutt.
Asteraceae,,Open,1,,,,,,Antennaria racemosa,Hook.
Asteraceae,,Open,2,,,,,,Anthemis cotula,L.*
Asteraceae,,Open,4,,,,,,Arctium minus,(Hill) Bernh.*
Asteraceae,var. scouleriana,Open,17,,,,,,Artemisia campestris,L.
Asteraceae,,Open,5,,,,,,Artemisia suksdorfii,Piper
Asteraceae,,Open,1,,,,,,Artemisia vulgaris,L.*
Asteraceae,,Open,23,,,,,,Bellis perennis,L.*
Asteraceae,,Wetland,1,,,,,,Bidens beckii,Torr. ex Spreng.
Asteraceae,,Shoreline,1,,,,,,Bidens frondosa,L.
Asteraceae,,Open,1,,,,,,Calendula officinalis,L.*
Asteraceae,,Open,1,,,,,,Carduus nutans,L.*
Asteraceae,,Open,2,,,,,,Centaurea cyanus,L.*
Asteraceae,,Open,1,,,,,,Centaurea diffusa,Lam.*
Asteraceae,,Open,3,,,,,,Centaurea gerstlaueri,Erdner*
Asteraceae,,Open,2,,,,,,Centaurea jacea,L.*
Asteraceae,,Open,2,,,,,,Centaurea melitensis,L.*
Asteraceae,,Open,1,,,,,,Centaurea montana,L.*
Asteraceae,ssp. australis,Open,3,,,,,,Centaurea stoebe,L.*
Asteraceae,,Open,1,,,,,,Centaurea varnensis,Velen.*
Asteraceae,,Open,2,,,,,,Cichorium intybus,L.*
Asteraceae,,Open,32,,,,,,Cirsium arvense,(L.) Scop.*
Asteraceae,,Forest,7,,,,,,Cirsium brevistylum,Cronquist
Asteraceae,,Open,67,,,,,,Cirsium vulgare,(Savi) Ten.*
Asteraceae,,Open,3,,,,,,Conyza canadensis,(L.) Cronquist
Asteraceae,,Open,1,,,,,,Coreopsis grandiflora,x C. lanceolata *
Asteraceae,,Open,2,,,,,,Coreopsis lanceolata,L.*
Asteraceae,,Shoreline,2,,,,,,Cotula coronopifolia,L.*
Asteraceae,,Open,10,,,,,,Crepis capillaris,(L.) Wallr.*
Asteraceae,,Open,1,,,,,,Crepis nicaeensis,Balbis ex Pers.*
Asteraceae,,Open,2,,,,,,Crocidium multicaule,Hook.
Asteraceae,,Forest,1,,,,,,Erigeron philadelphicus,L.
Asteraceae,,Open,1,,,,,,Erigeron speciosus,(Lindl.) DC.
Asteraceae,"var. lanatum, var. leucophyllum",Open,33,,,,,,Eriophyllum lanatum,(Pursh) J. Forbes
Asteraceae,,Open,1,,,,,,Filago arvensis,L.*
Asteraceae,,Open,4,,,,,,Filago vulgaris,Lam.*
Asteraceae,,Open,26,,,,,,Gamochaeta ustulata,(Nutt.) Holub
Asteraceae,,Open,4,,,,,,Gnaphalium palustre,Nutt.
Asteraceae,,Open,4,,,,,,Gnaphalium uliginosum,L.*
Asteraceae,,Shoreline,143,,,,,,Grindelia integrifolia,DC.
Asteraceae,,Open,1,,,,,,Hemizonella minima,(A. Gray) A. Gray
Asteraceae,,Forest,31,,,,,,Hieracium albiflorum,Hook.
Asteraceae,,Open,2,,,,,,Hieracium aurantiacum,L.*
Asteraceae,,Open,2,,,,,,Hieracium caespitosum,Dumort.*
Asteraceae,,Open,1,,,,,,Hieracium flagellare,Willd.*
Asteraceae,,Open,1,,,,,,Hieracium stoloniflorum,Waldst. & Kit.*
Asteraceae,,Open,24,,,,,,Hypochaeris glabra,L.*
Asteraceae,,Open,88,,,,,,Hypochaeris radicata,L.*
Asteraceae,,Open,1,,,,,,Jacobaea maritima,(L.) Pelser & Meijden
Asteraceae,,Open,1,,,,,,Jacobaea maritima,x J. vulgaris *
Asteraceae,,Open,14,,,,,,Jacobaea vulgaris,Gaertn.*
Asteraceae,,Shoreline,4,,,,,,Jaumea carnosa,(Less.) A. Gray
Asteraceae,,Open,1,,,,,,Lactuca ludoviciana,(Nutt.) Riddell
Asteraceae,,Open,9,,,,,,Lactuca serriola,L.*
Asteraceae,,Open,13,,,,,,Lapsana communis,L.*
Asteraceae,,Open,4,,,,,,Leontodon autumnalis,L.*
Asteraceae,ssp. saxatilis,Open,4,,,,,,Leontodon saxatilis,Lam.*
Asteraceae,,Open,1,,,,,,Leucanthemum maximum,(Ramond) DC.*
Asteraceae,,Open,7,,,,,,Leucanthemum vulgare,Lam.*
Asteraceae,,Open,2,,,,,,Logfia minima,(Sm.) Dumort.*
Asteraceae,,Open,4,,,,,,Madia exigua,(Sm.) A. Gray
Asteraceae,,Open,1,,,,,,Madia glomerata,Hook.
Asteraceae,,Open,9,,,,,,Madia gracilis,(Sm.) D.D. Keck
Asteraceae,,Open,5,,,,,,Madia sativa,Molina
Asteraceae,,Open,6,,,,,,Matricaria discoidea,DC.
Asteraceae,,Open,1,,,,,,Mauranthemum paludosum,(Poir.) Vogt & Oberpr.*
Asteraceae,,Open,2,,,,,,Microseris bigelovii,(A. Gray) Sch. Bip.
Asteraceae,,Forest,28,,,,,,Mycelis muralis,(L.) Dumort.*
Asteraceae,,Open,1,,,,,,Packera indecora,(Greene) Á. Löve & D. Löve
Asteraceae,,Open,4,,,,,,Packera macounii,(Greene) W.A. Weber & Á. Löve
Asteraceae,var. palmatus,Wetland,1,,,,,,Petasites frigidus,(L.) Fr.
Asteraceae,,Open,6,,,,,,Pseudognaphalium stramineum,(Kunth) Anderb.
Asteraceae,,Open,6,,,,,,Pseudognaphalium thermale,(E.E. Nelson) G.L. Nesom
Asteraceae,,Open,1,,,,,,Psilocarphus tenellus,Nutt.
Asteraceae,,Open,12,,,,,,Senecio sylvaticus,L.*
Asteraceae,,Open,60,,,,,,Senecio vulgaris,L.*
Asteraceae,,Open,1,,,,,,Sericocarpus rigidus,Lindl.
Asteraceae,,Open,2,,,,,,Solidago elongata,Nutt.
Asteraceae,var. salebrosa,Open,12,,,,,,Solidago lepida,DC.
Asteraceae,"var. nana, var. simplex",Open,2,,,,,,Solidago simplex,Kunth
Asteraceae,,Open,12,,,,,,Soliva sessilis,Ruiz & Pav.*
Asteraceae,ssp. arvensis,Open,16,,,,,,Sonchus arvensis,L.*
Asteraceae,ssp. asper,Open,71,,,,,,Sonchus asper,(L.) Hill*
Asteraceae,,Open,102,,,,,,Sonchus oleraceus,L.*
Asteraceae,,Wetland,1,,,,,,Symphyotrichum boreale,(Torr. & A. Gray) Á. Löve & D. Löve
Asteraceae,,Open,6,,,,,,Symphyotrichum subspicatum,(Nees) G.L. Nesom
Asteraceae,,Open,1,,,,,,Tanacetum balsamita,L.*
Asteraceae,,Open,2,,,,,,Tanacetum parthenium,(L.) Sch. Bip.*
Asteraceae,,Open,3,,,,,,Tanacetum vulgare,L.*
Asteraceae,,Open,14,,,,,,Taraxacum erythrospermum,Andrz. ex Besser*
Asteraceae,,Open,68,,,,,,Taraxacum officinale,F.H. Wigg.*
Asteraceae,,Open,4,,,,,,Tragopogon dubius,Scop.*
Asteraceae,,Open,4,,,,,,Tragopogon porrifolius,L.*
Asteraceae,,Open,1,,,,,,Tragopogon pratensis,L.*
Asteraceae,,Open,4,,,,,,Tripleurospermum inodorum,(L.) Sch. Bip.*
Athyriaceae,ssp. cyclosorum,Forest,19,,,,,,Athyrium filix-femina,(L.) Roth ex Mertens
Berberidaceae,,Open,87,,,,,,Berberis aquifolium,(Pursh) Nutt.
Berberidaceae,,Forest,20,,,,,,Berberis nervosa,(Pursh) Nutt.
Betulaceae,,Forest,18,,,,,,Alnus rubra,Bong.
Betulaceae,ssp. sinuata,Forest,8,,,,,,Alnus viridis,(Chaix) DC.
Betulaceae,,Forest,5,,,,,,Betula papyrifera,Marshall
Betulaceae,,Forest,1,,,,,,Betula pendula,Roth*
Betulaceae,ssp. californica,Forest,3,,,,,,Corylus cornuta,Marshall
Blechnaceae,,Forest,5,,,,,,Struthiopteris spicant,(L.) Weiss
Boraginaceae,,Open,3,,,,,,Amsinckia intermedia,Fisch. & C.A. Mey.
Boraginaceae,,Open,12,,,,,,Amsinckia menziesii,(Lehm.) A. Nelson & J.F. Macbr.
Boraginaceae,var. spectabilis,Open,5,,,,,,Amsinckia spectabilis,Fisch. & C.A. Mey.
Boraginaceae,,Open,2,,,,,,Anchusa azurea,Mill.*
Boraginaceae,,Open,1,,,,,,Anchusa officinalis,L.*
Boraginaceae,,Open,1,,,,,,Borago officinalis,L.*
Boraginaceae,,Open,1,,,,,,Buglossoides arvensis,(L.) I.M. Johnst.*
Boraginaceae,,Open,1,,,,,,Lycopsis arvensis,L.*
Boraginaceae,,Open,4,,,,,,Myosotis arvensis,(L.) Hill*
Boraginaceae,,Open,43,,,,,,Myosotis discolor,Pers.*
Boraginaceae,,Open,1,,,,,,Myosotis latifolia,Poir.*
Boraginaceae,,Wetland,4,,,,,,Myosotis laxa,Lehm.
Boraginaceae,,Open,12,,,,,,Myosotis stricta,Link ex Roem. & Schult.*
Boraginaceae,,Forest,1,,,,,,Myosotis sylvatica,Ehrh. ex Hoffm.*
Boraginaceae,,Forest,1,,,,,,Pentaglottis sempervirens,(L.) Tausch ex L.H. Bailey*
Boraginaceae,,Shoreline,28,,,,,,Plagiobothrys scouleri,(Hook. & Arn.) I.M. Johnst.
Boraginaceae,,Open,4,,,,,,Plagiobothrys tenellus,(Nutt. ex Hook.) A. Gray
Boraginaceae,,Open,1,,,,,,Symphytum officinale,L.*
Boraginaceae,,Open,1,,,,,,Symphytum uplandicum,Nyman*
Brassicaceae,,Forest,2,,,,,,Alliaria petiolata,(M. Bieb.) Cavara & Grande*
Brassicaceae,,Open,8,,,,,,Arabidopsis thaliana,(L.) Heynh.*
Brassicaceae,,Open,1,,,,,,Arabis caucasica,Willd.*
Brassicaceae,,Open,23,,,,,,Arabis eschscholtziana,Andrz.
Brassicaceae,,Open,1,,,,,,Aubrieta deltoidea,(L.) DC.*
Brassicaceae,,Open,15,,,,,,Barbarea orthoceras,Ledeb.
Brassicaceae,,Open,1,,,,,,Barbarea vulgaris,W.T. Aiton*
Brassicaceae,,Open,4,,,,,,Brassica juncea,(L.) Czern.*
Brassicaceae,,Open,3,,,,,,Brassica nigra,(L.) W.D.J. Koch*
Brassicaceae,,Open,4,,,,,,Brassica rapa,L.*
Brassicaceae,var. edentula,Shoreline,17,,,,,,Cakile edentula,(Bigelow) Hook.*
Brassicaceae,ssp. maritima,Shoreline,44,,,,,,Cakile maritima,Scop.*
Brassicaceae,,Open,1,,,,,,Camelina microcarpa,Andrz. ex DC.*
Brassicaceae,,Open,10,,,,,,Capsella bursa-pastoris,(L.) Medik.*
Brassicaceae,,Forest,6,,,,,,Cardamine flexuosa,With.*
Brassicaceae,,Open,66,,,,,,Cardamine hirsuta,L.*
Brassicaceae,,Forest,2,,,,,,Cardamine nuttallii,Greene
Brassicaceae,,Wetland,2,,,,,,Cardamine occidentalis,(S. Watson) Howell
Brassicaceae,,Forest,50,,,,,,Cardamine oligosperma,Nutt.
Brassicaceae,,Forest,4,,,,,,Cardamine pensylvanica,Muhl. ex Willd.
Brassicaceae,,Open,30,,,,,,Draba verna,L.*
Brassicaceae,,Open,1,,,,,,Erysimum cheiri,(L.) Crantz*
Brassicaceae,,Open,2,,,,,,Hesperis matronalis,L.*
Brassicaceae,,Shoreline,11,,,,,,Hornungia procumbens,(L.) Hayek
Brassicaceae,,Open,1,,,,,,Lepidium campestre,(L.) W.T. Aiton*
Brassicaceae,,Open,3,,,,,,Lepidium densiflorum,Schrad.
Brassicaceae,,Open,1,,,,,,Lepidium didymum,L.*
Brassicaceae,,Open,1,,,,,,Lepidium draba,L.*
Brassicaceae,,Open,1,,,,,,Lepidium heterophyllum,Benth.*
Brassicaceae,,Open,1,,,,,,Lepidium latifolium,L.*
Brassicaceae,,Shoreline,2,,,,,,Lepidium oxycarpum,Torr. & A. Gray
Brassicaceae,,Open,1,,,,,,Lepidium perfoliatum,L.*
Brassicaceae,ssp. menziesii,Shoreline,72,,,,,,Lepidium virginicum,L.
Brassicaceae,,Open,2,,,,,,Lobularia maritima,(L.) Desv.*
Brassicaceae,,Forest,3,,,,,,Lunaria annua,L.*
Brassicaceae,,Wetland,2,,,,,,Nasturtium officinale,W.T. Aiton*
Brassicaceae,,Open,3,,,,,,Raphanus raphanistrum,L.*
Brassicaceae,,Open,2,,,,,,Raphanus sativus,L.*
Brassicaceae,,Wetland,2,,,,,,Rorippa curvisiliqua,(Hook.) Bessey ex Britton
Brassicaceae,ssp. palustris,Wetland,1,,,,,,Rorippa palustris,(L.) Besser
Brassicaceae,,Open,3,,,,,,Sinapis arvensis,L.*
Brassicaceae,,Open,1,,,,,,Sisymbrium altissimum,L.*
Brassicaceae,,Open,3,,,,,,Sisymbrium officinale,(L.) Scop.*
Brassicaceae,,Open,5,,,,,,Teesdalia nudicaulis,(L.) W.T. Aiton*
Brassicaceae,,Open,1,,,,,,Thlaspi arvense,L.*
Brassicaceae,,Open,49,,,,,,Turritis glabra,L.
Buddleja,,Open,1,,,,,,Buddleja davidii,Franch.*
Cabombaceae,,Wetland,2,,,,,,Brasenia schreberi,J.F. Gmel.
Cactaceae,,Shoreline,27,,,,,,Opuntia fragilis,(Nutt.) Haw.
Campanulaceae,,Open,2,,,,,,Campanula medium,L.*
Campanulaceae,,Open,1,,,,,,Campanula persicifolia,L.*
Campanulaceae,,Open,1,,,,,,Campanula rapunculoides,L.*
Campanulaceae,,Open,14,,,,,,Campanula rotundifolia,L.
Campanulaceae,,Forest,4,,,,,,Campanula scouleri,Hook. ex A. DC.
Campanulaceae,,Open,1,,,,,,Githopsis specularioides,Nutt.
Campanulaceae,,Wetland,1,,,,,,Lobelia dortmanna,L.
Campanulaceae,,Wetland,6,,,,,,Triodanis perfoliata,(L.) Nieuwl.
Caprifoliaceae,,Forest,52,,,,,,Lonicera ciliosa,(Pursh) Poir. ex DC.
Caprifoliaceae,,Forest,56,,,,,,Lonicera hispidula,(Lindl.) Douglas ex Torr. & A. Gray
Caprifoliaceae,var. involucrata,Forest,9,,,,,,Lonicera involucrata,(Richardson) Banks ex Spreng.
Caprifoliaceae,var. laevigatus,Forest,94,,,,,,Symphoricarpos albus,(L.) S.F. Blake
Caryophyllaceae,,Open,1,,,,,,Agrostemma githago,L.*
Caryophyllaceae,var. serpylilfolia,Open,5,,,,,,Arenaria serpyllifolia,L.*
Caryophyllaceae,ssp. strictum,Open,106,,,,,,Cerastium arvense,L.
Caryophyllaceae,ssp. vulgare,Open,12,,,,,,Cerastium fontanum,Baumg.*
Caryophyllaceae,,Open,82,,,,,,Cerastium glomeratum,Thuill.*
Caryophyllaceae,,Open,71,,,,,,Cerastium pumilum,Curtis*
Caryophyllaceae,,Open,47,,,,,,Cerastium semidecandrum,L.*
Caryophyllaceae,,Open,1,,,,,,Cerastium tomentosum,L.*
Caryophyllaceae,ssp. armeria,Open,5,,,,,,Dianthus armeria,L.*
Caryophyllaceae,ssp. barbatus,Open,1,,,,,,Dianthus barbatus,L.*
Caryophyllaceae,ssp. umbellatum,Open,2,,,,,,Holosteum umbellatum,L.*
Caryophyllaceae,ssp. major,Shoreline,11,,,,,,Honckenya peploides,(L.) Ehrh.
Caryophyllaceae,,Open,4,,,,,,Lychnis coronaria,(L.) Desr.*
Caryophyllaceae,,Forest,5,,,,,,Moehringia macrophylla,(Hook.) Fenzl
Caryophyllaceae,,Open,2,,,,,,Moenchia erecta,"(L.) P. Gaertn., B. Mey. & Scherbius*"
Caryophyllaceae,,Open,17,,,,,,Sabulina macra,(A. Nelson & J.F. Macbr.) Dillenb. & Kadereit
Caryophyllaceae,,Shoreline,17,,,,,,Sagina apetala,Ard.*
Caryophyllaceae,ssp. occidentalis,Shoreline,88,,,,,,Sagina decumbens,(Elliott) Torr. & A. Gray
Caryophyllaceae,ssp. crassicaulis,Shoreline,31,,,,,,Sagina maxima,A. Gray
Caryophyllaceae,,Shoreline,12,,,,,,Sagina procumbens,L.*
Caryophyllaceae,,Open,1,,,,,,Scleranthus annuus,L.*
Caryophyllaceae,,Open,16,,,,,,Silene antirrhina,L.
Caryophyllaceae,,Open,1,,,,,,Silene douglasii,Hook.
Caryophyllaceae,,Open,28,,,,,,Silene gallica,L.*
Caryophyllaceae,,Open,2,,,,,,Silene latifolia,Poir.*
Caryophyllaceae,,Forest,12,,,,,,Silene menziesii,Hook.
Caryophyllaceae,ssp. scouleri,Open,5,,,,,,Silene scouleri,Hook.
Caryophyllaceae,,Shoreline,2,,,,,,Spergula arvensis,L.*
Caryophyllaceae,var. occidentalis,Shoreline,7,,,,,,Spergularia canadensis,(Pers.) G. Don
Caryophyllaceae,var. macrotheca,Shoreline,55,,,,,,Spergularia macrotheca,(Hornem.) Heynh.
Caryophyllaceae,,Shoreline,35,,,,,,Spergularia rubra,(L.) J. Presl & C. Presl*
Caryophyllaceae,,Shoreline,7,,,,,,Spergularia salina,J. Presl & C. Presl
Caryophyllaceae,"ssp. borealis, ssp. sitchana",Wetland,6,,,,,,Stellaria borealis,Bigelow
Caryophyllaceae,,Forest,10,,,,,,Stellaria crispa,Cham. & Schltdl.
Caryophyllaceae,,Open,1,,,,,,Stellaria graminea,L.*
Caryophyllaceae,,Wetland,2,,,,,,Stellaria longifolia,Muhl. ex Willd.
Caryophyllaceae,ssp. longipes,Wetland,2,,,,,,Stellaria longipes,Goldie
Caryophyllaceae,,Open,86,,,,,,Stellaria media,(L.) Vill.*
Caryophyllaceae,,Open,14,,,,,,Stellaria nitens,Nutt.
Caryophyllaceae,,Open,21,,,,,,Stellaria pallida,(Dumort.) Crépin*
Caryophyllaceae,,Open,1,,,,,,Vaccaria hispanica,(Mill.) Rauschert*
Celastraceae,,Forest,21,,,,,,Paxistima myrsinites,(Pursh) Raf.
Ceratophyllaceae,,Wetland,5,,,,,,Ceratophyllum demersum,L.
Convolvulaceae,,Open,1,,,,,,Calystegia lucana,(Ten.) G. Don*
Convolvulaceae,,Shoreline,4,,,,,,Calystegia sepium,(L.) R. Br.
Convolvulaceae,,Shoreline,1,,,,,,Calystegia soldanella,(L.) R. Br.
Convolvulaceae,,Open,3,,,,,,Convolvulus arvensis,L.*
Convolvulaceae,var. epithymum,Shoreline,1,,,,,,Cuscuta epithymum,Murray*
Convolvulaceae,var. pacifica,Shoreline,8,,,,,,Cuscuta pacifica,Costea & M.A.R. Wright
Cornaceae,,Forest,2,,,,,,Cornus occidentalis,(Torr. & A. Gray) Coville
Cornaceae,,Forest,3,,,,,,Cornus stolonifera,Michx.
Cornaceae,,Forest,2,,,,,,Cornus unalaschkensis,Ledeb.
Crassulaceae,,Shoreline,2,,,,,,Crassula connata,(Ruiz & Pav.) A. Berger
Crassulaceae,,Shoreline,9,,,,,,Crassula tillaea,Lester-Garl.*
Crassulaceae,,Shoreline,3,,,,,,Sedum acre,L.*
Crassulaceae,,Shoreline,9,,,,,,Sedum album,L.*
Crassulaceae,,Open,1,,,,,,Sedum divergens,S. Watson
Crassulaceae,,Shoreline,93,,,,,,Sedum lanceolatum,Torr.
Crassulaceae,,Open,2,,,,,,Sedum oreganum,Nutt.
Crassulaceae,,Shoreline,79,,,,,,Sedum spathulifolium,Hook.
Cucurbitaceae,,Open,5,,,,,,Marah oregana,(Torr. & A. Gray) Howell
Cupressaceae,,Open,61,,,,,,Juniperus scopulorum,Sarg.
Cupressaceae,,Forest,24,,,,,,Thuja plicata,Donn ex D. Don
Cyperaceae,ssp. paludosus,Wetland,8,,,,,,Bolboschoenus maritimus,(L.) Palla
Cyperaceae,"var. aquatilis, var. dives",Wetland,4,,,,,,Carex aquatilis,Wahlenb.
Cyperaceae,,Wetland,3,,,,,,Carex arcta,Boott
Cyperaceae,,Wetland,3,,,,,,Carex aurea,Nutt.
Cyperaceae,,Wetland,2,,,,,,Carex canescens,L.
Cyperaceae,,Wetland,2,,,,,,Carex canescens,L.*
Cyperaceae,,Wetland,4,,,,,,Carex cusickii,Mack. ex Piper & Beattie
Cyperaceae,,Open,1,,,,,,Carex densa,(L.H. Bailey) L.H. Bailey
Cyperaceae,"ssp. echinata, ssp. phyllomanica",Wetland,2,,,,,,Carex echinata,Murray
Cyperaceae,,Wetland,5,,,,,,Carex exsiccata,L.H. Bailey
Cyperaceae,,Wetland,4,,,,,,Carex hendersonii,L.H. Bailey
Cyperaceae,,Open,1,,,,,,Carex hoodii,Boott
Cyperaceae,ssp. Inops,Open,17,,,,,,Carex inops,L.H. Bailey
Cyperaceae,,Wetland,2,,,,,,Carex interior,L.H. Bailey
Cyperaceae,"var. impressa, var. kelloggii, var. limnophila",Wetland,5,,,,,,Carex kelloggii,W. Boott
Cyperaceae,,Wetland,1,,,,,,Carex laeviculmis,Meinsh.
Cyperaceae,,Wetland,1,,,,,,Carex lasiocarpa,Ehrh.
Cyperaceae,,Wetland,2,,,,,,Carex leporina,L.
Cyperaceae,,Wetland,2,,,,,,Carex leptalea,Wahlenb.
Cyperaceae,,Forest,17,,,,,,Carex leptopoda,Mack.
Cyperaceae,,Forest,17,,,,,,Carex leptopoda,Mack.
Cyperaceae,,Shoreline,15,,,,,,Carex lyngbyei,Hornem.
Cyperaceae,,Shoreline,5,,,,,,Carex macrocephala,Willd. ex Spreng.
Cyperaceae,,Wetland,12,,,,,,Carex obnupta,L.H. Bailey
Cyperaceae,,Wetland,7,,,,,,Carex pachystachya,Cham. ex Steud.
Cyperaceae,,Open,3,,,,,,Carex pansa,L.H. Bailey
Cyperaceae,,Open,1,,,,,,Carex pauciflora,Lightf.
Cyperaceae,,Forest,1,,,,,,Carex pendula,Huds.*
Cyperaceae,,Open,2,,,,,,Carex praticola,Rydb.
Cyperaceae,,Open,13,,,,,,Carex rossii,Boott
Cyperaceae,var. stipata,Wetland,3,,,,,,Carex stipata,Muhl. ex Willd.
Cyperaceae,,Wetland,1,,,,,,Carex subbracteata,Mack.
Cyperaceae,,Open,3,,,,,,Carex tumulicola,Mack.
Cyperaceae,,Wetland,1,,,,,,Carex unilateralis,Mack.
Cyperaceae,,Wetland,6,,,,,,Carex utriculata,Boott
Cyperaceae,var. major,Wetland,2,,,,,,Carex vesicaria,L.
Cyperaceae,var. viridula,Shoreline,3,,,,,,Carex viridula,Michx.
Cyperaceae,,Open,1,,,,,,Carex vulpinoidea,Michx.
Cyperaceae,,Open,9,,,,,,Carex zikae,E.H. Roalson & M.J. Waterway
Cyperaceae,,Wetland,4,,,,,,Dulichium arundinaceum,(L.) Britton
Cyperaceae,,Wetland,1,,,,,,Eleocharis acicularis,(L.) Roem. & Schult.
Cyperaceae,,Wetland,4,,,,,,Eleocharis macrostachya,Britton
Cyperaceae,,Wetland,1,,,,,,Eleocharis obtusa,(Willd.) Schult.
Cyperaceae,,Wetland,7,,,,,,Eleocharis palustris,(L.) Roem. & Schult.
Cyperaceae,,Wetland,1,,,,,,Eleocharis parvula,"(Roem. & Schultes) Link ex Bluff Nees, & Schauer"
Cyperaceae,,Wetland,1,,,,,,Eriophorum chamissonis,C.A. Mey.
Cyperaceae,,Wetland,1,,,,,,Eriophorum gracile,W.D.J. Koch ex Roth
Cyperaceae,,Wetland,1,,,,,,Rhynchospora alba,(L.) Vahl
Cyperaceae,,Wetland,6,,,,,,Schoenoplectus acutus,(Muhl. ex Bigelow) Á. Löve & D. Löve
Cyperaceae,,Shoreline,2,,,,,,Schoenoplectus americanus,(Pers.) Volkart ex Schinz & R. Keller
Cyperaceae,,Wetland,1,,,,,,Schoenoplectus subterminalis,(Torr.) Soják
Cyperaceae,,Wetland,3,,,,,,Schoenoplectus tabernaemontani,(C.C. Gmel.) Palla
Cyperaceae,,Wetland,1,,,,,,Scirpus atrocinctus,Fernald
Cyperaceae,,Wetland,1,,,,,,Scirpus cyperinus,(L.) Kunth*
Cyperaceae,,Wetland,5,,,,,,Scirpus microcarpus,J. Presl & C. Presl
Cystopteridaceae,,Forest,7,,,,,,Cystopteris fragilis,(L.) Bernh.
Dennstaedtiaceae,var. pubescens,Forest,30,,,,,,Pteridium aquilinum,(L.) Kuhn
Dipsacaceae,,Open,5,,,,,,Dipsacus fullonum,L.*
Droseraceae,,Wetland,3,,,,,,Drosera rotundifolia,L.
Dryopteridaceae,,Forest,1,,,,,,Dryopteris arguta,(Kaulf.) Maxon
Dryopteridaceae,,Forest,14,,,,,,Dryopteris expansa,(C. Presl) Fraser-Jenk. & Jermy
Dryopteridaceae,,Forest,50,,,,,,Polystichum munitum,(Kaulf.) C. Presl
Elaeagnaceae,,Open,1,,,,,,Elaeagnus umbellata,Thunb.*
Elaeagnaceae,,Forest,21,,,,,,Shepherdia canadensis,(L.) Nutt.
Equisetaceae,,Open,13,,,,,,Equisetum arvense,L.
Equisetaceae,,Open,1,,,,,,Equisetum ferrissii,Clute
Equisetaceae,,Wetland,3,,,,,,Equisetum fluviatile,L.
Equisetaceae,ssp. affine,Wetland,9,,,,,,Equisetum hyemale,L.
Equisetaceae,,Wetland,5,,,,,,Equisetum palustre,L.
Equisetaceae,ssp. braunii,Wetland,13,,,,,,Equisetum telmateia,Ehrh.
Ericaceae,,Forest,2,,,,,,Allotropa virgata,Torr. & A. Gray
Ericaceae,,Forest,62,,,,,,Arbutus menziesii,Pursh
Ericaceae,,Open,2,,,,,,Arctostaphylos columbiana,Piper
Ericaceae,,Open,1,,,,,,Arctostaphylos media,Greene
Ericaceae,,Open,7,,,,,,Arctostaphylos uva-ursi,(L.) Spreng.
Ericaceae,,Forest,3,,,,,,Chimaphila menziesii,(R. Br.) Spreng.
Ericaceae,ssp. umellata,Forest,4,,,,,,Chimaphila umbellata,(L.) W.P.C. Barton
Ericaceae,,Forest,37,,,,,,Gaultheria shallon,Pursh
Ericaceae,var. occidentalis,Wetland,3,,,,,,Kalmia microphylla,(Hook.) A. Heller
Ericaceae,,Forest,1,,,,,,Moneses uniflora,(L.) A. Gray
Ericaceae,,Forest,2,,,,,,Monotropa hypopitys,L.
Ericaceae,,Forest,13,,,,,,Monotropa uniflora,L.
Ericaceae,,Forest,2,,,,,,Orthilia secunda,(L.) House
Ericaceae,,Forest,2,,,,,,Pterospora andromedea,Nutt.
Ericaceae,,Forest,1,,,,,,Pyrola aphylla,Sm.
Ericaceae,"ssp. asarifolia, ssp. bracteata",Forest,4,,,,,,Pyrola asarifolia,Michx.
Ericaceae,,Forest,2,,,,,,Pyrola chlorantha,Sw.
Ericaceae,,Forest,1,,,,,,Pyrola dentata,Sm.
Ericaceae,,Forest,1,,,,,,Pyrola minor,L.
Ericaceae,,Forest,3,,,,,,Pyrola picta,Sm.
Ericaceae,,Forest,1,,,,,,Rhododendron columbianum,(Piper) Harmaja
Ericaceae,,Forest,5,,,,,,Rhododendron groenlandicum,(Oeder) Kron & Judd
Ericaceae,,Forest,1,,,,,,Rhododendron macrophyllum,D. Don ex G. Don
Ericaceae,,Forest,1,,,,,,Vaccinium cespitosum,Michx.
Ericaceae,,Forest,4,,,,,,Vaccinium ovatum,Pursh
Ericaceae,,Forest,2,,,,,,Vaccinium oxycoccos,L.
Ericaceae,,Forest,21,,,,,,Vaccinium parvifolium,Sm.
Ericaceae,,Forest,1,,,,,,Vaccinium uliginosum,L.
Euphorbiaceae,,Open,1,,,,,,Euphorbia characias,L.*
Euphorbiaceae,,Open,4,,,,,,Euphorbia cyparissias,L.*
Euphorbiaceae,,Open,1,,,,,,Euphorbia elongata,Poir.*
Euphorbiaceae,,Open,1,,,,,,Euphorbia myrsinites,L.*
Euphorbiaceae,,Open,3,,,,,,Euphorbia peplus,L.*
Fabaceae,var. americanus,Open,4,,,,,,Acmispon americanus,(Nutt.) Rydb.
Fabaceae,,Open,10,,,,,,Acmispon denticulatus,(Drew) Sokoloff
Fabaceae,,Open,17,,,,,,Acmispon parviflorus,(Benth.) D.D. Sokoloff
Fabaceae,,Open,8,,,,,,Cytisus scoparius,(L.) Link*
Fabaceae,,Forest,1,,,,,,Laburnum anagyroidis,Medik.*
Fabaceae,,Open,1,,,,,,Lathyrus aphaca,L.*
Fabaceae,,Shoreline,57,,,,,,Lathyrus japonicus,Willd.
Fabaceae,,Open,4,,,,,,Lathyrus latifolius,L.*
Fabaceae,,Shoreline,1,,,,,,Lathyrus littoralis,(Nutt.) Endl. ex Walp.
Fabaceae,var. nevadensis,Forest,47,,,,,,Lathyrus nevadensis,S. Watson
Fabaceae,,Shoreline,5,,,,,,Lathyrus palustris,L.
Fabaceae,,Open,1,,,,,,Lathyrus sylvestris,L.*
Fabaceae,,Open,8,,,,,,Lotus corniculatus,L.*
Fabaceae,,Open,2,,,,,,Lotus tenuis,Waldst. & Kit. ex Willd.*
Fabaceae,,Open,4,,,,,,Lupinus arboreus,Sims*
Fabaceae,,Open,15,,,,,,Lupinus bicolor,Lindl.
Fabaceae,var. latifolius,Open,2,,,,,,Lupinus latifolius,Lindl. ex J. Agardh
Fabaceae,var. littoralis,Open,2,,,,,,Lupinus littoralis,Douglas
Fabaceae,var. microcarpus,Open,7,,,,,,Lupinus microcarpus,Sims
Fabaceae,,Open,1,,,,,,Lupinus pachylobus,Greene
Fabaceae,,Open,1,,,,,,Lupinus rivularis,Douglas ex Lindl.
Fabaceae,,Open,1,,,,,,Medicago arabica,(L.) Huds.*
Fabaceae,,Open,7,,,,,,Medicago lupulina,L.*
Fabaceae,,Open,2,,,,,,Medicago sativa,L.*
Fabaceae,,Open,2,,,,,,Melilotus albus,Medik.*
Fabaceae,,Open,2,,,,,,Melilotus officinalis,(L.) Lam.*
Fabaceae,var. spicata,Shoreline,3,,,,,,Oxytropis campestris,(L.) DC.
Fabaceae,,Open,1,,,,,,Pisum sativum,L.*
Fabaceae,,Open,2,,,,,,Rupertia physodes,(Douglas ex Hook.) J.W. Grimes
Fabaceae,,Open,2,,,,,,Trifolium arvense,L.*
Fabaceae,,Open,8,,,,,,Trifolium campestre,Schreb.*
Fabaceae,,Open,1,,,,,,Trifolium depauperatum,Desv.
Fabaceae,,Open,8,,,,,,Trifolium dichotomum,Hook. & Arn.
Fabaceae,,Open,50,,,,,,Trifolium dubium,Sibth.*
Fabaceae,,Open,1,,,,,,Trifolium fragiferum,L.*
Fabaceae,,Open,1,,,,,,Trifolium hybridum,L.*
Fabaceae,,Open,2,,,,,,Trifolium incarnatum,L.*
Fabaceae,,Open,58,,,,,,Trifolium microcephalum,Pursh
Fabaceae,,Open,53,,,,,,Trifolium microdon,Hook. & Arn.
Fabaceae,,Open,43,,,,,,Trifolium oliganthum,Steud.
Fabaceae,,Open,14,,,,,,Trifolium pratense,L.*
Fabaceae,,Open,17,,,,,,Trifolium repens,L.*
Fabaceae,,Open,1,,,,,,Trifolium retusum,L.*
Fabaceae,,Open,1,,,,,,Trifolium striatum,L.*
Fabaceae,,Open,17,,,,,,Trifolium subterraneum,L.*
Fabaceae,,Open,2,,,,,,Trifolium suffocatum,L.*
Fabaceae,,Open,40,,,,,,Trifolium variegatum,Nutt.
Fabaceae,,Open,87,,,,,,Trifolium willdenovii,Spreng.
Fabaceae,,Open,2,,,,,,Trifolium wormskioldii,Lehm.
Fabaceae,,Open,1,,,,,,Ulex europaeus,L.*
Fabaceae,var. americana,Forest,76,,,,,,Vicia americana,Muhl. ex Willd.
Fabaceae,,Open,2,,,,,,Vicia cracca,L.*
Fabaceae,,Open,57,,,,,,Vicia hirsuta,(L.) Gray*
Fabaceae,,Open,1,,,,,,Vicia lathyroides,L.*
Fabaceae,var. gigantea,Forest,32,,,,,,Vicia nigricans,Hook. & Arn.
Fabaceae,"var. angustifolia, var. sativa",Open,71,,,,,,Vicia sativa,L.*
Fabaceae,,Open,1,,,,,,Vicia tetrasperma,(L.) Schreb.*
Fabaceae,var. glabrescens,Open,4,,,,,,Vicia villosa,Roth*
Fagaceae,var. garryana,Open,38,,,,,,Quercus garryana,Douglas ex Hook.
Gentianaceae,,Open,5,,,,,,Centaurium erythraea,Rafn*
Gentianaceae,,Open,1,,,,,,Centaurium pulchellum,"(Sw.) Hayek ex Hand.-Mazz., Stadlm., Janch. & Faltis*"
Gentianaceae,ssp. acuta,Wetland,3,,,,,,Gentianella amarella,(L.) Börner
Geraniaceae,ssp. cicutarium,Open,26,,,,,,Erodium cicutarium,(L.) L\\\'Hér. ex Aiton*
Geraniaceae,,Forest,1,,,,,,Geranium bicknellii,Britton
Geraniaceae,,Forest,5,,,,,,Geranium carolinianum,L.
Geraniaceae,,Open,23,,,,,,Geranium dissectum,L.*
Geraniaceae,,Open,2,,,,,,Geranium lucidum,L.*
Geraniaceae,,Open,99,,,,,,Geranium molle,L.*
Geraniaceae,,Open,2,,,,,,Geranium pusillum,L.*
Geraniaceae,,Forest,6,,,,,,Geranium robertianum,L.*
Grossulariaceae,var. divaricatum,Forest,63,,,,,,Ribes divaricatum,Douglas
Grossulariaceae,,Forest,10,,,,,,Ribes lacustre,(Pers.) Poir.
Grossulariaceae,var. sanguineum,Forest,54,,,,,,Ribes sanguineum,Pursh
Haloragaceae,,Wetland,4,,,,,,Myriophyllum sibiricum,Kom.
Haloragaceae,,Wetland,3,,,,,,Myriophyllum verticillatum,L.
Hydrangeaceae,,Forest,7,,,,,,Philadelphus lewisii,Pursh
Hydrocharitaceae,,Wetland,1,,,,,,Egeria densa,Planch.*
Hydrocharitaceae,,Wetland,3,,,,,,Elodea canadensis,Michx.
Hydrocharitaceae,,Wetland,1,,,,,,Najas canadensis,Michx.
Hydrocharitaceae,,Wetland,3,,,,,,Najas flexilis,(Willd.) Rostk. & W.L.E. Schmidt
Hydrophyllaceae,"var. parviflora, var. austiniae",Forest,14,,,,,,Nemophila parviflora,Douglas ex Benth.
Hydrophyllaceae,,Forest,1,,,,,,Nemophila pedunculata,Douglas ex Benth.
Hydrophyllaceae,,Open,1,,,,,,Phacelia linearis,(Pursh) Holz.
Hypericaceae,,Wetland,3,,,,,,Hypericum anagalloides,Cham. & Schltdl.
Hypericaceae,,Open,1,,,,,,Hypericum calycinum,L.*
Hypericaceae,,Open,7,,,,,,Hypericum perforatum,L.*
Hypericaceae,,Wetland,2,,,,,,Hypericum scouleri,Hook.
Iridaceae,,Open,1,,,,,,Crocus stellaris,Haw.*
Iridaceae,,Open,2,,,,,,Iris foetidissima,L.*
Iridaceae,,Open,7,,,,,,Iris germanica,L.*
Iridaceae,,Wetland,6,,,,,,Iris pseudacorus,L.*
Iridaceae,var. douglasii,Open,6,,,,,,Olsynium douglasii,(A. Dietr.) E.P. Bicknell
Iridaceae,,Open,1,,,,,,Sisyrinchium californicum,(Ker Gawl.) W.T.Aiton
Iridaceae,"var. macounii, var. segetum",Open,8,,,,,,Sisyrinchium idahoense,E.P. Bicknell
Isoetaceae,,Wetland,1,,,,,,Isoetes nuttallii,A. Br.
Isoetaceae,,Wetland,1,,,,,,Isoetes occidentalis,L.F. Hend.
Juncaceae,,Wetland,4,,,,,,Juncus acuminatus,Michx.
Juncaceae,,Wetland,1,,,,,,Juncus alpinoarticulatus,Chaix
Juncaceae,ssp. articulata,Wetland,4,,,,,,Juncus articulatus,L.
Juncaceae,ssp. ater,Shoreline,19,,,,,,Juncus balticus,Willd.
Juncaceae,,Shoreline,1,,,,,,Juncus bolanderi,Engelm.
Juncaceae,,Shoreline,2,,,,,,Juncus breweri,Engelm.
Juncaceae,var. bufonius,Shoreline,23,,,,,,Juncus bufonius,L.
Juncaceae,"ssp. pacificus, ssp. effusus",Shoreline,13,,,,,,Juncus effusus,L.
Juncaceae,,Wetland,7,,,,,,Juncus ensifolius,Wikstr.
Juncaceae,ssp. gerardi,Shoreline,3,,,,,,Juncus gerardi,Loisel.
Juncaceae,,Wetland,8,,,,,,Juncus hesperius,(Piper) Lint
Juncaceae,,Wetland,2,,,,,,Juncus occidentalis,(Coville) Wiegand
Juncaceae,,Wetland,3,,,,,,Juncus tenuis,Willd.
Juncaceae,var. laxa,Open,24,,,,,,Luzula comosa,E. Mey.
Juncaceae,,Open,10,,,,,,Luzula macrantha,(S. Watson) Zika & B.L. Wilson
Juncaceae,,Open,2,,,,,,Luzula multiflora,(Ehrh.) Lej.
Juncaceae,,Forest,2,,,,,,Luzula parviflora,(Ehrh.) Desv.
Juncaceae,,Open,58,,,,,,Luzula subsessilis,(S. Watson) Buchenau
Juncaginaceae,,Wetland,1,,,,,,Triglochin concinna,J.B. Davy
Juncaginaceae,,Wetland,10,,,,,,Triglochin maritima,L.
Lamiaceae,,Forest,4,,,,,,Ajuga reptans,L.*
Lamiaceae,,Forest,34,,,,,,Clinopodium douglasii,(Benth.) Kuntze
Lamiaceae,,Forest,2,,,,,,Glechoma hederacea,L.*
Lamiaceae,ssp. argentatum,Forest,3,,,,,,Lamiastrum galeobdolon,(L.) Ehrend. & Polatschek*
Lamiaceae,,Open,5,,,,,,Lamium amplexicaule,L.*
Lamiaceae,,Open,1,,,,,,Lamium hybridum,Vill.*
Lamiaceae,,Open,14,,,,,,Lamium purpureum,L.*
Lamiaceae,,Wetland,1,,,,,,Lycopus americanus,Muhl. ex W.P.C. Bartr.
Lamiaceae,,Wetland,2,,,,,,Lycopus europaeus,L.*
Lamiaceae,,Wetland,5,,,,,,Lycopus uniflorus,Michx.
Lamiaceae,,Open,7,,,,,,Marrubium vulgare,L.*
Lamiaceae,,Open,1,,,,,,Melissa officinalis,L.*
Lamiaceae,,Wetland,5,,,,,,Mentha canadensis,L.
Lamiaceae,,Open,1,,,,,,Mentha piperita,L.*
Lamiaceae,,Open,1,,,,,,Mentha pulegium,L.*
Lamiaceae,,Open,1,,,,,,Mentha rotundifolia,(L.) Huds.*
Lamiaceae,,Open,2,,,,,,Nepeta cataria,L.*
Lamiaceae,"var. lanceolata, var. vulgaris",Open,11,,,,,,Prunella vulgaris,L.
Lamiaceae,,Forest,36,,,,,,Satureja douglasii,(Benth.) Kuntze
Lamiaceae,,Wetland,2,,,,,,Scutellaria galericulata,L.
Lamiaceae,,Forest,5,,,,,,Stachys cooleyae,A. Heller
Lamiaceae,,Forest,1,,,,,,Stachys mexicana,Benth.
Lamiaceae,,Open,1,,,,,,Thymus pulegioides,L.*
Lentibulariaceae,,Wetland,1,,,,,,Utricularia gibba,L.
Lentibulariaceae,,Wetland,1,,,,,,Utricularia minor,L.
Lentibulariaceae,ssp. macrohiza,Wetland,4,,,,,,Utricularia vulgaris,L.
Liliaceae,ssp. oregonum,Forest,32,,,,,,Erythronium oregonum,Applegate
Liliaceae,,Open,86,,,,,,Fritillaria affinis,(Schult. & Schult. f.) Sealy
Liliaceae,,Forest,19,,,,,,Lilium columbianum,Leichtlin
Liliaceae,,Forest,1,,,,,,Prosartes hookeri,Torr.
Liliaceae,,Open,1,,,,,,Tulipa sp.,L.*
Linnaeaceae,ssp. longiflora,Forest,9,,,,,,Linnaea borealis,L.
Lycopodiaceae,,Wetland,2,,,,,,Lycopodium clavatum,L.
Lythraceae,,Wetland,4,,,,,,Lythrum salicaria,L.*
Malvaceae,,Open,1,,,,,,Alcea rosea,L.*
Malvaceae,,Open,1,,,,,,Malva neglecta,Wallr.*
Malvaceae,,Open,1,,,,,,Malva sylvestris,L.*
Malvaceae,,Shoreline,2,,,,,,Sidalcea hendersonii,S. Watson
Melanthiaceae,var. venenosum,Open,61,,,,,,Toxicoscordion venenosum,(S. Watson) Rydb.
Menyanthaceae,,Wetland,2,,,,,,Menyanthes trifoliata,L.
Montiaceae,,Shoreline,27,,,,,,Calandrinia ciliata,(Ruiz & Pav.) DC.
Montiaceae,"ssp. exigua, ssp. glauca",Shoreline,30,,,,,,Claytonia exigua,Douglas ex Torr. & A. Gray
Montiaceae,,Open,21,,,,,,Claytonia parviflora,Douglas ex Hook.
Montiaceae,,Forest,91,,,,,,Claytonia perfoliata,Donn ex Willd.
Montiaceae,,Shoreline,75,,,,,,Claytonia rubra,(Howell) Tidestr.
Montiaceae,,Forest,7,,,,,,Claytonia sibirica,L.
Montiaceae,,Open,2,,,,,,Montia dichotoma,(Nutt.) Howell
Montiaceae,,Shoreline,16,,,,,,Montia fontana,L.
Montiaceae,,Shoreline,2,,,,,,Montia howellii,S. Watson
Montiaceae,,Open,6,,,,,,Montia linearis,(Douglas) Greene
Montiaceae,,Open,21,,,,,,Montia parvifolia,(Moc. ex DC.) Greene
Nyctaginaceae,,Shoreline,3,,,,,,Abronia latifolia,Eschsch.
Nymphaeaceae,,Wetland,6,,,,,,Nuphar polysepala,Engelm.
Nymphaeaceae,,Wetland,2,,,,,,Nymphaea odorata,Aiton*
Okay - possible,,Open,1,,,,,,Solanum americanum,Mill.
Oleaceae,,Forest,1,,,,,,Ligustrum vulgare,L.*
Onagraceae,,Open,1,,,,,,Camissonia contorta,(Douglas) Kearney
Onagraceae,,Open,26,,,,,,Chamaenerion angustifolium,(L.) Scop.
Onagraceae,ssp. pacifica,Forest,6,,,,,,Circaea alpina,L.
Onagraceae,,Open,11,,,,,,Clarkia amoena,(Lehm.) A. Nelson & J.F. Macbr.
Onagraceae,ssp. gracilis,Open,2,,,,,,Clarkia gracilis,(Piper) A. Nelson & J.F. Macbr.
Onagraceae,,Forest,1,,,,,,Epilobium anagallidifolium,Lam.
Onagraceae,,Open,14,,,,,,Epilobium brachycarpum,C. Presl
Onagraceae,,Open,27,,,,,,Epilobium ciliatum,Raf.
Onagraceae,,Wetland,2,,,,,,Epilobium densiflorum,(Lindl.) Hoch & P.H. Raven
Onagraceae,,Open,2,,,,,,Epilobium glandulosum,Lehm.
Onagraceae,,Open,2,,,,,,Epilobium hirsutum,L.*
Onagraceae,,Open,1,,,,,,Epilobium lactiflorum,Hausskn.
Onagraceae,,Wetland,2,,,,,,Epilobium leptophyllum,Raf.
Onagraceae,,Open,28,,,,,,Epilobium minutum,Lindl.
Onagraceae,,Wetland,1,,,,,,Epilobium palustre,L.
Onagraceae,,Wetland,1,,,,,,Epilobium torreyi,(S. Watson) Hoch & P.H. Raven
Onagraceae,,Wetland,3,,,,,,Ludwigia palustris,(L.) Elliott
Onagraceae,,Open,1,,,,,,Oenothera glazioviana,Micheli*
Ophioglossaceae,,Forest,1,,,,,,Botrypus virginianus,(L.) Michx.
Ophioglossaceae,,Forest,1,,,,,,Ophioglossum pusillum,Raf.
Ophioglossaceae,,Forest,6,,,,,,Sceptridium multifidum,(Gmel.) Tagawa
Orchidaceae,var. occidentalis,Forest,19,,,,,,Calypso bulbosa,(L.) Oakes
Orchidaceae,,Forest,3,,,,,,Cephalanthera austiniae,(A. Gray) A. Heller
Orchidaceae,"var. maculata, var. occidentalis",Forest,21,,,,,,Corallorhiza maculata,(Raf.) Raf.
Orchidaceae,,Forest,3,,,,,,Corallorhiza mertensiana,Bong.
Orchidaceae,var. striata,Forest,4,,,,,,Corallorhiza striata,Lindl.
Orchidaceae,,Forest,12,,,,,,Epipactis helleborine,(L.) Crantz*
Orchidaceae,,Forest,29,,,,,,Goodyera oblongifolia,Raf.
Orchidaceae,,Forest,2,,,,,,Neottia banksiana,(Lind.) Rchb. f.
Orchidaceae,,Forest,1,,,,,,Neottia convallarioides,(Sw.) Richardson
Orchidaceae,,Forest,7,,,,,,Neottia cordata,(L.) Richardson*
Orchidaceae,"var. albiflora, var. leucostachys",Forest,3,,,,,,Platanthera dilatata,(Pursh) Lindl. ex L.C. Beck
Orchidaceae,ssp. elegans,Open,43,,,,,,Platanthera elegans,Lindl.
Orchidaceae,,Forest,4,,,,,,Platanthera elongata,(Rydb.) R.M. Bateman
Orchidaceae,,Forest,2,,,,,,Platanthera orbiculata,(Pursh) Lindl.
Orchidaceae,,Forest,1,,,,,,Platanthera stricta,Lindl.
Orchidaceae,,Forest,6,,,,,,Platanthera transversa,(Suksd.) R.M. Bateman
Orchidaceae,,Forest,10,,,,,,Platanthera unalascensis,(Spreng.) Kurtz
Orchidaceae,,Open,8,,,,,,Spiranthes romanzoffiana,Cham.
Orobanchaceae,ssp. californicum,Open,33,,,,,,Aphyllon californicum,(Cham. & Schltdl.) A. Gray
Orobanchaceae,,Open,29,,,,,,Aphyllon purpureum,(A. Heller) Holub
Orobanchaceae,,Open,3,,,,,,Bellardia viscosa,(L.) Fisch. & C.A. Mey.*
Orobanchaceae,,Open,10,,,,,,Castilleja attenuata,(A. Gray) T.I. Chuang & Heckard
Orobanchaceae,var. hispida,Open,47,,,,,,Castilleja hispida,Benth.
Orobanchaceae,,Open,2,,,,,,Castilleja levisecta,Greenm.
Orobanchaceae,,Open,1,,,,,,Castilleja victoriae,Fairbarns & J.M. Egger
Orobanchaceae,,Open,3,,,,,,Euphrasia nemorosa,(Pers.) Wallr.*
Orobanchaceae,,Forest,2,,,,,,Kopsiopsis hookeri,(Walp.) Govaerts
Orobanchaceae,,Open,1,,,,,,Orthocarpus bracteosus,Benth.
Orobanchaceae,,Open,1,,,,,,Rhinanthus minor,L.
Orobanchaceae,,Open,35,,,,,,Triphysaria pusilla,(Benth.) T.I. Chuang & Heckard
Oxalidaceae,,Open,1,,,,,,Oxalis corniculata,L.*
Papaveraceae,,Forest,1,,,,,,Corydalis lutea,(L.) DC.*
Papaveraceae,ssp. formosa,Forest,2,,,,,,Dicentra formosa,(Haw.) Walp.
Papaveraceae,ssp. californica,Open,9,,,,,,Eschscholzia californica,Cham.*
Papaveraceae,,Open,1,,,,,,Fumaria officinalis,L.*
Papaveraceae,,Open,2,,,,,,Meconella oregana,Nutt.
Papaveraceae,,Open,1,,,,,,Papaver rhoeas,L.*
Papaveraceae,,Open,2,,,,,,Papaver somniferum,L.*
Phrymaceae,,Forest,26,,,,,,Erythranthe alsinoides,(Douglas ex Benth.) G.L. Nesom & N.S. Fraga
Phrymaceae,,Forest,21,,,,,,Erythranthe guttata,(Fisch. ex DC.) G.L. Nesom
Phrymaceae,,Forest,6,,,,,,Erythranthe microphylla,(Benth.) G.L. Nesom
Phrymaceae,,Forest,2,,,,,,Erythranthe moschata,(Douglas ex Lindl.) G.L. Nesom
Phrymaceae,,Forest,23,,,,,,Erythranthe nasuta,(Greene) G.L. Nesom
Phrymaceae,,Forest,1,,,,,,Erythranthe ptilota,G.L. Nesom
Pinaceae,,Forest,34,,,,,,Abies grandis,(Douglas ex D. Don) Lindl.
Pinaceae,,Forest,18,,,,,,Picea sitchensis,(Bong.) Carrière
Pinaceae,"var. contorta, var. latifolia",Forest,27,,,,,,Pinus contorta,Douglas ex Loudon
Pinaceae,,Forest,2,,,,,,Pinus monticola,Douglas ex D. Don
Pinaceae,var. menziesii,Forest,75,,,,,,Pseudotsuga menziesii,(Mirb.) Franco
Pinaceae,,Forest,16,,,,,,Tsuga heterophylla,(Raf.) Sarg.
Plantaginaceae,,Open,2,,,,,,Antirrhinum majus,L.*
Plantaginaceae,var. bolanderi,Wetland,2,,,,,,Callitriche heterophylla,Pursh
Plantaginaceae,,Wetland,2,,,,,,Callitriche palustris,L.
Plantaginaceae,,Open,25,,,,,,Collinsia grandiflora,Lindl.
Plantaginaceae,,Open,84,,,,,,Collinsia parviflora,Lindl.
Plantaginaceae,ssp. muralis,Open,2,,,,,,Cymbalaria muralis,"G. Gaertn., B. Mey. & Scherb.*"
Plantaginaceae,var. purpurea,Open,12,,,,,,Digitalis purpurea,L.*
Plantaginaceae,,Wetland,5,,,,,,Hippuris vulgaris,L.
Plantaginaceae,ssp. dalmatica,Open,2,,,,,,Linaria dalmatica,(L.) Mill.*
Plantaginaceae,,Open,1,,,,,,Linaria purpurea,(L.) Mill.*
Plantaginaceae,,Open,1,,,,,,Linaria vulgaris,Mill.*
Plantaginaceae,,Open,1,,,,,,Nuttallanthus texanus,(Scheele) D.A. Sutton
Plantaginaceae,,Shoreline,29,,,,,,Plantago elongata,Pursh
Plantaginaceae,,Open,73,,,,,,Plantago lanceolata,L.*
Plantaginaceae,,Open,11,,,,,,Plantago major,L.*
Plantaginaceae,,Shoreline,107,,,,,,Plantago maritima,L.
Plantaginaceae,,Wetland,7,,,,,,Veronica americana,Schwein. ex Benth.
Plantaginaceae,,Open,66,,,,,,Veronica arvensis,L.*
Plantaginaceae,,Open,1,,,,,,Veronica chamaedrys,L.*
Plantaginaceae,,Open,1,,,,,,Veronica filiformis,Sm.*
Plantaginaceae,,Open,5,,,,,,Veronica officinalis,L.*
Plantaginaceae,var. xalapensis,Wetland,5,,,,,,Veronica peregrina,L.
Plantaginaceae,,Open,1,,,,,,Veronica persica,Poir.*
Plantaginaceae,,Wetland,4,,,,,,Veronica scutellata,L.
Plantaginaceae,"var. humifusa, var. serpyllifolia",Wetland,11,,,,,,Veronica serpyllifolia,L.
Plumbaginaceae,ssp. californica,Shoreline,42,,,,,,Armeria maritima,(Mill.) Willd.
Poaceae,ssp. lemmonii,Open,6,,,,,,Achnatherum lemmonii,(Vasey) Barkworth
Poaceae,ssp. dorei,Open,2,,,,,,Achnatherum nelsonii,(Scribn.) Barkworth
Poaceae,,Open,9,,,,,,Agrostis capillaris,L.*
Poaceae,,Shoreline,28,,,,,,Agrostis exarata,Trin.
Poaceae,,Open,6,,,,,,Agrostis gigantea,Roth*
Poaceae,,Wetland,1,,,,,,Agrostis microphylla,Steud.
Poaceae,,Open,6,,,,,,Agrostis pallens,Trin.
Poaceae,,Open,4,,,,,,Agrostis scabra,Willd.
Poaceae,,Open,18,,,,,,Agrostis stolonifera,L.*
Poaceae,var. caryophyllea,Open,106,,,,,,Aira caryophyllea,L.*
Poaceae,,Open,123,,,,,,Aira praecox,L.*
Poaceae,var. aequalis,Wetland,4,,,,,,Alopecurus aequalis,Sobol.
Poaceae,,Wetland,4,,,,,,Alopecurus geniculatus,L.
Poaceae,,Open,5,,,,,,Alopecurus pratensis,L.*
Poaceae,,Open,25,,,,,,Anthoxanthum odoratum,L.*
Poaceae,"var. bulbosum, var. elatius",Open,4,,,,,,Arrhenatherum elatius,(L.) P. Beauv. ex J. Presl & C. Presl*
Poaceae,,Open,4,,,,,,Avena barbata,Pott ex Link*
Poaceae,,Open,2,,,,,,Avena fatua,L.*
Poaceae,,Open,1,,,,,,Avena sativa,L.*
Poaceae,,Open,4,,,,,,Bromus commutatus,Schrad.*
Poaceae,,Open,106,,,,,,Bromus diandrus,Roth*
Poaceae,,Open,124,,,,,,Bromus hordeaceus,L.*
Poaceae,,Forest,30,,,,,,Bromus pacificus,Shear
Poaceae,"var. carinatus, var. marginatus, var. sitchensis",Forest,104,,,,,,Bromus sitchensis,Trin.
Poaceae,,Open,77,,,,,,Bromus sterilis,L.*
Poaceae,,Open,60,,,,,,Bromus tectorum,L.*
Poaceae,,Forest,16,,,,,,Bromus vulgaris,(Hook.) Shear
Poaceae,,Wetland,1,,,,,,Calamagrostis canadensis,(Michx.) P. Beauv.
Poaceae,ssp. inexpansa,Wetland,1,,,,,,Calamagrostis stricta,(Timm) Koeler
Poaceae,,Open,6,,,,,,Cynosurus cristatus,L.*
Poaceae,,Open,26,,,,,,Cynosurus echinatus,L.*
Poaceae,,Open,72,,,,,,Dactylis glomerata,L.*
Poaceae,,Open,13,,,,,,Danthonia californica,Bol.
Poaceae,,Open,1,,,,,,Danthonia spicata,(L.) P. Beauv. ex Roem. & Schult.
Poaceae,,Wetland,4,,,,,,Deschampsia caespitosa,(L.) P. Beauv.
Poaceae,,Wetland,1,,,,,,Deschampsia danthonioides,(Trin.) Munro
Poaceae,,Wetland,3,,,,,,Deschampsia elongata,(Hook.) Munro
Poaceae,,Shoreline,68,,,,,,Distichlis spicata,(L.) Greene
Poaceae,ssp. brevifolius,Open,1,,,,,,Elymus elymoides,(Raf.) Swezey
Poaceae,ssp. glaucus,Open,90,,,,,,Elymus glaucus,Buckley
Poaceae,,Open,12,,,,,,Elymus repens,(L.) Gould*
Poaceae,ssp. trachycaulus,Open,13,,,,,,Elymus trachycaulus,(Link) Gould ex Shinners
Poaceae,,Forest,38,,,,,,Festuca occidentalis,Hook.
Poaceae,var. roemeri,Open,14,,,,,,Festuca roemeri,(Pavlick) E.B. Alexeev
Poaceae,,Open,141,,,,,,Festuca rubra,L.
Poaceae,,Forest,4,,,,,,Festuca subulata,Trin.
Poaceae,,Forest,7,,,,,,Festuca subuliflora,Scribn.
Poaceae,,Open,1,,,,,,Festuca trachyphylla,(Hack.) Krajina*
Poaceae,,Wetland,3,,,,,,Glyceria borealis,(Nash) Batch.
Poaceae,,Wetland,2,,,,,,Glyceria elata,(Nash) M.E. Jones
Poaceae,,Wetland,1,,,,,,Glyceria occidentalis,(Piper) J.C. Nelson
Poaceae,,Open,78,,,,,,Holcus lanatus,L.*
Poaceae,ssp. mollis,Open,1,,,,,,Holcus mollis,L.*
Poaceae,,Shoreline,43,,,,,,Hordeum brachyantherum,Nevski
Poaceae,,Shoreline,6,,,,,,Hordeum depressum,(Scribn. & J.G. Sm.) Rydb.
Poaceae,ssp. Intermedium,Shoreline,4,,,,,,Hordeum jubatum,L.
Poaceae,ssp. gussoneanum,Shoreline,1,,,,,,Hordeum marinum,Huds.*
Poaceae,"ssp. glaucum, ssp. leporinum, ssp. murinum",Shoreline,66,,,,,,Hordeum murinum,L.*
Poaceae,,Open,61,,,,,,Koeleria macrantha,(Ledeb.) Schult.
Poaceae,,Wetland,1,,,,,,Leersia oryzoides,(L.) Sw.
Poaceae,ssp. mollis,Shoreline,66,,,,,,Leymus mollis,(Trin.) Pilg.
Poaceae,,Shoreline,1,,,,,,Leymus vancouverensis,(Vasey) Pilg.
Poaceae,,Open,3,,,,,,Lolium multiflorum,Lam.*
Poaceae,,Open,19,,,,,,Lolium perenne,L.*
Poaceae,,Forest,38,,,,,,Melica subulata,(Griseb.) Scribn.
Poaceae,ssp. millaceum,Open,1,,,,,,Panicum miliaceum,L.*
Poaceae,,Open,10,,,,,,Phalaris arundinacea,L.*
Poaceae,,Open,6,,,,,,Phleum pratense,L.*
Poaceae,,Open,98,,,,,,Poa annua,L.*
Poaceae,ssp. vivipara,Open,26,,,,,,Poa bulbosa,L.*
Poaceae,,Open,43,,,,,,Poa compressa,L.*
Poaceae,,Shoreline,12,,,,,,Poa confinis,Vasey
Poaceae,,Forest,2,,,,,,Poa howellii,Vasey & Scribn.
Poaceae,,Shoreline,1,,,,,,Poa infirma,Kunth*
Poaceae,,Open,3,,,,,,Poa palustris,L.*
Poaceae,,Open,80,,,,,,Poa pratensis,L.*
Poaceae,ssp. secunda,Open,5,,,,,,Poa secunda,J. Presl
Poaceae,,Open,5,,,,,,Poa trivialis,L.*
Poaceae,,Shoreline,10,,,,,,Polypogon monspeliensis,(L.) Desf.*
Poaceae,,Shoreline,91,,,,,,Puccinellia nutkaensis,(J. Presl) Fernald & Weath.
Poaceae,,Shoreline,5,,,,,,Puccinellia nuttalliana,(Schult.) Hitchc.
Poaceae,,Shoreline,1,,,,,,Puccinellia pumila,(Vasey) Hitchc.
Poaceae,,Open,30,,,,,,Schedonorus arundinaceus,(Schreb.) Dumort.*
Poaceae,,Open,2,,,,,,Schedonorus pratensis,(Huds.) P. Beauv.*
Poaceae,,Open,1,,,,,,Secale cereale,L.*
Poaceae,,Open,1,,,,,,Setaria pumila,(Poir.) Roem. & Schult.*
Poaceae,,Open,1,,,,,,Thinopyrum ponticum,(Podp.) Barkworth & D.R. Dewey*
Poaceae,var. pauciflora,Wetland,8,,,,,,Torreyochloa pallida,(Torr.) G.L. Church
Poaceae,,Forest,17,,,,,,Trisetum canescens,Buckley
Poaceae,,Forest,10,,,,,,Trisetum cernuum,Trin.
Poaceae,,Open,107,,,,,,Vulpia bromoides,(L.) Gray*
Poaceae,var. pauciflora,Forest,10,,,,,,Vulpia microstachys,(Nutt.) Munro
Poaceae,,Open,88,,,,,,Vulpia myuros,(L.) C.C. Gmel.*
Polemoniaceae,,Open,1,,,,,,Collomia grandiflora,Douglas ex Lindl.
Polemoniaceae,,Forest,5,,,,,,Collomia heterophylla,Douglas ex Hook.
Polemoniaceae,,Open,1,,,,,,Collomia linearis,Nutt.
Polemoniaceae,,Open,1,,,,,,Gilia capitata,Sims
Polemoniaceae,,Open,3,,,,,,Leptosiphon bicolor,Nutt.
Polemoniaceae,,Open,6,,,,,,Leptosiphon minimus,(H. Mason) Battaglia
Polemoniaceae,,Open,1,,,,,,Microsteris gracilis,(Hook.) Greene
Polemoniaceae,,Open,3,,,,,,Navarretia intertexta,(Benth.) Hook.
Polemoniaceae,,Open,3,,,,,,Navarretia squarrosa,(Eschsch.) Hook. & Arn.
Polemoniaceae,var. pulcherrimum,Open,2,,,,,,Polemonium pulcherrimum,Hook.
Polygonaceae,,Open,3,,,,,,Fallopia bohemica,(Chrtek & Chrtková) J.P. Bailey*
Polygonaceae,,Open,2,,,,,,Fallopia convolvulus,(L.) Á. Löve*
Polygonaceae,,Open,2,,,,,,Fallopia japonica,(Houtt.) Ronse Decr.*
Polygonaceae,,Wetland,5,,,,,,Persicaria amphibia,(L.) Gray
Polygonaceae,,Wetland,1,,,,,,Persicaria hydropiper,(L.) Spach*
Polygonaceae,,Open,2,,,,,,Persicaria maculosa,Gray*
Polygonaceae,"ssp. aviculare, ssp.buxiforme, ssp. depressum",Shoreline,56,,,,,,Polygonum aviculare,L.*
Polygonaceae,,Shoreline,4,,,,,,Polygonum douglasii,Greene
Polygonaceae,,Shoreline,1,,,,,,Polygonum erectum,L.
Polygonaceae,ssp. fowleri,Shoreline,6,,,,,,Polygonum fowleri,B.L. Rob.
Polygonaceae,,Open,1,,,,,,Polygonum minimum,S. Watson
Polygonaceae,,Open,2,,,,,,Polygonum nuttallii,Small
Polygonaceae,,Shoreline,1,,,,,,Polygonum paronychia,Cham. & Schltdl.
Polygonaceae,,Shoreline,68,,,,,,Polygonum spergulariiforme,Meisn. ex Small
Polygonaceae,,Open,78,,,,,,Rumex acetosella,L.*
Polygonaceae,,Shoreline,6,,,,,,Rumex conglomeratus,Murray*
Polygonaceae,,Shoreline,28,,,,,,Rumex crispus,L.*
Polygonaceae,ssp. fueginus,Shoreline,3,,,,,,Rumex maritimus,L.
Polygonaceae,,Shoreline,5,,,,,,Rumex obtusifolius,L.*
Polygonaceae,var. occidentalis,Shoreline,11,,,,,,Rumex occidentalis,S. Watson
Polygonaceae,"var. transitorius, var. triangulivalvis",Shoreline,22,,,,,,Rumex salicifolius,Weinm.
Polypodiaceae,,Forest,3,,,,,,Polypodium amorphum,Suksd.
Polypodiaceae,,Open,86,,,,,,Polypodium glycyrrhiza,D.C. Eaton
Potamogetonaceae,,Wetland,2,,,,,,Potamogeton amplifolius,Tuck.
Potamogetonaceae,,Wetland,1,,,,,,Potamogeton berchtoldii,Fieber
Potamogetonaceae,,Wetland,1,,,,,,Potamogeton crispus,L.*
Potamogetonaceae,,Wetland,2,,,,,,Potamogeton epihydrus,Raf.
Potamogetonaceae,,Wetland,3,,,,,,Potamogeton foliosus,Raf.
Potamogetonaceae,,Wetland,2,,,,,,Potamogeton friesii,Rupr.
Potamogetonaceae,,Wetland,3,,,,,,Potamogeton gramineus,L.
Potamogetonaceae,,Wetland,1,,,,,,Potamogeton illinoensis,Morong
Potamogetonaceae,,Wetland,4,,,,,,Potamogeton natans,L.
Potamogetonaceae,,Wetland,2,,,,,,Potamogeton obtusifolius,Mertens & W.D.J. Koch
Potamogetonaceae,,Wetland,4,,,,,,Potamogeton praelongus,Wulfen
Potamogetonaceae,,Wetland,1,,,,,,Potamogeton pusillus,L.
Potamogetonaceae,,Wetland,2,,,,,,Potamogeton richardsonii,(A. Benn.) Rydb.
Potamogetonaceae,,Wetland,2,,,,,,Potamogeton robbinsii,Oakes
Potamogetonaceae,,Wetland,4,,,,,,Potamogeton zosteriformis,Fernald
Potamogetonaceae,,Wetland,2,,,,,,Stuckenia pectinata,(L.) Borner
Primulaceae,,Forest,1,,,,,,Cyclamen hederifolium,Aiton*
Primulaceae,,Open,3,,,,,,Dodecatheon hendersonii,A. Gray
Primulaceae,var. pulchellum,Open,18,,,,,,Dodecatheon pulchellum,(Raf.) Merr.
Primulaceae,,Open,6,,,,,,Lysimachia arvensis,(L.) U. Manns & Anderb.*
Primulaceae,,Forest,4,,,,,,Lysimachia europaea,(L.) U. Manns & Anderb.
Primulaceae,,Forest,36,,,,,,Lysimachia latifolia,(Hook.) Cholewa
Primulaceae,,Forest,2,,,,,,Lysimachia maritima,"(L.) Galasso, Banfi & Soldano"
Primulaceae,,Forest,1,,,,,,Lysimachia nummularia,L.*
Primulaceae,,Forest,2,,,,,,Lysimachia thyrsiflora,L.
Pteridaceae,var. aleuticum,Forest,5,,,,,,Adiantum aleuticum,(Rupr.) Paris
Pteridaceae,,Open,7,,,,,,Aspidotis densa,(Brack.) Lellinger
Pteridaceae,,Forest,4,,,,,,Cryptogramma acrostichoides,R. Br.
Pteridaceae,,Forest,17,,,,,,Pentagramma triangularis,"(Kaulf.) Yatsk., Windham & E. Wollenw."
Ranunculaceae,,Open,2,,,,,,Anemone lyallii,Britton
Ranunculaceae,var. formosa,Open,7,,,,,,Aquilegia formosa,Fisch. ex DC.
Ranunculaceae,,Open,3,,,,,,Aquilegia vulgaris,L.*
Ranunculaceae,,Open,4,,,,,,Clematis vitalba,L.*
Ranunculaceae,,Open,1,,,,,,Delphinium consolida,L.*
Ranunculaceae,,Open,12,,,,,,Delphinium menziesii,DC.
Ranunculaceae,,Open,2,,,,,,Ficaria verna,Huds.*
Ranunculaceae,,Shoreline,2,,,,,,Halerpestes cymbalaria,(Pursh) Greene
Ranunculaceae,,Forest,2,,,,,,Helleborus foetidus,L.*
Ranunculaceae,,Open,28,,,,,,Myosurus minimus,L.
Ranunculaceae,,Open,4,,,,,,Ranunculus acris,L.*
Ranunculaceae,var. diffusus,Wetland,2,,,,,,Ranunculus aquatilis,L.
Ranunculaceae,,Open,10,,,,,,Ranunculus californicus,Benth.
Ranunculaceae,,Open,8,,,,,,Ranunculus californicus,x R. occidentalis 
Ranunculaceae,"var. ovalis, var. reptans",Wetland,3,,,,,,Ranunculus flammula,L.
Ranunculaceae,,Wetland,2,,,,,,Ranunculus macounii,Britton
Ranunculaceae,var. occidentalis,Open,52,,,,,,Ranunculus occidentalis,Nutt.
Ranunculaceae,,Open,8,,,,,,Ranunculus repens,L.*
Ranunculaceae,,Open,1,,,,,,Ranunculus sardous,Crantz*
Ranunculaceae,var. multifidus,Wetland,2,,,,,,Ranunculus sceleratus,L.
Ranunculaceae,,Forest,12,,,,,,Ranunculus uncinatus,D. Don
Rhamnaceae,,Forest,3,,,,,,Frangula purshiana,(DC.) A. Gray ex J.G. Cooper
Rosaceae,,Forest,77,,,,,,Amelanchier alnifolia,(Nutt.) Nutt. ex M. Roem.
Rosaceae,,Open,22,,,,,,Aphanes arvensis,L.*
Rosaceae,,Open,40,,,,,,Aphanes australis,Rydb.*
Rosaceae,,Open,42,,,,,,Aphanes occidentalis,(Nutt.) Rydb.
Rosaceae,,Wetland,3,,,,,,Comarum palustre,L.
Rosaceae,,Open,4,,,,,,Cotoneaster dielsianus,E. Pritz. ex Diels*
Rosaceae,,Open,3,,,,,,Cotoneaster franchetii,Bois*
Rosaceae,,Open,6,,,,,,Cotoneaster horizontalis,Decne.*
Rosaceae,,Open,1,,,,,,Cotoneaster lacteus,W.W. Sm.*
Rosaceae,,Open,1,,,,,,Cotoneaster rehderi,Pojark.*
Rosaceae,,Open,3,,,,,,Cotoneaster simonsii,Baker*
Rosaceae,,Forest,4,,,,,,Crataegus douglasii,Lindl.
Rosaceae,,Forest,2,,,,,,Crataegus gaylussacia,A. Heller
Rosaceae,var. monogyna,Open,20,,,,,,Crataegus monogyna,Jacq.*
Rosaceae,ssp. glandulosa,Open,1,,,,,,Drymocallis glandulosa,(Lindl.) Rydb.
Rosaceae,,Shoreline,6,,,,,,Fragaria chiloensis,(L.) Mill.
Rosaceae,ssp. californica,Forest,31,,,,,,Fragaria vesca,L.
Rosaceae,ssp. glauca,Open,35,,,,,,Fragaria virginiana,Mill.
Rosaceae,,Forest,13,,,,,,Geum macrophyllum,Willd.
Rosaceae,var. discolor,Forest,76,,,,,,Holodiscus discolor,(Pursh) Maxim.
Rosaceae,,Open,17,,,,,,Malus domestica,(Suckow) Borkh.*
Rosaceae,,Forest,42,,,,,,Malus fusca,(Raf.) C.K. Schneid.
Rosaceae,,Open,1,,,,,,Malus xdawsoniana,Rehder.*
Rosaceae,,Forest,7,,,,,,Oemleria cerasiformis,(Torr. & A. Gray ex Hook. & Arn.) J.W. Landon
Rosaceae,,Forest,3,,,,,,Physocarpus capitatus,(Pursh) Kuntze
Rosaceae,"ssp. anserina, ssp. pacifica",Wetland,24,,,,,,Potentilla anserina,L.
Rosaceae,,Open,1,,,,,,Potentilla argentea,L.
Rosaceae,,Open,1,,,,,,Potentilla gracilis,Douglas ex Hook.
Rosaceae,,Open,2,,,,,,Potentilla recta,L.*
Rosaceae,var. polygamum,Open,1,,,,,,Poterium sanguisorba,L.*
Rosaceae,,Open,10,,,,,,Prunus avium,(L.) L.*
Rosaceae,,Open,7,,,,,,Prunus cerasifera,Ehrh.*
Rosaceae,,Open,3,,,,,,Prunus cerasus,L.*
Rosaceae,,Open,6,,,,,,Prunus domestica,L.*
Rosaceae,,Forest,39,,,,,,Prunus emarginata,(Douglas) Eaton
Rosaceae,,Open,2,,,,,,Prunus laurocerasus,L.*
Rosaceae,,Open,1,,,,,,Prunus lusitanica,L.*
Rosaceae,,Open,6,,,,,,Prunus mahaleb,L.*
Rosaceae,,Open,1,,,,,,Prunus pugetensis,Jacobson & Zika*
Rosaceae,,Forest,10,,,,,,Prunus virginiana,L.
Rosaceae,,Open,2,,,,,,Pyracantha coccinea,M. Roem.*
Rosaceae,,Open,9,,,,,,Pyrus communis,L.*
Rosaceae,,Open,1,,,,,,Pyrus nivalis,Jacq.*
Rosaceae,,Open,2,,,,,,Rosa canina,L.*
Rosaceae,ssp. gymnocarpa,Forest,38,,,,,,Rosa gymnocarpa,Nutt.
Rosaceae,ssp. nutkana,Open,106,,,,,,Rosa nutkana,C. Presl
Rosaceae,var. pisocarpa,Forest,2,,,,,,Rosa pisocarpa,A. Gray
Rosaceae,,Open,7,,,,,,Rosa rubiginosa,L.*
Rosaceae,,Open,2,,,,,,Rosa rugosa,Thunb.*
Rosaceae,,Open,41,,,,,,Rubus bifrons,Vest*
Rosaceae,,Open,14,,,,,,Rubus laciniatus,Willd.*
Rosaceae,,Forest,13,,,,,,Rubus leucodermis,Douglas ex Torr. & A. Gray
Rosaceae,,Forest,19,,,,,,Rubus nutkanus,Moc. ex Ser.
Rosaceae,,Forest,20,,,,,,Rubus spectabilis,Pursh
Rosaceae,,Open,82,,,,,,Rubus ursinus,Cham. & Schltdl.
Rosaceae,,Forest,1,,,,,,Sorbaria kirilowii,(Regel) Maxim.*
Rosaceae,,Open,9,,,,,,Sorbus aucuparia,L.*
Rosaceae,,Open,1,,,,,,Sorbus hybrida,L.*
Rosaceae,,Open,7,,,,,,Sorbus intermedia,(Ehrh.) Pers.*
Rosaceae,,Wetland,8,,,,,,Spiraea douglasii,Hook.
Rubiaceae,,Forest,95,,,,,,Galium aparine,L.
Rubiaceae,,Forest,2,,,,,,Galium boreale,L.
Rubiaceae,,Open,2,,,,,,Galium divaricatum,Pourr. ex Lam.*
Rubiaceae,,Open,2,,,,,,Galium murale,(L.) All.*
Rubiaceae,,Forest,3,,,,,,Galium odoratum,(L.) Scop.*
Rubiaceae,,Forest,2,,,,,,Galium palustre,L.
Rubiaceae,,Forest,5,,,,,,Galium trifidum,L.
Rubiaceae,,Forest,18,,,,,,Galium triflorum,Michx.
Rubiaceae,,Open,8,,,,,,Sherardia arvensis,L.*
Ruppiaceae,,Shoreline,3,,,,,,Ruppia maritima,L.
Salicaceae,,Open,2,,,,,,Populus alba,L.*
Salicaceae,,Forest,8,,,,,,Populus tremuloides,Michx.
Salicaceae,,Forest,7,,,,,,Populus trichocarpa,Torr. & A. Gray
Salicaceae,,Wetland,1,,,,,,Salix geyeriana,Andersson
Salicaceae,,Wetland,8,,,,,,Salix hookeriana,Barratt ex Hook.
Salicaceae,var. lasiandra,Wetland,10,,,,,,Salix lasiandra,Benth.
Salicaceae,,Wetland,2,,,,,,Salix prolixa,Andersson
Salicaceae,,Forest,47,,,,,,Salix scouleriana,Barratt ex Hook.
Salicaceae,,Wetland,7,,,,,,Salix sitchensis,Sanson ex Bong.
Santalaceae,ssp. contortae,Forest,3,,,,,,Arceuthobium tsugense,(Rosend.) G.N. Jones
Sapindaceae,ssp. douglasii,Forest,22,,,,,,Acer glabrum,Torr.
Sapindaceae,,Forest,24,,,,,,Acer macrophyllum,Pursh
Saxifragaceae,var. diversifolia,Forest,75,,,,,,Heuchera micrantha,Douglas ex Lindl.
Saxifragaceae,,Open,2,,,,,,Lithophragma glabrum,Nutt.
Saxifragaceae,,Open,40,,,,,,Lithophragma parviflorum,(Hook.) Nutt.
Saxifragaceae,,Open,19,,,,,,Micranthes integrifolia,(Hook.) Small
Saxifragaceae,,Open,1,,,,,,Micranthes rufidula,Small
Saxifragaceae,,Open,4,,,,,,Saxifraga austromontana,Wiegand
Saxifragaceae,,Shoreline,42,,,,,,Saxifraga cespitosa,L.
Saxifragaceae,,Forest,18,,,,,,Tellima grandiflora,(Pursh) Douglas ex Lindl.
Saxifragaceae,"var. laciniata, var.  trifoliata, var. unifoliata",Forest,11,,,,,,Tiarella trifoliata,L.
Scrophulariaceae,,Open,1,,,,,,Verbascum blattaria,L.*
Scrophulariaceae,,Open,10,,,,,,Verbascum thapsus,L.*
Selaginellaceae,,Open,78,,,,,,Selaginella wallacei,Hieron.
Solanaceae,,Open,5,,,,,,Solanum dulcamara,L.*
Solanaceae,,Open,1,,,,,,Solanum physalifolium,Rusby*
Solanaceae,,Open,1,,,,,,Solanum triflorum,Nutt.*
Taxaceae,,Forest,30,,,,,,Taxus brevifolia,Nutt.
Thymelaeaceae,,Open,13,,,,,,Daphne laureola,L.*
Typhaceae,,Wetland,4,,,,,,Sparganium angustifolium,Michx.
Typhaceae,,Wetland,2,,,,,,Sparganium emersum,Rehmann
Typhaceae,,Wetland,1,,,,,,Sparganium eurycarpum,Engelm.
Typhaceae,,Wetland,3,,,,,,Typha angustifolia,L.*
Typhaceae,,Wetland,9,,,,,,Typha latifolia,L.
Ulmaceae,,Forest,3,,,,,,Ulmus procera,Salisb.*
Urticaceae,ssp. gracilis,Forest,38,,,,,,Urtica dioica,L.
Urticaceae,,Open,1,,,,,,Urtica urens,L.*
Valerianaceae,,Open,1,,,,,,Centranthus ruber,(L.) DC.*
Valerianaceae,,Open,3,,,,,,Plectritis brachystemon,Fisch. & C.A. Mey.
Valerianaceae,,Open,68,,,,,,Plectritis congesta,(Lindl.) DC.
Valerianaceae,,Forest,3,,,,,,Valeriana scouleri,Rydb.
Valerianaceae,,Open,4,,,,,,Valerianella locusta,(L.) Laterr.*
Violaceae,,Open,3,,,,,,Viola adunca,Sm.
Violaceae,,Forest,2,,,,,,Viola glabella,Nutt.
Violaceae,,Forest,2,,,,,,Viola howellii,A. Gray
Violaceae,,Wetland,1,,,,,,Viola langsdorffii,Fisch. ex Ging.
Violaceae,,Wetland,1,,,,,,Viola macloskeyi,F.E. Lloyd
Violaceae,,Forest,1,,,,,,Viola odorata,L.*
Violaceae,,Wetland,1,,,,,,Viola palustris,L.
Violaceae,,Forest,2,,,,,,Viola sempervirens,Greene
Vitaceae,,Forest,2,,,,,,Vitis labrusca,L.*
Vitaceae,,Open,1,,,,,,Vitis vinifera,L.*
Woodsiaceae,ssp. oregana,Forest,1,,,,,,Woodsia oregana,D.C. Eaton
Woodsiaceae,"ssp. laurentiana, ssp. scopulina",Forest,3,,,,,,Woodsia scopulina,D.C. Eaton
