Family,Full Species,Infra taxa,Habitat,Islands,"Island Size (min, max)",Typical Cover,Date First Seen,Date Last Seen,Notes
Adoxaceae,Sambucus cerulea Raf.,,Forest,1,,,,,
Adoxaceae,Sambucus racemosa L.,var. arborescens,Forest,50,,,,,
Alismataceae,Alisma triviale Pursh,,Wetland,1,,,,,
Amaranthaceae,Amaranthus blitoides S. Watson*,,Open,1,,,,,
Amaranthaceae,Amaranthus powellii S. Watson*,,Open,1,,,,,
Amaranthaceae,Atriplex dioica Raf.,,Shoreline,87,,,,,
Amaranthaceae,Atriplex gmelinii C.A. Mey. ex Bong.,var. gmelinii,Shoreline,26,,,,,
Amaranthaceae,Atriplex littoralis L.*,,Shoreline,1,,,,,
Amaranthaceae,Atriplex patula L.*,,Shoreline,5,,,,,
Amaranthaceae,Atriplex prostrata Boucher ex DC.*,,Shoreline,40,,,,,
Amaranthaceae,"Chenopodiastrum murale (L.) S. Fuentes, Uotila & Borsch*",,Open,1,,,,,
Amaranthaceae,Chenopodium berlandieri Moq.,var. zschackei,Shoreline,19,,,,,
Amaranthaceae,Chenopodium leptophyllum (Moq.) Nutt. ex S. Watson,var. leptophyllum,Open,1,,,,,
Amaranthaceae,Chenopodium macrosperma Hook.f,,Wetland,1,,,,,
Amaranthaceae,"Oxybasis rubra (L.) S. Fuentes, Uotila & Borsch",,Shoreline,2,,,,,
Amaranthaceae,Salicornia depressa Standl.,,Shoreline,3,,,,,
Amaranthaceae,Salicornia pacifica Standl.,,Shoreline,54,,,,,
Amaranthaceae,Sarcocornia pacifica Standl.,,Shoreline,5,,,,,
Amaryllidaceae,Allium acuminatum Hook.,,Open,97,,,,,
Amaryllidaceae,Allium amplectens Torr.,,Open,2,,,,,
Amaryllidaceae,Allium cernuum Roth,,Shoreline,74,,,,,
Amaryllidaceae,Allium sativum L.*,,Open,2,,,,,
Amaryllidaceae,Allium vineale L.*,,Open,2,,,,,
Amaryllidaceae,Narcissus poeticus L.*,,Open,5,,,,,
Amaryllidaceae,Narcissus pseudonarcissus L.*,,Forest,8,,,,,
Apiaceae,Angelica genuflexa Nutt.,,Wetland,1,,,,,
Apiaceae,Angelica lucida L.,,Shoreline,2,,,,,
Apiaceae,Anthriscus caucalis M. Bieb.*,,Open,20,,,,,
Apiaceae,Carum carvi L.*,,Open,1,,,,,
Apiaceae,Cicuta douglasii (DC.) J.M. Coult. & Rose,,Wetland,2,,,,,
Apiaceae,Conioselinum pacificum (S. Watson) J.M. Coult. & Rose,,Wetland,30,,,,,
Apiaceae,Conium maculatum L.*,,Open,3,,,,,
Apiaceae,Daucus carota L.*,,Open,6,,,,,
Apiaceae,Daucus pusillus Michx.,,Open,20,,,,,
Apiaceae,Foeniculum vulgare Mill.*,,Open,3,,,,,
Apiaceae,Glehnia leiocarpa Mathias,,Shoreline,1,,,,,
Apiaceae,Heracleum mantegazzianum Sommier & Levier*,,Forest,3,,,,,
Apiaceae,Heracleum maximum Bartr.,,Open,21,,,,,
Apiaceae,Lilaeopsis occidentalis J.M. Coult. & Rose,,Shoreline,2,,,,,
Apiaceae,Lomatium nudicaule (Pursh) J.M. Coult. & Rose,,Open,43,,,,,
Apiaceae,Lomatium utriculatum (Nutt. ex Torr. & A. Gray) J.M. Coult. & Rose,,Open,29,,,,,
Apiaceae,Oenanthe sarmentosa C. Presl ex DC.,,Wetland,12,,,,,
Apiaceae,Osmorhiza berteroi DC.,,Forest,29,,,,,
Apiaceae,Osmorhiza purpurea (J.M. Coult. & Rose) Suksd.,,Forest,4,,,,,
Apiaceae,Perideridia montana (Blank.) Dorn,,Open,5,,,,,
Apiaceae,Petrosedum erectum ('t Hart) Grulich*,,Shoreline,1,,,,,
Apiaceae,Petroselinum crispum (Mill.) Fuss*,,Open,2,,,,,
Apiaceae,Pimpinella saxifraga L.*,ssp. nigra,Open,1,,,,,
Apiaceae,Sanicula bipinnatifida Douglas ex Hook.,,Open,12,,,,,
Apiaceae,Sanicula crassicaulis Poepp. ex DC.,var. crassicaulis,Open,78,,,,,
Apiaceae,Sium suave Walter,,Wetland,1,,,,,
Apiaceae,Torilis arvensis (Huds.) Link*,ssp. arvensis,Open,7,,,,,
Apiaceae,Yabea microcarpa (Hook. & Arn.) Koso-Pol.,,Wetland,1,,,,,
Apocynaceae,Apocynum androsaemifolium L.,,Open,2,,,,,
Apocynaceae,Vinca major L.*,,Forest,5,,,,,
Apocynaceae,Vinca minor L.*,,Forest,1,,,,,
Aquifoliaceae,Ilex aquifolium L.*,,Open,24,,,,,
Araceae,Arum italicum Mill.*,,Forest,3,,,,,
Araceae,Lemna minor L.,,Wetland,2,,,,,
Araceae,Lemna trisulca L.,,Wetland,3,,,,,
Araceae,Lemna turionifera Landolt,,Wetland,8,,,,,
Araceae,Lysichiton americanus Hulten & H. St. John,,Wetland,5,,,,,
Araceae,Spirodela polyrhiza (L.) Schleid.,,Wetland,3,,,,,
Araceae,"Wolffia borealis (Engelm.) Landolt & Wildi ex Gandhi, Wiersema & Brouillet",,Wetland,2,,,,,
Araceae,Wolffia columbiana H. Karsten,,Wetland,2,,,,,
Araliaceae,Hedera helix L.*,,Forest,8,,,,,
Araliaceae,Hedera hibernica (G. Kirchn.) Bean*,,Forest,21,,,,,
Aristolochiaceae,Asarum caudatum Lindl.,,Forest,2,,,,,
Asparagaceae,Asparagus officinalis L.*,,Open,5,,,,,
Asparagaceae,Brodiaea coronaria (Salisb.) Engl.,,Open,62,,,,,
Asparagaceae,Brodiaea rosea (Greene) Baker,var. rosea,Open,5,,,,,
Asparagaceae,Camassia leichtlinii (Baker) S. Watson,ssp. suksdorfii,Open,95,,,,,
Asparagaceae,Camassia quamash (Pursh) Greene,ssp. maxima,Open,15,,,,,
Asparagaceae,Dichelostemma congestum (Sm.) Kunth,,Open,1,,,,,
Asparagaceae,Hyacinthoides xmassartiana Heist. ex Fabr.*,,Open,9,,,,,
Asparagaceae,Maianthemum dilatatum (Alph. Wood) A. Nelson & J.F. Macbr.,,Forest,16,,,,,
Asparagaceae,Maianthemum racemosum (L.) Link,ssp. amplexicaule,Forest,16,,,,,
Asparagaceae,Maianthemum stellatum (L.) Link,,Forest,7,,,,,
Asparagaceae,Muscari armeniacum Leichtlin ex Baker*,,Open,2,,,,,
Asparagaceae,Ornithogalum umbellatum L.*,,Open,1,,,,,
Asparagaceae,Scilla forbesii (Baker) Speta*,,Open,1,,,,,
Asparagaceae,Triteleia grandiflora Lindl.,var. howellii,Open,10,,,,,
Asparagaceae,Triteleia hyacinthina (Lindl.) Greene,,Open,23,,,,,
Aspleniaceae,Asplenium trichomanes L.,ssp. trichomanes,Open,4,,,,,
Asteraceae,Achillea millefolium L.,,Open,107,,,,,
Asteraceae,Adenocaulon bicolor Hook.,,Forest,9,,,,,
Asteraceae,Agoseris grandiflora (Nutt.) Greene,"ssp. grandiflora, ssp. leptophylla",Open,20,,,,,
Asteraceae,Agoseris heterophylla (Nutt.) Greene,var. heterophylla,Open,3,,,,,
Asteraceae,Ambrosia chamissonis (Less.) Greene,,Shoreline,38,,,,,
Asteraceae,Anaphalis margaritacea (L.) Benth. & Hook. f.,,Open,12,,,,,
Asteraceae,Anisocarpus madioides Nutt.,,Forest,20,,,,,
Asteraceae,Antennaria racemosa Hook.,,Open,1,,,,,
Asteraceae,Anthemis cotula L.*,,Open,2,,,,,
Asteraceae,Arctium minus (Hill) Bernh.*,,Open,4,,,,,
Asteraceae,Artemisia campestris L.,var. scouleriana,Open,17,,,,,
Asteraceae,Artemisia suksdorfii Piper,,Open,5,,,,,
Asteraceae,Artemisia vulgaris L.*,,Open,1,,,,,
Asteraceae,Bellis perennis L.*,,Open,23,,,,,
Asteraceae,Bidens beckii Torr. ex Spreng.,,Wetland,1,,,,,
Asteraceae,Bidens frondosa L.,,Shoreline,1,,,,,
Asteraceae,Calendula officinalis L.*,,Open,1,,,,,
Asteraceae,Carduus nutans L.*,,Open,1,,,,,
Asteraceae,Centaurea cyanus L.*,,Open,2,,,,,
Asteraceae,Centaurea diffusa Lam.*,,Open,1,,,,,
Asteraceae,Centaurea gerstlaueri Erdner*,,Open,3,,,,,
Asteraceae,Centaurea jacea L.*,,Open,2,,,,,
Asteraceae,Centaurea melitensis L.*,,Open,2,,,,,
Asteraceae,Centaurea montana L.*,,Open,1,,,,,
Asteraceae,Centaurea stoebe L.*,ssp. australis,Open,3,,,,,
Asteraceae,Centaurea varnensis Velen.*,,Open,1,,,,,
Asteraceae,Cichorium intybus L.*,,Open,2,,,,,
Asteraceae,Cirsium arvense (L.) Scop.*,,Open,32,,,,,
Asteraceae,Cirsium brevistylum Cronquist,,Forest,7,,,,,
Asteraceae,Cirsium vulgare (Savi) Ten.*,,Open,67,,,,,
Asteraceae,Conyza canadensis (L.) Cronquist,,Open,3,,,,,
Asteraceae,Coreopsis grandiflora x C. lanceolata *,,Open,1,,,,,
Asteraceae,Coreopsis lanceolata L.*,,Open,2,,,,,
Asteraceae,Cotula coronopifolia L.*,,Shoreline,2,,,,,
Asteraceae,Crepis capillaris (L.) Wallr.*,,Open,10,,,,,
Asteraceae,Crepis nicaeensis Balbis ex Pers.*,,Open,1,,,,,
Asteraceae,Crocidium multicaule Hook.,,Open,2,,,,,
Asteraceae,Erigeron philadelphicus L.,,Forest,1,,,,,
Asteraceae,Erigeron speciosus (Lindl.) DC.,,Open,1,,,,,
Asteraceae,Eriophyllum lanatum (Pursh) J. Forbes,"var. lanatum, var. leucophyllum",Open,33,,,,,
Asteraceae,Filago arvensis L.*,,Open,1,,,,,
Asteraceae,Filago vulgaris Lam.*,,Open,4,,,,,
Asteraceae,Gamochaeta ustulata (Nutt.) Holub,,Open,26,,,,,
Asteraceae,Gnaphalium palustre Nutt.,,Open,4,,,,,
Asteraceae,Gnaphalium uliginosum L.*,,Open,4,,,,,
Asteraceae,Grindelia integrifolia DC.,,Shoreline,143,,,,,
Asteraceae,Hemizonella minima (A. Gray) A. Gray,,Open,1,,,,,
Asteraceae,Hieracium albiflorum Hook.,,Forest,31,,,,,
Asteraceae,Hieracium aurantiacum L.*,,Open,2,,,,,
Asteraceae,Hieracium caespitosum Dumort.*,,Open,2,,,,,
Asteraceae,Hieracium flagellare Willd.*,,Open,1,,,,,
Asteraceae,Hieracium stoloniflorum Waldst. & Kit.*,,Open,1,,,,,
Asteraceae,Hypochaeris glabra L.*,,Open,24,,,,,
Asteraceae,Hypochaeris radicata L.*,,Open,88,,,,,
Asteraceae,Jacobaea maritima (L.) Pelser & Meijden,,Open,1,,,,,
Asteraceae,Jacobaea maritima x J. vulgaris *,,Open,1,,,,,
Asteraceae,Jacobaea vulgaris Gaertn.*,,Open,14,,,,,
Asteraceae,Jaumea carnosa (Less.) A. Gray,,Shoreline,4,,,,,
Asteraceae,Lactuca ludoviciana (Nutt.) Riddell,,Open,1,,,,,
Asteraceae,Lactuca serriola L.*,,Open,9,,,,,
Asteraceae,Lapsana communis L.*,,Open,13,,,,,
Asteraceae,Leontodon autumnalis L.*,,Open,4,,,,,
Asteraceae,Leontodon saxatilis Lam.*,ssp. saxatilis,Open,4,,,,,
Asteraceae,Leucanthemum maximum (Ramond) DC.*,,Open,1,,,,,
Asteraceae,Leucanthemum vulgare Lam.*,,Open,7,,,,,
Asteraceae,Logfia minima (Sm.) Dumort.*,,Open,2,,,,,
Asteraceae,Madia exigua (Sm.) A. Gray,,Open,4,,,,,
Asteraceae,Madia glomerata Hook.,,Open,1,,,,,
Asteraceae,Madia gracilis (Sm.) D.D. Keck,,Open,9,,,,,
Asteraceae,Madia sativa Molina,,Open,5,,,,,
Asteraceae,Matricaria discoidea DC.,,Open,6,,,,,
Asteraceae,Mauranthemum paludosum (Poir.) Vogt & Oberpr.*,,Open,1,,,,,
Asteraceae,Microseris bigelovii (A. Gray) Sch. Bip.,,Open,2,,,,,
Asteraceae,Mycelis muralis (L.) Dumort.*,,Forest,28,,,,,
Asteraceae,Packera indecora (Greene) Á. Löve & D. Löve,,Open,1,,,,,
Asteraceae,Packera macounii (Greene) W.A. Weber & Á. Löve,,Open,4,,,,,
Asteraceae,Petasites frigidus (L.) Fr.,var. palmatus,Wetland,1,,,,,
Asteraceae,Pseudognaphalium stramineum (Kunth) Anderb.,,Open,6,,,,,
Asteraceae,Pseudognaphalium thermale (E.E. Nelson) G.L. Nesom,,Open,6,,,,,
Asteraceae,Psilocarphus tenellus Nutt.,,Open,1,,,,,
Asteraceae,Senecio sylvaticus L.*,,Open,12,,,,,
Asteraceae,Senecio vulgaris L.*,,Open,60,,,,,
Asteraceae,Sericocarpus rigidus Lindl.,,Open,1,,,,,
Asteraceae,Solidago elongata Nutt.,,Open,2,,,,,
Asteraceae,Solidago lepida DC.,var. salebrosa,Open,12,,,,,
Asteraceae,Solidago simplex Kunth,"var. nana, var. simplex",Open,2,,,,,
Asteraceae,Soliva sessilis Ruiz & Pav.*,,Open,12,,,,,
Asteraceae,Sonchus arvensis L.*,ssp. arvensis,Open,16,,,,,
Asteraceae,Sonchus asper (L.) Hill*,ssp. asper,Open,71,,,,,
Asteraceae,Sonchus oleraceus L.*,,Open,102,,,,,
Asteraceae,Symphyotrichum boreale (Torr. & A. Gray) Á. Löve & D. Löve,,Wetland,1,,,,,
Asteraceae,Symphyotrichum subspicatum (Nees) G.L. Nesom,,Open,6,,,,,
Asteraceae,Tanacetum balsamita L.*,,Open,1,,,,,
Asteraceae,Tanacetum parthenium (L.) Sch. Bip.*,,Open,2,,,,,
Asteraceae,Tanacetum vulgare L.*,,Open,3,,,,,
Asteraceae,Taraxacum erythrospermum Andrz. ex Besser*,,Open,14,,,,,
Asteraceae,Taraxacum officinale F.H. Wigg.*,,Open,68,,,,,
Asteraceae,Tragopogon dubius Scop.*,,Open,4,,,,,
Asteraceae,Tragopogon porrifolius L.*,,Open,4,,,,,
Asteraceae,Tragopogon pratensis L.*,,Open,1,,,,,
Asteraceae,Tripleurospermum inodorum (L.) Sch. Bip.*,,Open,4,,,,,
Athyriaceae,Athyrium filix-femina (L.) Roth ex Mertens,ssp. cyclosorum,Forest,19,,,,,
Berberidaceae,Berberis aquifolium (Pursh) Nutt.,,Open,87,,,,,
Berberidaceae,Berberis nervosa (Pursh) Nutt.,,Forest,20,,,,,
Betulaceae,Alnus rubra Bong.,,Forest,18,,,,,
Betulaceae,Alnus viridis (Chaix) DC.,ssp. sinuata,Forest,8,,,,,
Betulaceae,Betula papyrifera Marshall,,Forest,5,,,,,
Betulaceae,Betula pendula Roth*,,Forest,1,,,,,
Betulaceae,Corylus cornuta Marshall,ssp. californica,Forest,3,,,,,
Blechnaceae,Struthiopteris spicant (L.) Weiss,,Forest,5,,,,,
Boraginaceae,Amsinckia intermedia Fisch. & C.A. Mey.,,Open,3,,,,,
Boraginaceae,Amsinckia menziesii (Lehm.) A. Nelson & J.F. Macbr.,,Open,12,,,,,
Boraginaceae,Amsinckia spectabilis Fisch. & C.A. Mey.,var. spectabilis,Open,5,,,,,
Boraginaceae,Anchusa azurea Mill.*,,Open,2,,,,,
Boraginaceae,Anchusa officinalis L.*,,Open,1,,,,,
Boraginaceae,Borago officinalis L.*,,Open,1,,,,,
Boraginaceae,Buglossoides arvensis (L.) I.M. Johnst.*,,Open,1,,,,,
Boraginaceae,Lycopsis arvensis L.*,,Open,1,,,,,
Boraginaceae,Myosotis arvensis (L.) Hill*,,Open,4,,,,,
Boraginaceae,Myosotis discolor Pers.*,,Open,43,,,,,
Boraginaceae,Myosotis latifolia Poir.*,,Open,1,,,,,
Boraginaceae,Myosotis laxa Lehm.,,Wetland,4,,,,,
Boraginaceae,Myosotis stricta Link ex Roem. & Schult.*,,Open,12,,,,,
Boraginaceae,Myosotis sylvatica Ehrh. ex Hoffm.*,,Forest,1,,,,,
Boraginaceae,Pentaglottis sempervirens (L.) Tausch ex L.H. Bailey*,,Forest,1,,,,,
Boraginaceae,Plagiobothrys scouleri (Hook. & Arn.) I.M. Johnst.,,Shoreline,28,,,,,
Boraginaceae,Plagiobothrys tenellus (Nutt. ex Hook.) A. Gray,,Open,4,,,,,
Boraginaceae,Symphytum officinale L.*,,Open,1,,,,,
Boraginaceae,Symphytum uplandicum Nyman*,,Open,1,,,,,
Brassicaceae,Alliaria petiolata (M. Bieb.) Cavara & Grande*,,Forest,2,,,,,
Brassicaceae,Arabidopsis thaliana (L.) Heynh.*,,Open,8,,,,,
Brassicaceae,Arabis caucasica Willd.*,,Open,1,,,,,
Brassicaceae,Arabis eschscholtziana Andrz.,,Open,23,,,,,
Brassicaceae,Aubrieta deltoidea (L.) DC.*,,Open,1,,,,,
Brassicaceae,Barbarea orthoceras Ledeb.,,Open,15,,,,,
Brassicaceae,Barbarea vulgaris W.T. Aiton*,,Open,1,,,,,
Brassicaceae,Brassica juncea (L.) Czern.*,,Open,4,,,,,
Brassicaceae,Brassica nigra (L.) W.D.J. Koch*,,Open,3,,,,,
Brassicaceae,Brassica rapa L.*,,Open,4,,,,,
Brassicaceae,Cakile edentula (Bigelow) Hook.*,var. edentula,Shoreline,17,,,,,
Brassicaceae,Cakile maritima Scop.*,ssp. maritima,Shoreline,44,,,,,
Brassicaceae,Camelina microcarpa Andrz. ex DC.*,,Open,1,,,,,
Brassicaceae,Capsella bursa-pastoris (L.) Medik.*,,Open,10,,,,,
Brassicaceae,Cardamine flexuosa With.*,,Forest,6,,,,,
Brassicaceae,Cardamine hirsuta L.*,,Open,66,,,,,
Brassicaceae,Cardamine nuttallii Greene,,Forest,2,,,,,
Brassicaceae,Cardamine occidentalis (S. Watson) Howell,,Wetland,2,,,,,
Brassicaceae,Cardamine oligosperma Nutt.,,Forest,50,,,,,
Brassicaceae,Cardamine pensylvanica Muhl. ex Willd.,,Forest,4,,,,,
Brassicaceae,Draba verna L.*,,Open,30,,,,,
Brassicaceae,Erysimum cheiri (L.) Crantz*,,Open,1,,,,,
Brassicaceae,Hesperis matronalis L.*,,Open,2,,,,,
Brassicaceae,Hornungia procumbens (L.) Hayek,,Shoreline,11,,,,,
Brassicaceae,Lepidium campestre (L.) W.T. Aiton*,,Open,1,,,,,
Brassicaceae,Lepidium densiflorum Schrad.,,Open,3,,,,,
Brassicaceae,Lepidium didymum L.*,,Open,1,,,,,
Brassicaceae,Lepidium draba L.*,,Open,1,,,,,
Brassicaceae,Lepidium heterophyllum Benth.*,,Open,1,,,,,
Brassicaceae,Lepidium latifolium L.*,,Open,1,,,,,
Brassicaceae,Lepidium oxycarpum Torr. & A. Gray,,Shoreline,2,,,,,
Brassicaceae,Lepidium perfoliatum L.*,,Open,1,,,,,
Brassicaceae,Lepidium virginicum L.,ssp. menziesii,Shoreline,72,,,,,
Brassicaceae,Lobularia maritima (L.) Desv.*,,Open,2,,,,,
Brassicaceae,Lunaria annua L.*,,Forest,3,,,,,
Brassicaceae,Nasturtium officinale W.T. Aiton*,,Wetland,2,,,,,
Brassicaceae,Raphanus raphanistrum L.*,,Open,3,,,,,
Brassicaceae,Raphanus sativus L.*,,Open,2,,,,,
Brassicaceae,Rorippa curvisiliqua (Hook.) Bessey ex Britton,,Wetland,2,,,,,
Brassicaceae,Rorippa palustris (L.) Besser,ssp. palustris,Wetland,1,,,,,
Brassicaceae,Sinapis arvensis L.*,,Open,3,,,,,
Brassicaceae,Sisymbrium altissimum L.*,,Open,1,,,,,
Brassicaceae,Sisymbrium officinale (L.) Scop.*,,Open,3,,,,,
Brassicaceae,Teesdalia nudicaulis (L.) W.T. Aiton*,,Open,5,,,,,
Brassicaceae,Thlaspi arvense L.*,,Open,1,,,,,
Brassicaceae,Turritis glabra L.,,Open,49,,,,,
Buddleja,Buddleja davidii Franch.*,,Open,1,,,,,
Cabombaceae,Brasenia schreberi J.F. Gmel.,,Wetland,2,,,,,
Cactaceae,Opuntia fragilis (Nutt.) Haw.,,Shoreline,27,,,,,
Campanulaceae,Campanula medium L.*,,Open,2,,,,,
Campanulaceae,Campanula persicifolia L.*,,Open,1,,,,,
Campanulaceae,Campanula rapunculoides L.*,,Open,1,,,,,
Campanulaceae,Campanula rotundifolia L.,,Open,14,,,,,
Campanulaceae,Campanula scouleri Hook. ex A. DC.,,Forest,4,,,,,
Campanulaceae,Githopsis specularioides Nutt.,,Open,1,,,,,
Campanulaceae,Lobelia dortmanna L.,,Wetland,1,,,,,
Campanulaceae,Triodanis perfoliata (L.) Nieuwl.,,Wetland,6,,,,,
Caprifoliaceae,Lonicera ciliosa (Pursh) Poir. ex DC.,,Forest,52,,,,,
Caprifoliaceae,Lonicera hispidula (Lindl.) Douglas ex Torr. & A. Gray,,Forest,56,,,,,
Caprifoliaceae,Lonicera involucrata (Richardson) Banks ex Spreng.,var. involucrata,Forest,9,,,,,
Caprifoliaceae,Symphoricarpos albus (L.) S.F. Blake,var. laevigatus,Forest,94,,,,,
Caryophyllaceae,Agrostemma githago L.*,,Open,1,,,,,
Caryophyllaceae,Arenaria serpyllifolia L.*,var. serpylilfolia,Open,5,,,,,
Caryophyllaceae,Cerastium arvense L.,ssp. strictum,Open,106,,,,,
Caryophyllaceae,Cerastium fontanum Baumg.*,ssp. vulgare,Open,12,,,,,
Caryophyllaceae,Cerastium glomeratum Thuill.*,,Open,82,,,,,
Caryophyllaceae,Cerastium pumilum Curtis*,,Open,71,,,,,
Caryophyllaceae,Cerastium semidecandrum L.*,,Open,47,,,,,
Caryophyllaceae,Cerastium tomentosum L.*,,Open,1,,,,,
Caryophyllaceae,Dianthus armeria L.*,ssp. armeria,Open,5,,,,,
Caryophyllaceae,Dianthus barbatus L.*,ssp. barbatus,Open,1,,,,,
Caryophyllaceae,Holosteum umbellatum L.*,ssp. umbellatum,Open,2,,,,,
Caryophyllaceae,Honckenya peploides (L.) Ehrh.,ssp. major,Shoreline,11,,,,,
Caryophyllaceae,Lychnis coronaria (L.) Desr.*,,Open,4,,,,,
Caryophyllaceae,Moehringia macrophylla (Hook.) Fenzl,,Forest,5,,,,,
Caryophyllaceae,"Moenchia erecta (L.) P. Gaertn., B. Mey. & Scherbius*",,Open,2,,,,,
Caryophyllaceae,Sabulina macra (A. Nelson & J.F. Macbr.) Dillenb. & Kadereit,,Open,17,,,,,
Caryophyllaceae,Sagina apetala Ard.*,,Shoreline,17,,,,,
Caryophyllaceae,Sagina decumbens (Elliott) Torr. & A. Gray,ssp. occidentalis,Shoreline,88,,,,,
Caryophyllaceae,Sagina maxima A. Gray,ssp. crassicaulis,Shoreline,31,,,,,
Caryophyllaceae,Sagina procumbens L.*,,Shoreline,12,,,,,
Caryophyllaceae,Scleranthus annuus L.*,,Open,1,,,,,
Caryophyllaceae,Silene antirrhina L.,,Open,16,,,,,
Caryophyllaceae,Silene douglasii Hook.,,Open,1,,,,,
Caryophyllaceae,Silene gallica L.*,,Open,28,,,,,
Caryophyllaceae,Silene latifolia Poir.*,,Open,2,,,,,
Caryophyllaceae,Silene menziesii Hook.,,Forest,12,,,,,
Caryophyllaceae,Silene scouleri Hook.,ssp. scouleri,Open,5,,,,,
Caryophyllaceae,Spergula arvensis L.*,,Shoreline,2,,,,,
Caryophyllaceae,Spergularia canadensis (Pers.) G. Don,var. occidentalis,Shoreline,7,,,,,
Caryophyllaceae,Spergularia macrotheca (Hornem.) Heynh.,var. macrotheca,Shoreline,55,,,,,
Caryophyllaceae,Spergularia rubra (L.) J. Presl & C. Presl*,,Shoreline,35,,,,,
Caryophyllaceae,Spergularia salina J. Presl & C. Presl,,Shoreline,7,,,,,
Caryophyllaceae,Stellaria borealis Bigelow,"ssp. borealis, ssp. sitchana",Wetland,6,,,,,
Caryophyllaceae,Stellaria crispa Cham. & Schltdl.,,Forest,10,,,,,
Caryophyllaceae,Stellaria graminea L.*,,Open,1,,,,,
Caryophyllaceae,Stellaria longifolia Muhl. ex Willd.,,Wetland,2,,,,,
Caryophyllaceae,Stellaria longipes Goldie,ssp. longipes,Wetland,2,,,,,
Caryophyllaceae,Stellaria media (L.) Vill.*,,Open,86,,,,,
Caryophyllaceae,Stellaria nitens Nutt.,,Open,14,,,,,
Caryophyllaceae,Stellaria pallida (Dumort.) Crépin*,,Open,21,,,,,
Caryophyllaceae,Vaccaria hispanica (Mill.) Rauschert*,,Open,1,,,,,
Celastraceae,Paxistima myrsinites (Pursh) Raf.,,Forest,21,,,,,
Ceratophyllaceae,Ceratophyllum demersum L.,,Wetland,5,,,,,
Convolvulaceae,Calystegia lucana (Ten.) G. Don*,,Open,1,,,,,
Convolvulaceae,Calystegia sepium (L.) R. Br.,,Shoreline,4,,,,,
Convolvulaceae,Calystegia soldanella (L.) R. Br.,,Shoreline,1,,,,,
Convolvulaceae,Convolvulus arvensis L.*,,Open,3,,,,,
Convolvulaceae,Cuscuta epithymum Murray*,var. epithymum,Shoreline,1,,,,,
Convolvulaceae,Cuscuta pacifica Costea & M.A.R. Wright,var. pacifica,Shoreline,8,,,,,
Cornaceae,Cornus occidentalis (Torr. & A. Gray) Coville,,Forest,2,,,,,
Cornaceae,Cornus stolonifera Michx.,,Forest,3,,,,,
Cornaceae,Cornus unalaschkensis Ledeb.,,Forest,2,,,,,
Crassulaceae,Crassula connata (Ruiz & Pav.) A. Berger,,Shoreline,2,,,,,
Crassulaceae,Crassula tillaea Lester-Garl.*,,Shoreline,9,,,,,
Crassulaceae,Sedum acre L.*,,Shoreline,3,,,,,
Crassulaceae,Sedum album L.*,,Shoreline,9,,,,,
Crassulaceae,Sedum divergens S. Watson,,Open,1,,,,,
Crassulaceae,Sedum lanceolatum Torr.,,Shoreline,93,,,,,
Crassulaceae,Sedum oreganum Nutt.,,Open,2,,,,,
Crassulaceae,Sedum spathulifolium Hook.,,Shoreline,79,,,,,
Cucurbitaceae,Marah oregana (Torr. & A. Gray) Howell,,Open,5,,,,,
Cupressaceae,Juniperus scopulorum Sarg.,,Open,61,,,,,
Cupressaceae,Thuja plicata Donn ex D. Don,,Forest,24,,,,,
Cyperaceae,Bolboschoenus maritimus (L.) Palla,ssp. paludosus,Wetland,8,,,,,
Cyperaceae,Carex aquatilis Wahlenb.,"var. aquatilis, var. dives",Wetland,4,,,,,
Cyperaceae,Carex arcta Boott,,Wetland,3,,,,,
Cyperaceae,Carex aurea Nutt.,,Wetland,3,,,,,
Cyperaceae,Carex canescens L.,,Wetland,2,,,,,
Cyperaceae,Carex canescens L.*,,Wetland,2,,,,,
Cyperaceae,Carex cusickii Mack. ex Piper & Beattie,,Wetland,4,,,,,
Cyperaceae,Carex densa (L.H. Bailey) L.H. Bailey,,Open,1,,,,,
Cyperaceae,Carex echinata Murray,"ssp. echinata, ssp. phyllomanica",Wetland,2,,,,,
Cyperaceae,Carex exsiccata L.H. Bailey,,Wetland,5,,,,,
Cyperaceae,Carex hendersonii L.H. Bailey,,Wetland,4,,,,,
Cyperaceae,Carex hoodii Boott,,Open,1,,,,,
Cyperaceae,Carex inops L.H. Bailey,ssp. Inops,Open,17,,,,,
Cyperaceae,Carex interior L.H. Bailey,,Wetland,2,,,,,
Cyperaceae,Carex kelloggii W. Boott,"var. impressa, var. kelloggii, var. limnophila",Wetland,5,,,,,
Cyperaceae,Carex laeviculmis Meinsh.,,Wetland,1,,,,,
Cyperaceae,Carex lasiocarpa Ehrh.,,Wetland,1,,,,,
Cyperaceae,Carex leporina L.,,Wetland,2,,,,,
Cyperaceae,Carex leptalea Wahlenb.,,Wetland,2,,,,,
Cyperaceae,Carex leptopoda Mack.,,Forest,17,,,,,
Cyperaceae,Carex leptopoda Mack.,,Forest,17,,,,,
Cyperaceae,Carex lyngbyei Hornem.,,Shoreline,15,,,,,
Cyperaceae,Carex macrocephala Willd. ex Spreng.,,Shoreline,5,,,,,
Cyperaceae,Carex obnupta L.H. Bailey,,Wetland,12,,,,,
Cyperaceae,Carex pachystachya Cham. ex Steud.,,Wetland,7,,,,,
Cyperaceae,Carex pansa L.H. Bailey,,Open,3,,,,,
Cyperaceae,Carex pauciflora Lightf.,,Open,1,,,,,
Cyperaceae,Carex pendula Huds.*,,Forest,1,,,,,
Cyperaceae,Carex praticola Rydb.,,Open,2,,,,,
Cyperaceae,Carex rossii Boott,,Open,13,,,,,
Cyperaceae,Carex stipata Muhl. ex Willd.,var. stipata,Wetland,3,,,,,
Cyperaceae,Carex subbracteata Mack.,,Wetland,1,,,,,
Cyperaceae,Carex tumulicola Mack.,,Open,3,,,,,
Cyperaceae,Carex unilateralis Mack.,,Wetland,1,,,,,
Cyperaceae,Carex utriculata Boott,,Wetland,6,,,,,
Cyperaceae,Carex vesicaria L.,var. major,Wetland,2,,,,,
Cyperaceae,Carex viridula Michx.,var. viridula,Shoreline,3,,,,,
Cyperaceae,Carex vulpinoidea Michx.,,Open,1,,,,,
Cyperaceae,Carex zikae E.H. Roalson & M.J. Waterway,,Open,9,,,,,
Cyperaceae,Dulichium arundinaceum (L.) Britton,,Wetland,4,,,,,
Cyperaceae,Eleocharis acicularis (L.) Roem. & Schult.,,Wetland,1,,,,,
Cyperaceae,Eleocharis macrostachya Britton,,Wetland,4,,,,,
Cyperaceae,Eleocharis obtusa (Willd.) Schult.,,Wetland,1,,,,,
Cyperaceae,Eleocharis palustris (L.) Roem. & Schult.,,Wetland,7,,,,,
Cyperaceae,"Eleocharis parvula (Roem. & Schultes) Link ex Bluff Nees, & Schauer",,Wetland,1,,,,,
Cyperaceae,Eriophorum chamissonis C.A. Mey.,,Wetland,1,,,,,
Cyperaceae,Eriophorum gracile W.D.J. Koch ex Roth,,Wetland,1,,,,,
Cyperaceae,Rhynchospora alba (L.) Vahl,,Wetland,1,,,,,
Cyperaceae,Schoenoplectus acutus (Muhl. ex Bigelow) Á. Löve & D. Löve,,Wetland,6,,,,,
Cyperaceae,Schoenoplectus americanus (Pers.) Volkart ex Schinz & R. Keller,,Shoreline,2,,,,,
Cyperaceae,Schoenoplectus subterminalis (Torr.) Soják,,Wetland,1,,,,,
Cyperaceae,Schoenoplectus tabernaemontani (C.C. Gmel.) Palla,,Wetland,3,,,,,
Cyperaceae,Scirpus atrocinctus Fernald,,Wetland,1,,,,,
Cyperaceae,Scirpus cyperinus (L.) Kunth*,,Wetland,1,,,,,
Cyperaceae,Scirpus microcarpus J. Presl & C. Presl,,Wetland,5,,,,,
Cystopteridaceae,Cystopteris fragilis (L.) Bernh.,,Forest,7,,,,,
Dennstaedtiaceae,Pteridium aquilinum (L.) Kuhn,var. pubescens,Forest,30,,,,,
Dipsacaceae,Dipsacus fullonum L.*,,Open,5,,,,,
Droseraceae,Drosera rotundifolia L.,,Wetland,3,,,,,
Dryopteridaceae,Dryopteris arguta (Kaulf.) Maxon,,Forest,1,,,,,
Dryopteridaceae,Dryopteris expansa (C. Presl) Fraser-Jenk. & Jermy,,Forest,14,,,,,
Dryopteridaceae,Polystichum munitum (Kaulf.) C. Presl,,Forest,50,,,,,
Elaeagnaceae,Elaeagnus umbellata Thunb.*,,Open,1,,,,,
Elaeagnaceae,Shepherdia canadensis (L.) Nutt.,,Forest,21,,,,,
Equisetaceae,Equisetum arvense L.,,Open,13,,,,,
Equisetaceae,Equisetum ferrissii Clute,,Open,1,,,,,
Equisetaceae,Equisetum fluviatile L.,,Wetland,3,,,,,
Equisetaceae,Equisetum hyemale L.,ssp. affine,Wetland,9,,,,,
Equisetaceae,Equisetum palustre L.,,Wetland,5,,,,,
Equisetaceae,Equisetum telmateia Ehrh.,ssp. braunii,Wetland,13,,,,,
Ericaceae,Allotropa virgata Torr. & A. Gray,,Forest,2,,,,,
Ericaceae,Arbutus menziesii Pursh,,Forest,62,,,,,
Ericaceae,Arctostaphylos columbiana Piper,,Open,2,,,,,
Ericaceae,Arctostaphylos media Greene,,Open,1,,,,,
Ericaceae,Arctostaphylos uva-ursi (L.) Spreng.,,Open,7,,,,,
Ericaceae,Chimaphila menziesii (R. Br.) Spreng.,,Forest,3,,,,,
Ericaceae,Chimaphila umbellata (L.) W.P.C. Barton,ssp. umellata,Forest,4,,,,,
Ericaceae,Gaultheria shallon Pursh,,Forest,37,,,,,
Ericaceae,Kalmia microphylla (Hook.) A. Heller,var. occidentalis,Wetland,3,,,,,
Ericaceae,Moneses uniflora (L.) A. Gray,,Forest,1,,,,,
Ericaceae,Monotropa hypopitys L.,,Forest,2,,,,,
Ericaceae,Monotropa uniflora L.,,Forest,13,,,,,
Ericaceae,Orthilia secunda (L.) House,,Forest,2,,,,,
Ericaceae,Pterospora andromedea Nutt.,,Forest,2,,,,,
Ericaceae,Pyrola aphylla Sm.,,Forest,1,,,,,
Ericaceae,Pyrola asarifolia Michx.,"ssp. asarifolia, ssp. bracteata",Forest,4,,,,,
Ericaceae,Pyrola chlorantha Sw.,,Forest,2,,,,,
Ericaceae,Pyrola dentata Sm.,,Forest,1,,,,,
Ericaceae,Pyrola minor L.,,Forest,1,,,,,
Ericaceae,Pyrola picta Sm.,,Forest,3,,,,,
Ericaceae,Rhododendron columbianum (Piper) Harmaja,,Forest,1,,,,,
Ericaceae,Rhododendron groenlandicum (Oeder) Kron & Judd,,Forest,5,,,,,
Ericaceae,Rhododendron macrophyllum D. Don ex G. Don,,Forest,1,,,,,
Ericaceae,Vaccinium cespitosum Michx.,,Forest,1,,,,,
Ericaceae,Vaccinium ovatum Pursh,,Forest,4,,,,,
Ericaceae,Vaccinium oxycoccos L.,,Forest,2,,,,,
Ericaceae,Vaccinium parvifolium Sm.,,Forest,21,,,,,
Ericaceae,Vaccinium uliginosum L.,,Forest,1,,,,,
Euphorbiaceae,Euphorbia characias L.*,,Open,1,,,,,
Euphorbiaceae,Euphorbia cyparissias L.*,,Open,4,,,,,
Euphorbiaceae,Euphorbia elongata Poir.*,,Open,1,,,,,
Euphorbiaceae,Euphorbia myrsinites L.*,,Open,1,,,,,
Euphorbiaceae,Euphorbia peplus L.*,,Open,3,,,,,
Fabaceae,Acmispon americanus (Nutt.) Rydb.,var. americanus,Open,4,,,,,
Fabaceae,Acmispon denticulatus (Drew) Sokoloff,,Open,10,,,,,
Fabaceae,Acmispon parviflorus (Benth.) D.D. Sokoloff,,Open,17,,,,,
Fabaceae,Cytisus scoparius (L.) Link*,,Open,8,,,,,
Fabaceae,Laburnum anagyroidis Medik.*,,Forest,1,,,,,
Fabaceae,Lathyrus aphaca L.*,,Open,1,,,,,
Fabaceae,Lathyrus japonicus Willd.,,Shoreline,57,,,,,
Fabaceae,Lathyrus latifolius L.*,,Open,4,,,,,
Fabaceae,Lathyrus littoralis (Nutt.) Endl. ex Walp.,,Shoreline,1,,,,,
Fabaceae,Lathyrus nevadensis S. Watson,var. nevadensis,Forest,47,,,,,
Fabaceae,Lathyrus palustris L.,,Shoreline,5,,,,,
Fabaceae,Lathyrus sylvestris L.*,,Open,1,,,,,
Fabaceae,Lotus corniculatus L.*,,Open,8,,,,,
Fabaceae,Lotus tenuis Waldst. & Kit. ex Willd.*,,Open,2,,,,,
Fabaceae,Lupinus arboreus Sims*,,Open,4,,,,,
Fabaceae,Lupinus bicolor Lindl.,,Open,15,,,,,
Fabaceae,Lupinus latifolius Lindl. ex J. Agardh,var. latifolius,Open,2,,,,,
Fabaceae,Lupinus littoralis Douglas,var. littoralis,Open,2,,,,,
Fabaceae,Lupinus microcarpus Sims,var. microcarpus,Open,7,,,,,
Fabaceae,Lupinus pachylobus Greene,,Open,1,,,,,
Fabaceae,Lupinus rivularis Douglas ex Lindl.,,Open,1,,,,,
Fabaceae,Medicago arabica (L.) Huds.*,,Open,1,,,,,
Fabaceae,Medicago lupulina L.*,,Open,7,,,,,
Fabaceae,Medicago sativa L.*,,Open,2,,,,,
Fabaceae,Melilotus albus Medik.*,,Open,2,,,,,
Fabaceae,Melilotus officinalis (L.) Lam.*,,Open,2,,,,,
Fabaceae,Oxytropis campestris (L.) DC.,var. spicata,Shoreline,3,,,,,
Fabaceae,Pisum sativum L.*,,Open,1,,,,,
Fabaceae,Rupertia physodes (Douglas ex Hook.) J.W. Grimes,,Open,2,,,,,
Fabaceae,Trifolium arvense L.*,,Open,2,,,,,
Fabaceae,Trifolium campestre Schreb.*,,Open,8,,,,,
Fabaceae,Trifolium depauperatum Desv.,,Open,1,,,,,
Fabaceae,Trifolium dichotomum Hook. & Arn.,,Open,8,,,,,
Fabaceae,Trifolium dubium Sibth.*,,Open,50,,,,,
Fabaceae,Trifolium fragiferum L.*,,Open,1,,,,,
Fabaceae,Trifolium hybridum L.*,,Open,1,,,,,
Fabaceae,Trifolium incarnatum L.*,,Open,2,,,,,
Fabaceae,Trifolium microcephalum Pursh,,Open,58,,,,,
Fabaceae,Trifolium microdon Hook. & Arn.,,Open,53,,,,,
Fabaceae,Trifolium oliganthum Steud.,,Open,43,,,,,
Fabaceae,Trifolium pratense L.*,,Open,14,,,,,
Fabaceae,Trifolium repens L.*,,Open,17,,,,,
Fabaceae,Trifolium retusum L.*,,Open,1,,,,,
Fabaceae,Trifolium striatum L.*,,Open,1,,,,,
Fabaceae,Trifolium subterraneum L.*,,Open,17,,,,,
Fabaceae,Trifolium suffocatum L.*,,Open,2,,,,,
Fabaceae,Trifolium variegatum Nutt.,,Open,40,,,,,
Fabaceae,Trifolium willdenovii Spreng.,,Open,87,,,,,
Fabaceae,Trifolium wormskioldii Lehm.,,Open,2,,,,,
Fabaceae,Ulex europaeus L.*,,Open,1,,,,,
Fabaceae,Vicia americana Muhl. ex Willd.,var. americana,Forest,76,,,,,
Fabaceae,Vicia cracca L.*,,Open,2,,,,,
Fabaceae,Vicia hirsuta (L.) Gray*,,Open,57,,,,,
Fabaceae,Vicia lathyroides L.*,,Open,1,,,,,
Fabaceae,Vicia nigricans Hook. & Arn.,var. gigantea,Forest,32,,,,,
Fabaceae,Vicia sativa L.*,"var. angustifolia, var. sativa",Open,71,,,,,
Fabaceae,Vicia tetrasperma (L.) Schreb.*,,Open,1,,,,,
Fabaceae,Vicia villosa Roth*,var. glabrescens,Open,4,,,,,
Fagaceae,Quercus garryana Douglas ex Hook.,var. garryana,Open,38,,,,,
Gentianaceae,Centaurium erythraea Rafn*,,Open,5,,,,,
Gentianaceae,"Centaurium pulchellum (Sw.) Hayek ex Hand.-Mazz., Stadlm., Janch. & Faltis*",,Open,1,,,,,
Gentianaceae,Gentianella amarella (L.) Börner,ssp. acuta,Wetland,3,,,,,
Geraniaceae,Erodium cicutarium (L.) L\\\'Hér. ex Aiton*,ssp. cicutarium,Open,26,,,,,
Geraniaceae,Geranium bicknellii Britton,,Forest,1,,,,,
Geraniaceae,Geranium carolinianum L.,,Forest,5,,,,,
Geraniaceae,Geranium dissectum L.*,,Open,23,,,,,
Geraniaceae,Geranium lucidum L.*,,Open,2,,,,,
Geraniaceae,Geranium molle L.*,,Open,99,,,,,
Geraniaceae,Geranium pusillum L.*,,Open,2,,,,,
Geraniaceae,Geranium robertianum L.*,,Forest,6,,,,,
Grossulariaceae,Ribes divaricatum Douglas,var. divaricatum,Forest,63,,,,,
Grossulariaceae,Ribes lacustre (Pers.) Poir.,,Forest,10,,,,,
Grossulariaceae,Ribes sanguineum Pursh,var. sanguineum,Forest,54,,,,,
Haloragaceae,Myriophyllum sibiricum Kom.,,Wetland,4,,,,,
Haloragaceae,Myriophyllum verticillatum L.,,Wetland,3,,,,,
Hydrangeaceae,Philadelphus lewisii Pursh,,Forest,7,,,,,
Hydrocharitaceae,Egeria densa Planch.*,,Wetland,1,,,,,
Hydrocharitaceae,Elodea canadensis Michx.,,Wetland,3,,,,,
Hydrocharitaceae,Najas canadensis Michx.,,Wetland,1,,,,,
Hydrocharitaceae,Najas flexilis (Willd.) Rostk. & W.L.E. Schmidt,,Wetland,3,,,,,
Hydrophyllaceae,Nemophila parviflora Douglas ex Benth.,"var. parviflora, var. austiniae",Forest,14,,,,,
Hydrophyllaceae,Nemophila pedunculata Douglas ex Benth.,,Forest,1,,,,,
Hydrophyllaceae,Phacelia linearis (Pursh) Holz.,,Open,1,,,,,
Hypericaceae,Hypericum anagalloides Cham. & Schltdl.,,Wetland,3,,,,,
Hypericaceae,Hypericum calycinum L.*,,Open,1,,,,,
Hypericaceae,Hypericum perforatum L.*,,Open,7,,,,,
Hypericaceae,Hypericum scouleri Hook.,,Wetland,2,,,,,
Iridaceae,Crocus stellaris Haw.*,,Open,1,,,,,
Iridaceae,Iris foetidissima L.*,,Open,2,,,,,
Iridaceae,Iris germanica L.*,,Open,7,,,,,
Iridaceae,Iris pseudacorus L.*,,Wetland,6,,,,,
Iridaceae,Olsynium douglasii (A. Dietr.) E.P. Bicknell,var. douglasii,Open,6,,,,,
Iridaceae,Sisyrinchium californicum (Ker Gawl.) W.T.Aiton,,Open,1,,,,,
Iridaceae,Sisyrinchium idahoense E.P. Bicknell,"var. macounii, var. segetum",Open,8,,,,,
Isoetaceae,Isoetes nuttallii A. Br.,,Wetland,1,,,,,
Isoetaceae,Isoetes occidentalis L.F. Hend.,,Wetland,1,,,,,
Juncaceae,Juncus acuminatus Michx.,,Wetland,4,,,,,
Juncaceae,Juncus alpinoarticulatus Chaix,,Wetland,1,,,,,
Juncaceae,Juncus articulatus L.,ssp. articulata,Wetland,4,,,,,
Juncaceae,Juncus balticus Willd.,ssp. ater,Shoreline,19,,,,,
Juncaceae,Juncus bolanderi Engelm.,,Shoreline,1,,,,,
Juncaceae,Juncus breweri Engelm.,,Shoreline,2,,,,,
Juncaceae,Juncus bufonius L.,var. bufonius,Shoreline,23,,,,,
Juncaceae,Juncus effusus L.,"ssp. pacificus, ssp. effusus",Shoreline,13,,,,,
Juncaceae,Juncus ensifolius Wikstr.,,Wetland,7,,,,,
Juncaceae,Juncus gerardi Loisel.,ssp. gerardi,Shoreline,3,,,,,
Juncaceae,Juncus hesperius (Piper) Lint,,Wetland,8,,,,,
Juncaceae,Juncus occidentalis (Coville) Wiegand,,Wetland,2,,,,,
Juncaceae,Juncus tenuis Willd.,,Wetland,3,,,,,
Juncaceae,Luzula comosa E. Mey.,var. laxa,Open,24,,,,,
Juncaceae,Luzula macrantha (S. Watson) Zika & B.L. Wilson,,Open,10,,,,,
Juncaceae,Luzula multiflora (Ehrh.) Lej.,,Open,2,,,,,
Juncaceae,Luzula parviflora (Ehrh.) Desv.,,Forest,2,,,,,
Juncaceae,Luzula subsessilis (S. Watson) Buchenau,,Open,58,,,,,
Juncaginaceae,Triglochin concinna J.B. Davy,,Wetland,1,,,,,
Juncaginaceae,Triglochin maritima L.,,Wetland,10,,,,,
Lamiaceae,Ajuga reptans L.*,,Forest,4,,,,,
Lamiaceae,Clinopodium douglasii (Benth.) Kuntze,,Forest,34,,,,,
Lamiaceae,Glechoma hederacea L.*,,Forest,2,,,,,
Lamiaceae,Lamiastrum galeobdolon (L.) Ehrend. & Polatschek*,ssp. argentatum,Forest,3,,,,,
Lamiaceae,Lamium amplexicaule L.*,,Open,5,,,,,
Lamiaceae,Lamium hybridum Vill.*,,Open,1,,,,,
Lamiaceae,Lamium purpureum L.*,,Open,14,,,,,
Lamiaceae,Lycopus americanus Muhl. ex W.P.C. Bartr.,,Wetland,1,,,,,
Lamiaceae,Lycopus europaeus L.*,,Wetland,2,,,,,
Lamiaceae,Lycopus uniflorus Michx.,,Wetland,5,,,,,
Lamiaceae,Marrubium vulgare L.*,,Open,7,,,,,
Lamiaceae,Melissa officinalis L.*,,Open,1,,,,,
Lamiaceae,Mentha canadensis L.,,Wetland,5,,,,,
Lamiaceae,Mentha piperita L.*,,Open,1,,,,,
Lamiaceae,Mentha pulegium L.*,,Open,1,,,,,
Lamiaceae,Mentha rotundifolia (L.) Huds.*,,Open,1,,,,,
Lamiaceae,Nepeta cataria L.*,,Open,2,,,,,
Lamiaceae,Prunella vulgaris L.,"var. lanceolata, var. vulgaris",Open,11,,,,,
Lamiaceae,Satureja douglasii (Benth.) Kuntze,,Forest,36,,,,,
Lamiaceae,Scutellaria galericulata L.,,Wetland,2,,,,,
Lamiaceae,Stachys cooleyae A. Heller,,Forest,5,,,,,
Lamiaceae,Stachys mexicana Benth.,,Forest,1,,,,,
Lamiaceae,Thymus pulegioides L.*,,Open,1,,,,,
Lentibulariaceae,Utricularia gibba L.,,Wetland,1,,,,,
Lentibulariaceae,Utricularia minor L.,,Wetland,1,,,,,
Lentibulariaceae,Utricularia vulgaris L.,ssp. macrohiza,Wetland,4,,,,,
Liliaceae,Erythronium oregonum Applegate,ssp. oregonum,Forest,32,,,,,
Liliaceae,Fritillaria affinis (Schult. & Schult. f.) Sealy,,Open,86,,,,,
Liliaceae,Lilium columbianum Leichtlin,,Forest,19,,,,,
Liliaceae,Prosartes hookeri Torr.,,Forest,1,,,,,
Liliaceae,Tulipa sp. L.*,,Open,1,,,,,
Linnaeaceae,Linnaea borealis L.,ssp. longiflora,Forest,9,,,,,
Lycopodiaceae,Lycopodium clavatum L.,,Wetland,2,,,,,
Lythraceae,Lythrum salicaria L.*,,Wetland,4,,,,,
Malvaceae,Alcea rosea L.*,,Open,1,,,,,
Malvaceae,Malva neglecta Wallr.*,,Open,1,,,,,
Malvaceae,Malva sylvestris L.*,,Open,1,,,,,
Malvaceae,Sidalcea hendersonii S. Watson,,Shoreline,2,,,,,
Melanthiaceae,Toxicoscordion venenosum (S. Watson) Rydb.,var. venenosum,Open,61,,,,,
Menyanthaceae,Menyanthes trifoliata L.,,Wetland,2,,,,,
Montiaceae,Calandrinia ciliata (Ruiz & Pav.) DC.,,Shoreline,27,,,,,
Montiaceae,Claytonia exigua Douglas ex Torr. & A. Gray,"ssp. exigua, ssp. glauca",Shoreline,30,,,,,
Montiaceae,Claytonia parviflora Douglas ex Hook.,,Open,21,,,,,
Montiaceae,Claytonia perfoliata Donn ex Willd.,,Forest,91,,,,,
Montiaceae,Claytonia rubra (Howell) Tidestr.,,Shoreline,75,,,,,
Montiaceae,Claytonia sibirica L.,,Forest,7,,,,,
Montiaceae,Montia dichotoma (Nutt.) Howell,,Open,2,,,,,
Montiaceae,Montia fontana L.,,Shoreline,16,,,,,
Montiaceae,Montia howellii S. Watson,,Shoreline,2,,,,,
Montiaceae,Montia linearis (Douglas) Greene,,Open,6,,,,,
Montiaceae,Montia parvifolia (Moc. ex DC.) Greene,,Open,21,,,,,
Nyctaginaceae,Abronia latifolia Eschsch.,,Shoreline,3,,,,,
Nymphaeaceae,Nuphar polysepala Engelm.,,Wetland,6,,,,,
Nymphaeaceae,Nymphaea odorata Aiton*,,Wetland,2,,,,,
Okay - possible,Solanum americanum Mill.,,Open,1,,,,,
Oleaceae,Ligustrum vulgare L.*,,Forest,1,,,,,
Onagraceae,Camissonia contorta (Douglas) Kearney,,Open,1,,,,,
Onagraceae,Chamaenerion angustifolium (L.) Scop.,,Open,26,,,,,
Onagraceae,Circaea alpina L.,ssp. pacifica,Forest,6,,,,,
Onagraceae,Clarkia amoena (Lehm.) A. Nelson & J.F. Macbr.,,Open,11,,,,,
Onagraceae,Clarkia gracilis (Piper) A. Nelson & J.F. Macbr.,ssp. gracilis,Open,2,,,,,
Onagraceae,Epilobium anagallidifolium Lam.,,Forest,1,,,,,
Onagraceae,Epilobium brachycarpum C. Presl,,Open,14,,,,,
Onagraceae,Epilobium ciliatum Raf.,,Open,27,,,,,
Onagraceae,Epilobium densiflorum (Lindl.) Hoch & P.H. Raven,,Wetland,2,,,,,
Onagraceae,Epilobium glandulosum Lehm.,,Open,2,,,,,
Onagraceae,Epilobium hirsutum L.*,,Open,2,,,,,
Onagraceae,Epilobium lactiflorum Hausskn.,,Open,1,,,,,
Onagraceae,Epilobium leptophyllum Raf.,,Wetland,2,,,,,
Onagraceae,Epilobium minutum Lindl.,,Open,28,,,,,
Onagraceae,Epilobium palustre L.,,Wetland,1,,,,,
Onagraceae,Epilobium torreyi (S. Watson) Hoch & P.H. Raven,,Wetland,1,,,,,
Onagraceae,Ludwigia palustris (L.) Elliott,,Wetland,3,,,,,
Onagraceae,Oenothera glazioviana Micheli*,,Open,1,,,,,
Ophioglossaceae,Botrypus virginianus (L.) Michx.,,Forest,1,,,,,
Ophioglossaceae,Ophioglossum pusillum Raf.,,Forest,1,,,,,
Ophioglossaceae,Sceptridium multifidum (Gmel.) Tagawa,,Forest,6,,,,,
Orchidaceae,Calypso bulbosa (L.) Oakes,var. occidentalis,Forest,19,,,,,
Orchidaceae,Cephalanthera austiniae (A. Gray) A. Heller,,Forest,3,,,,,
Orchidaceae,Corallorhiza maculata (Raf.) Raf.,"var. maculata, var. occidentalis",Forest,21,,,,,
Orchidaceae,Corallorhiza mertensiana Bong.,,Forest,3,,,,,
Orchidaceae,Corallorhiza striata Lindl.,var. striata,Forest,4,,,,,
Orchidaceae,Epipactis helleborine (L.) Crantz*,,Forest,12,,,,,
Orchidaceae,Goodyera oblongifolia Raf.,,Forest,29,,,,,
Orchidaceae,Neottia banksiana (Lind.) Rchb. f.,,Forest,2,,,,,
Orchidaceae,Neottia convallarioides (Sw.) Richardson,,Forest,1,,,,,
Orchidaceae,Neottia cordata (L.) Richardson*,,Forest,7,,,,,
Orchidaceae,Platanthera dilatata (Pursh) Lindl. ex L.C. Beck,"var. albiflora, var. leucostachys",Forest,3,,,,,
Orchidaceae,Platanthera elegans Lindl.,ssp. elegans,Open,43,,,,,
Orchidaceae,Platanthera elongata (Rydb.) R.M. Bateman,,Forest,4,,,,,
Orchidaceae,Platanthera orbiculata (Pursh) Lindl.,,Forest,2,,,,,
Orchidaceae,Platanthera stricta Lindl.,,Forest,1,,,,,
Orchidaceae,Platanthera transversa (Suksd.) R.M. Bateman,,Forest,6,,,,,
Orchidaceae,Platanthera unalascensis (Spreng.) Kurtz,,Forest,10,,,,,
Orchidaceae,Spiranthes romanzoffiana Cham.,,Open,8,,,,,
Orobanchaceae,Aphyllon californicum (Cham. & Schltdl.) A. Gray,ssp. californicum,Open,33,,,,,
Orobanchaceae,Aphyllon purpureum (A. Heller) Holub,,Open,29,,,,,
Orobanchaceae,Bellardia viscosa (L.) Fisch. & C.A. Mey.*,,Open,3,,,,,
Orobanchaceae,Castilleja attenuata (A. Gray) T.I. Chuang & Heckard,,Open,10,,,,,
Orobanchaceae,Castilleja hispida Benth.,var. hispida,Open,47,,,,,
Orobanchaceae,Castilleja levisecta Greenm.,,Open,2,,,,,
Orobanchaceae,Castilleja victoriae Fairbarns & J.M. Egger,,Open,1,,,,,
Orobanchaceae,Euphrasia nemorosa (Pers.) Wallr.*,,Open,3,,,,,
Orobanchaceae,Kopsiopsis hookeri (Walp.) Govaerts,,Forest,2,,,,,
Orobanchaceae,Orthocarpus bracteosus Benth.,,Open,1,,,,,
Orobanchaceae,Rhinanthus minor L.,,Open,1,,,,,
Orobanchaceae,Triphysaria pusilla (Benth.) T.I. Chuang & Heckard,,Open,35,,,,,
Oxalidaceae,Oxalis corniculata L.*,,Open,1,,,,,
Papaveraceae,Corydalis lutea (L.) DC.*,,Forest,1,,,,,
Papaveraceae,Dicentra formosa (Haw.) Walp.,ssp. formosa,Forest,2,,,,,
Papaveraceae,Eschscholzia californica Cham.*,ssp. californica,Open,9,,,,,
Papaveraceae,Fumaria officinalis L.*,,Open,1,,,,,
Papaveraceae,Meconella oregana Nutt.,,Open,2,,,,,
Papaveraceae,Papaver rhoeas L.*,,Open,1,,,,,
Papaveraceae,Papaver somniferum L.*,,Open,2,,,,,
Phrymaceae,Erythranthe alsinoides (Douglas ex Benth.) G.L. Nesom & N.S. Fraga,,Forest,26,,,,,
Phrymaceae,Erythranthe guttata (Fisch. ex DC.) G.L. Nesom,,Forest,21,,,,,
Phrymaceae,Erythranthe microphylla (Benth.) G.L. Nesom,,Forest,6,,,,,
Phrymaceae,Erythranthe moschata (Douglas ex Lindl.) G.L. Nesom,,Forest,2,,,,,
Phrymaceae,Erythranthe nasuta (Greene) G.L. Nesom,,Forest,23,,,,,
Phrymaceae,Erythranthe ptilota G.L. Nesom,,Forest,1,,,,,
Pinaceae,Abies grandis (Douglas ex D. Don) Lindl.,,Forest,34,,,,,
Pinaceae,Picea sitchensis (Bong.) Carrière,,Forest,18,,,,,
Pinaceae,Pinus contorta Douglas ex Loudon,"var. contorta, var. latifolia",Forest,27,,,,,
Pinaceae,Pinus monticola Douglas ex D. Don,,Forest,2,,,,,
Pinaceae,Pseudotsuga menziesii (Mirb.) Franco,var. menziesii,Forest,75,,,,,
Pinaceae,Tsuga heterophylla (Raf.) Sarg.,,Forest,16,,,,,
Plantaginaceae,Antirrhinum majus L.*,,Open,2,,,,,
Plantaginaceae,Callitriche heterophylla Pursh,var. bolanderi,Wetland,2,,,,,
Plantaginaceae,Callitriche palustris L.,,Wetland,2,,,,,
Plantaginaceae,Collinsia grandiflora Lindl.,,Open,25,,,,,
Plantaginaceae,Collinsia parviflora Lindl.,,Open,84,,,,,
Plantaginaceae,"Cymbalaria muralis G. Gaertn., B. Mey. & Scherb.*",ssp. muralis,Open,2,,,,,
Plantaginaceae,Digitalis purpurea L.*,var. purpurea,Open,12,,,,,
Plantaginaceae,Hippuris vulgaris L.,,Wetland,5,,,,,
Plantaginaceae,Linaria dalmatica (L.) Mill.*,ssp. dalmatica,Open,2,,,,,
Plantaginaceae,Linaria purpurea (L.) Mill.*,,Open,1,,,,,
Plantaginaceae,Linaria vulgaris Mill.*,,Open,1,,,,,
Plantaginaceae,Nuttallanthus texanus (Scheele) D.A. Sutton,,Open,1,,,,,
Plantaginaceae,Plantago elongata Pursh,,Shoreline,29,,,,,
Plantaginaceae,Plantago lanceolata L.*,,Open,73,,,,,
Plantaginaceae,Plantago major L.*,,Open,11,,,,,
Plantaginaceae,Plantago maritima L.,,Shoreline,107,,,,,
Plantaginaceae,Veronica americana Schwein. ex Benth.,,Wetland,7,,,,,
Plantaginaceae,Veronica arvensis L.*,,Open,66,,,,,
Plantaginaceae,Veronica chamaedrys L.*,,Open,1,,,,,
Plantaginaceae,Veronica filiformis Sm.*,,Open,1,,,,,
Plantaginaceae,Veronica officinalis L.*,,Open,5,,,,,
Plantaginaceae,Veronica peregrina L.,var. xalapensis,Wetland,5,,,,,
Plantaginaceae,Veronica persica Poir.*,,Open,1,,,,,
Plantaginaceae,Veronica scutellata L.,,Wetland,4,,,,,
Plantaginaceae,Veronica serpyllifolia L.,"var. humifusa, var. serpyllifolia",Wetland,11,,,,,
Plumbaginaceae,Armeria maritima (Mill.) Willd.,ssp. californica,Shoreline,42,,,,,
Poaceae,Achnatherum lemmonii (Vasey) Barkworth,ssp. lemmonii,Open,6,,,,,
Poaceae,Achnatherum nelsonii (Scribn.) Barkworth,ssp. dorei,Open,2,,,,,
Poaceae,Agrostis capillaris L.*,,Open,9,,,,,
Poaceae,Agrostis exarata Trin.,,Shoreline,28,,,,,
Poaceae,Agrostis gigantea Roth*,,Open,6,,,,,
Poaceae,Agrostis microphylla Steud.,,Wetland,1,,,,,
Poaceae,Agrostis pallens Trin.,,Open,6,,,,,
Poaceae,Agrostis scabra Willd.,,Open,4,,,,,
Poaceae,Agrostis stolonifera L.*,,Open,18,,,,,
Poaceae,Aira caryophyllea L.*,var. caryophyllea,Open,106,,,,,
Poaceae,Aira praecox L.*,,Open,123,,,,,
Poaceae,Alopecurus aequalis Sobol.,var. aequalis,Wetland,4,,,,,
Poaceae,Alopecurus geniculatus L.,,Wetland,4,,,,,
Poaceae,Alopecurus pratensis L.*,,Open,5,,,,,
Poaceae,Anthoxanthum odoratum L.*,,Open,25,,,,,
Poaceae,Arrhenatherum elatius (L.) P. Beauv. ex J. Presl & C. Presl*,"var. bulbosum, var. elatius",Open,4,,,,,
Poaceae,Avena barbata Pott ex Link*,,Open,4,,,,,
Poaceae,Avena fatua L.*,,Open,2,,,,,
Poaceae,Avena sativa L.*,,Open,1,,,,,
Poaceae,Bromus commutatus Schrad.*,,Open,4,,,,,
Poaceae,Bromus diandrus Roth*,,Open,106,,,,,
Poaceae,Bromus hordeaceus L.*,,Open,124,,,,,
Poaceae,Bromus pacificus Shear,,Forest,30,,,,,
Poaceae,Bromus sitchensis Trin.,"var. carinatus, var. marginatus, var. sitchensis",Forest,104,,,,,
Poaceae,Bromus sterilis L.*,,Open,77,,,,,
Poaceae,Bromus tectorum L.*,,Open,60,,,,,
Poaceae,Bromus vulgaris (Hook.) Shear,,Forest,16,,,,,
Poaceae,Calamagrostis canadensis (Michx.) P. Beauv.,,Wetland,1,,,,,
Poaceae,Calamagrostis stricta (Timm) Koeler,ssp. inexpansa,Wetland,1,,,,,
Poaceae,Cynosurus cristatus L.*,,Open,6,,,,,
Poaceae,Cynosurus echinatus L.*,,Open,26,,,,,
Poaceae,Dactylis glomerata L.*,,Open,72,,,,,
Poaceae,Danthonia californica Bol.,,Open,13,,,,,
Poaceae,Danthonia spicata (L.) P. Beauv. ex Roem. & Schult.,,Open,1,,,,,
Poaceae,Deschampsia caespitosa (L.) P. Beauv.,,Wetland,4,,,,,
Poaceae,Deschampsia danthonioides (Trin.) Munro,,Wetland,1,,,,,
Poaceae,Deschampsia elongata (Hook.) Munro,,Wetland,3,,,,,
Poaceae,Distichlis spicata (L.) Greene,,Shoreline,68,,,,,
Poaceae,Elymus elymoides (Raf.) Swezey,ssp. brevifolius,Open,1,,,,,
Poaceae,Elymus glaucus Buckley,ssp. glaucus,Open,90,,,,,
Poaceae,Elymus repens (L.) Gould*,,Open,12,,,,,
Poaceae,Elymus trachycaulus (Link) Gould ex Shinners,ssp. trachycaulus,Open,13,,,,,
Poaceae,Festuca occidentalis Hook.,,Forest,38,,,,,
Poaceae,Festuca roemeri (Pavlick) E.B. Alexeev,var. roemeri,Open,14,,,,,
Poaceae,Festuca rubra L.,,Open,141,,,,,
Poaceae,Festuca subulata Trin.,,Forest,4,,,,,
Poaceae,Festuca subuliflora Scribn.,,Forest,7,,,,,
Poaceae,Festuca trachyphylla (Hack.) Krajina*,,Open,1,,,,,
Poaceae,Glyceria borealis (Nash) Batch.,,Wetland,3,,,,,
Poaceae,Glyceria elata (Nash) M.E. Jones,,Wetland,2,,,,,
Poaceae,Glyceria occidentalis (Piper) J.C. Nelson,,Wetland,1,,,,,
Poaceae,Holcus lanatus L.*,,Open,78,,,,,
Poaceae,Holcus mollis L.*,ssp. mollis,Open,1,,,,,
Poaceae,Hordeum brachyantherum Nevski,,Shoreline,43,,,,,
Poaceae,Hordeum depressum (Scribn. & J.G. Sm.) Rydb.,,Shoreline,6,,,,,
Poaceae,Hordeum jubatum L.,ssp. Intermedium,Shoreline,4,,,,,
Poaceae,Hordeum marinum Huds.*,ssp. gussoneanum,Shoreline,1,,,,,
Poaceae,Hordeum murinum L.*,"ssp. glaucum, ssp. leporinum, ssp. murinum",Shoreline,66,,,,,
Poaceae,Koeleria macrantha (Ledeb.) Schult.,,Open,61,,,,,
Poaceae,Leersia oryzoides (L.) Sw.,,Wetland,1,,,,,
Poaceae,Leymus mollis (Trin.) Pilg.,ssp. mollis,Shoreline,66,,,,,
Poaceae,Leymus vancouverensis (Vasey) Pilg.,,Shoreline,1,,,,,
Poaceae,Lolium multiflorum Lam.*,,Open,3,,,,,
Poaceae,Lolium perenne L.*,,Open,19,,,,,
Poaceae,Melica subulata (Griseb.) Scribn.,,Forest,38,,,,,
Poaceae,Panicum miliaceum L.*,ssp. millaceum,Open,1,,,,,
Poaceae,Phalaris arundinacea L.*,,Open,10,,,,,
Poaceae,Phleum pratense L.*,,Open,6,,,,,
Poaceae,Poa annua L.*,,Open,98,,,,,
Poaceae,Poa bulbosa L.*,ssp. vivipara,Open,26,,,,,
Poaceae,Poa compressa L.*,,Open,43,,,,,
Poaceae,Poa confinis Vasey,,Shoreline,12,,,,,
Poaceae,Poa howellii Vasey & Scribn.,,Forest,2,,,,,
Poaceae,Poa infirma Kunth*,,Shoreline,1,,,,,
Poaceae,Poa palustris L.*,,Open,3,,,,,
Poaceae,Poa pratensis L.*,,Open,80,,,,,
Poaceae,Poa secunda J. Presl,ssp. secunda,Open,5,,,,,
Poaceae,Poa trivialis L.*,,Open,5,,,,,
Poaceae,Polypogon monspeliensis (L.) Desf.*,,Shoreline,10,,,,,
Poaceae,Puccinellia nutkaensis (J. Presl) Fernald & Weath.,,Shoreline,91,,,,,
Poaceae,Puccinellia nuttalliana (Schult.) Hitchc.,,Shoreline,5,,,,,
Poaceae,Puccinellia pumila (Vasey) Hitchc.,,Shoreline,1,,,,,
Poaceae,Schedonorus arundinaceus (Schreb.) Dumort.*,,Open,30,,,,,
Poaceae,Schedonorus pratensis (Huds.) P. Beauv.*,,Open,2,,,,,
Poaceae,Secale cereale L.*,,Open,1,,,,,
Poaceae,Setaria pumila (Poir.) Roem. & Schult.*,,Open,1,,,,,
Poaceae,Thinopyrum ponticum (Podp.) Barkworth & D.R. Dewey*,,Open,1,,,,,
Poaceae,Torreyochloa pallida (Torr.) G.L. Church,var. pauciflora,Wetland,8,,,,,
Poaceae,Trisetum canescens Buckley,,Forest,17,,,,,
Poaceae,Trisetum cernuum Trin.,,Forest,10,,,,,
Poaceae,Vulpia bromoides (L.) Gray*,,Open,107,,,,,
Poaceae,Vulpia microstachys (Nutt.) Munro,var. pauciflora,Forest,10,,,,,
Poaceae,Vulpia myuros (L.) C.C. Gmel.*,,Open,88,,,,,
Polemoniaceae,Collomia grandiflora Douglas ex Lindl.,,Open,1,,,,,
Polemoniaceae,Collomia heterophylla Douglas ex Hook.,,Forest,5,,,,,
Polemoniaceae,Collomia linearis Nutt.,,Open,1,,,,,
Polemoniaceae,Gilia capitata Sims,,Open,1,,,,,
Polemoniaceae,Leptosiphon bicolor Nutt.,,Open,3,,,,,
Polemoniaceae,Leptosiphon minimus (H. Mason) Battaglia,,Open,6,,,,,
Polemoniaceae,Microsteris gracilis (Hook.) Greene,,Open,1,,,,,
Polemoniaceae,Navarretia intertexta (Benth.) Hook.,,Open,3,,,,,
Polemoniaceae,Navarretia squarrosa (Eschsch.) Hook. & Arn.,,Open,3,,,,,
Polemoniaceae,Polemonium pulcherrimum Hook.,var. pulcherrimum,Open,2,,,,,
Polygonaceae,Fallopia bohemica (Chrtek & Chrtková) J.P. Bailey*,,Open,3,,,,,
Polygonaceae,Fallopia convolvulus (L.) Á. Löve*,,Open,2,,,,,
Polygonaceae,Fallopia japonica (Houtt.) Ronse Decr.*,,Open,2,,,,,
Polygonaceae,Persicaria amphibia (L.) Gray,,Wetland,5,,,,,
Polygonaceae,Persicaria hydropiper (L.) Spach*,,Wetland,1,,,,,
Polygonaceae,Persicaria maculosa Gray*,,Open,2,,,,,
Polygonaceae,Polygonum aviculare L.*,"ssp. aviculare, ssp.buxiforme, ssp. depressum",Shoreline,56,,,,,
Polygonaceae,Polygonum douglasii Greene,,Shoreline,4,,,,,
Polygonaceae,Polygonum erectum L.,,Shoreline,1,,,,,
Polygonaceae,Polygonum fowleri B.L. Rob.,ssp. fowleri,Shoreline,6,,,,,
Polygonaceae,Polygonum minimum S. Watson,,Open,1,,,,,
Polygonaceae,Polygonum nuttallii Small,,Open,2,,,,,
Polygonaceae,Polygonum paronychia Cham. & Schltdl.,,Shoreline,1,,,,,
Polygonaceae,Polygonum spergulariiforme Meisn. ex Small,,Shoreline,68,,,,,
Polygonaceae,Rumex acetosella L.*,,Open,78,,,,,
Polygonaceae,Rumex conglomeratus Murray*,,Shoreline,6,,,,,
Polygonaceae,Rumex crispus L.*,,Shoreline,28,,,,,
Polygonaceae,Rumex maritimus L.,ssp. fueginus,Shoreline,3,,,,,
Polygonaceae,Rumex obtusifolius L.*,,Shoreline,5,,,,,
Polygonaceae,Rumex occidentalis S. Watson,var. occidentalis,Shoreline,11,,,,,
Polygonaceae,Rumex salicifolius Weinm.,"var. transitorius, var. triangulivalvis",Shoreline,22,,,,,
Polypodiaceae,Polypodium amorphum Suksd.,,Forest,3,,,,,
Polypodiaceae,Polypodium glycyrrhiza D.C. Eaton,,Open,86,,,,,
Potamogetonaceae,Potamogeton amplifolius Tuck.,,Wetland,2,,,,,
Potamogetonaceae,Potamogeton berchtoldii Fieber,,Wetland,1,,,,,
Potamogetonaceae,Potamogeton crispus L.*,,Wetland,1,,,,,
Potamogetonaceae,Potamogeton epihydrus Raf.,,Wetland,2,,,,,
Potamogetonaceae,Potamogeton foliosus Raf.,,Wetland,3,,,,,
Potamogetonaceae,Potamogeton friesii Rupr.,,Wetland,2,,,,,
Potamogetonaceae,Potamogeton gramineus L.,,Wetland,3,,,,,
Potamogetonaceae,Potamogeton illinoensis Morong,,Wetland,1,,,,,
Potamogetonaceae,Potamogeton natans L.,,Wetland,4,,,,,
Potamogetonaceae,Potamogeton obtusifolius Mertens & W.D.J. Koch,,Wetland,2,,,,,
Potamogetonaceae,Potamogeton praelongus Wulfen,,Wetland,4,,,,,
Potamogetonaceae,Potamogeton pusillus L.,,Wetland,1,,,,,
Potamogetonaceae,Potamogeton richardsonii (A. Benn.) Rydb.,,Wetland,2,,,,,
Potamogetonaceae,Potamogeton robbinsii Oakes,,Wetland,2,,,,,
Potamogetonaceae,Potamogeton zosteriformis Fernald,,Wetland,4,,,,,
Potamogetonaceae,Stuckenia pectinata (L.) Borner,,Wetland,2,,,,,
Primulaceae,Cyclamen hederifolium Aiton*,,Forest,1,,,,,
Primulaceae,Dodecatheon hendersonii A. Gray,,Open,3,,,,,
Primulaceae,Dodecatheon pulchellum (Raf.) Merr.,var. pulchellum,Open,18,,,,,
Primulaceae,Lysimachia arvensis (L.) U. Manns & Anderb.*,,Open,6,,,,,
Primulaceae,Lysimachia europaea (L.) U. Manns & Anderb.,,Forest,4,,,,,
Primulaceae,Lysimachia latifolia (Hook.) Cholewa,,Forest,36,,,,,
Primulaceae,"Lysimachia maritima (L.) Galasso, Banfi & Soldano",,Forest,2,,,,,
Primulaceae,Lysimachia nummularia L.*,,Forest,1,,,,,
Primulaceae,Lysimachia thyrsiflora L.,,Forest,2,,,,,
Pteridaceae,Adiantum aleuticum (Rupr.) Paris,var. aleuticum,Forest,5,,,,,
Pteridaceae,Aspidotis densa (Brack.) Lellinger,,Open,7,,,,,
Pteridaceae,Cryptogramma acrostichoides R. Br.,,Forest,4,,,,,
Pteridaceae,"Pentagramma triangularis (Kaulf.) Yatsk., Windham & E. Wollenw.",,Forest,17,,,,,
Ranunculaceae,Anemone lyallii Britton,,Open,2,,,,,
Ranunculaceae,Aquilegia formosa Fisch. ex DC.,var. formosa,Open,7,,,,,
Ranunculaceae,Aquilegia vulgaris L.*,,Open,3,,,,,
Ranunculaceae,Clematis vitalba L.*,,Open,4,,,,,
Ranunculaceae,Delphinium consolida L.*,,Open,1,,,,,
Ranunculaceae,Delphinium menziesii DC.,,Open,12,,,,,
Ranunculaceae,Ficaria verna Huds.*,,Open,2,,,,,
Ranunculaceae,Halerpestes cymbalaria (Pursh) Greene,,Shoreline,2,,,,,
Ranunculaceae,Helleborus foetidus L.*,,Forest,2,,,,,
Ranunculaceae,Myosurus minimus L.,,Open,28,,,,,
Ranunculaceae,Ranunculus acris L.*,,Open,4,,,,,
Ranunculaceae,Ranunculus aquatilis L.,var. diffusus,Wetland,2,,,,,
Ranunculaceae,Ranunculus californicus Benth.,,Open,10,,,,,
Ranunculaceae,Ranunculus californicus x R. occidentalis ,,Open,8,,,,,
Ranunculaceae,Ranunculus flammula L.,"var. ovalis, var. reptans",Wetland,3,,,,,
Ranunculaceae,Ranunculus macounii Britton,,Wetland,2,,,,,
Ranunculaceae,Ranunculus occidentalis Nutt.,var. occidentalis,Open,52,,,,,
Ranunculaceae,Ranunculus repens L.*,,Open,8,,,,,
Ranunculaceae,Ranunculus sardous Crantz*,,Open,1,,,,,
Ranunculaceae,Ranunculus sceleratus L.,var. multifidus,Wetland,2,,,,,
Ranunculaceae,Ranunculus uncinatus D. Don,,Forest,12,,,,,
Rhamnaceae,Frangula purshiana (DC.) A. Gray ex J.G. Cooper,,Forest,3,,,,,
Rosaceae,Amelanchier alnifolia (Nutt.) Nutt. ex M. Roem.,,Forest,77,,,,,
Rosaceae,Aphanes arvensis L.*,,Open,22,,,,,
Rosaceae,Aphanes australis Rydb.*,,Open,40,,,,,
Rosaceae,Aphanes occidentalis (Nutt.) Rydb.,,Open,42,,,,,
Rosaceae,Comarum palustre L.,,Wetland,3,,,,,
Rosaceae,Cotoneaster dielsianus E. Pritz. ex Diels*,,Open,4,,,,,
Rosaceae,Cotoneaster franchetii Bois*,,Open,3,,,,,
Rosaceae,Cotoneaster horizontalis Decne.*,,Open,6,,,,,
Rosaceae,Cotoneaster lacteus W.W. Sm.*,,Open,1,,,,,
Rosaceae,Cotoneaster rehderi Pojark.*,,Open,1,,,,,
Rosaceae,Cotoneaster simonsii Baker*,,Open,3,,,,,
Rosaceae,Crataegus douglasii Lindl.,,Forest,4,,,,,
Rosaceae,Crataegus gaylussacia A. Heller,,Forest,2,,,,,
Rosaceae,Crataegus monogyna Jacq.*,var. monogyna,Open,20,,,,,
Rosaceae,Drymocallis glandulosa (Lindl.) Rydb.,ssp. glandulosa,Open,1,,,,,
Rosaceae,Fragaria chiloensis (L.) Mill.,,Shoreline,6,,,,,
Rosaceae,Fragaria vesca L.,ssp. californica,Forest,31,,,,,
Rosaceae,Fragaria virginiana Mill.,ssp. glauca,Open,35,,,,,
Rosaceae,Geum macrophyllum Willd.,,Forest,13,,,,,
Rosaceae,Holodiscus discolor (Pursh) Maxim.,var. discolor,Forest,76,,,,,
Rosaceae,Malus domestica (Suckow) Borkh.*,,Open,17,,,,,
Rosaceae,Malus fusca (Raf.) C.K. Schneid.,,Forest,42,,,,,
Rosaceae,Malus xdawsoniana Rehder.*,,Open,1,,,,,
Rosaceae,Oemleria cerasiformis (Torr. & A. Gray ex Hook. & Arn.) J.W. Landon,,Forest,7,,,,,
Rosaceae,Physocarpus capitatus (Pursh) Kuntze,,Forest,3,,,,,
Rosaceae,Potentilla anserina L.,"ssp. anserina, ssp. pacifica",Wetland,24,,,,,
Rosaceae,Potentilla argentea L.,,Open,1,,,,,
Rosaceae,Potentilla gracilis Douglas ex Hook.,,Open,1,,,,,
Rosaceae,Potentilla recta L.*,,Open,2,,,,,
Rosaceae,Poterium sanguisorba L.*,var. polygamum,Open,1,,,,,
Rosaceae,Prunus avium (L.) L.*,,Open,10,,,,,
Rosaceae,Prunus cerasifera Ehrh.*,,Open,7,,,,,
Rosaceae,Prunus cerasus L.*,,Open,3,,,,,
Rosaceae,Prunus domestica L.*,,Open,6,,,,,
Rosaceae,Prunus emarginata (Douglas) Eaton,,Forest,39,,,,,
Rosaceae,Prunus laurocerasus L.*,,Open,2,,,,,
Rosaceae,Prunus lusitanica L.*,,Open,1,,,,,
Rosaceae,Prunus mahaleb L.*,,Open,6,,,,,
Rosaceae,Prunus pugetensis Jacobson & Zika*,,Open,1,,,,,
Rosaceae,Prunus virginiana L.,,Forest,10,,,,,
Rosaceae,Pyracantha coccinea M. Roem.*,,Open,2,,,,,
Rosaceae,Pyrus communis L.*,,Open,9,,,,,
Rosaceae,Pyrus nivalis Jacq.*,,Open,1,,,,,
Rosaceae,Rosa canina L.*,,Open,2,,,,,
Rosaceae,Rosa gymnocarpa Nutt.,ssp. gymnocarpa,Forest,38,,,,,
Rosaceae,Rosa nutkana C. Presl,ssp. nutkana,Open,106,,,,,
Rosaceae,Rosa pisocarpa A. Gray,var. pisocarpa,Forest,2,,,,,
Rosaceae,Rosa rubiginosa L.*,,Open,7,,,,,
Rosaceae,Rosa rugosa Thunb.*,,Open,2,,,,,
Rosaceae,Rubus bifrons Vest*,,Open,41,,,,,
Rosaceae,Rubus laciniatus Willd.*,,Open,14,,,,,
Rosaceae,Rubus leucodermis Douglas ex Torr. & A. Gray,,Forest,13,,,,,
Rosaceae,Rubus nutkanus Moc. ex Ser.,,Forest,19,,,,,
Rosaceae,Rubus spectabilis Pursh,,Forest,20,,,,,
Rosaceae,Rubus ursinus Cham. & Schltdl.,,Open,82,,,,,
Rosaceae,Sorbaria kirilowii (Regel) Maxim.*,,Forest,1,,,,,
Rosaceae,Sorbus aucuparia L.*,,Open,9,,,,,
Rosaceae,Sorbus hybrida L.*,,Open,1,,,,,
Rosaceae,Sorbus intermedia (Ehrh.) Pers.*,,Open,7,,,,,
Rosaceae,Spiraea douglasii Hook.,,Wetland,8,,,,,
Rubiaceae,Galium aparine L.,,Forest,95,,,,,
Rubiaceae,Galium boreale L.,,Forest,2,,,,,
Rubiaceae,Galium divaricatum Pourr. ex Lam.*,,Open,2,,,,,
Rubiaceae,Galium murale (L.) All.*,,Open,2,,,,,
Rubiaceae,Galium odoratum (L.) Scop.*,,Forest,3,,,,,
Rubiaceae,Galium palustre L.,,Forest,2,,,,,
Rubiaceae,Galium trifidum L.,,Forest,5,,,,,
Rubiaceae,Galium triflorum Michx.,,Forest,18,,,,,
Rubiaceae,Sherardia arvensis L.*,,Open,8,,,,,
Ruppiaceae,Ruppia maritima L.,,Shoreline,3,,,,,
Salicaceae,Populus alba L.*,,Open,2,,,,,
Salicaceae,Populus tremuloides Michx.,,Forest,8,,,,,
Salicaceae,Populus trichocarpa Torr. & A. Gray,,Forest,7,,,,,
Salicaceae,Salix geyeriana Andersson,,Wetland,1,,,,,
Salicaceae,Salix hookeriana Barratt ex Hook.,,Wetland,8,,,,,
Salicaceae,Salix lasiandra Benth.,var. lasiandra,Wetland,10,,,,,
Salicaceae,Salix prolixa Andersson,,Wetland,2,,,,,
Salicaceae,Salix scouleriana Barratt ex Hook.,,Forest,47,,,,,
Salicaceae,Salix sitchensis Sanson ex Bong.,,Wetland,7,,,,,
Santalaceae,Arceuthobium tsugense (Rosend.) G.N. Jones,ssp. contortae,Forest,3,,,,,
Sapindaceae,Acer glabrum Torr.,ssp. douglasii,Forest,22,,,,,
Sapindaceae,Acer macrophyllum Pursh,,Forest,24,,,,,
Saxifragaceae,Heuchera micrantha Douglas ex Lindl.,var. diversifolia,Forest,75,,,,,
Saxifragaceae,Lithophragma glabrum Nutt.,,Open,2,,,,,
Saxifragaceae,Lithophragma parviflorum (Hook.) Nutt.,,Open,40,,,,,
Saxifragaceae,Micranthes integrifolia (Hook.) Small,,Open,19,,,,,
Saxifragaceae,Micranthes rufidula Small,,Open,1,,,,,
Saxifragaceae,Saxifraga austromontana Wiegand,,Open,4,,,,,
Saxifragaceae,Saxifraga cespitosa L.,,Shoreline,42,,,,,
Saxifragaceae,Tellima grandiflora (Pursh) Douglas ex Lindl.,,Forest,18,,,,,
Saxifragaceae,Tiarella trifoliata L.,"var. laciniata, var.  trifoliata, var. unifoliata",Forest,11,,,,,
Scrophulariaceae,Verbascum blattaria L.*,,Open,1,,,,,
Scrophulariaceae,Verbascum thapsus L.*,,Open,10,,,,,
Selaginellaceae,Selaginella wallacei Hieron.,,Open,78,,,,,
Solanaceae,Solanum dulcamara L.*,,Open,5,,,,,
Solanaceae,Solanum physalifolium Rusby*,,Open,1,,,,,
Solanaceae,Solanum triflorum Nutt.*,,Open,1,,,,,
Taxaceae,Taxus brevifolia Nutt.,,Forest,30,,,,,
Thymelaeaceae,Daphne laureola L.*,,Open,13,,,,,
Typhaceae,Sparganium angustifolium Michx.,,Wetland,4,,,,,
Typhaceae,Sparganium emersum Rehmann,,Wetland,2,,,,,
Typhaceae,Sparganium eurycarpum Engelm.,,Wetland,1,,,,,
Typhaceae,Typha angustifolia L.*,,Wetland,3,,,,,
Typhaceae,Typha latifolia L.,,Wetland,9,,,,,
Ulmaceae,Ulmus procera Salisb.*,,Forest,3,,,,,
Urticaceae,Urtica dioica L.,ssp. gracilis,Forest,38,,,,,
Urticaceae,Urtica urens L.*,,Open,1,,,,,
Valerianaceae,Centranthus ruber (L.) DC.*,,Open,1,,,,,
Valerianaceae,Plectritis brachystemon Fisch. & C.A. Mey.,,Open,3,,,,,
Valerianaceae,Plectritis congesta (Lindl.) DC.,,Open,68,,,,,
Valerianaceae,Valeriana scouleri Rydb.,,Forest,3,,,,,
Valerianaceae,Valerianella locusta (L.) Laterr.*,,Open,4,,,,,
Violaceae,Viola adunca Sm.,,Open,3,,,,,
Violaceae,Viola glabella Nutt.,,Forest,2,,,,,
Violaceae,Viola howellii A. Gray,,Forest,2,,,,,
Violaceae,Viola langsdorffii Fisch. ex Ging.,,Wetland,1,,,,,
Violaceae,Viola macloskeyi F.E. Lloyd,,Wetland,1,,,,,
Violaceae,Viola odorata L.*,,Forest,1,,,,,
Violaceae,Viola palustris L.,,Wetland,1,,,,,
Violaceae,Viola sempervirens Greene,,Forest,2,,,,,
Vitaceae,Vitis labrusca L.*,,Forest,2,,,,,
Vitaceae,Vitis vinifera L.*,,Open,1,,,,,
Woodsiaceae,Woodsia oregana D.C. Eaton,ssp. oregana,Forest,1,,,,,
Woodsiaceae,Woodsia scopulina D.C. Eaton,"ssp. laurentiana, ssp. scopulina",Forest,3,,,,,