iNaturalist taxon name,iNaturalist taxon ID,Taxon name,Author,Observation count,Coordinates,Kingdom,Phylum,Subphylum,Superclass,Class,Subclass,Superorder,Order,Suborder,Infraorder,Superfamily,Family,Subfamily,Tribe,Genus,Species,First Reported By,First Source,First Place Name,First Catalogue Number,First observationId,First Date Reported,Last Reported By,Last Source,Last Place Name,Last Catalogue Number,Last observationId,Last Date Reported
Abietinaria,55322,Abietinaria spp.,,78,"{""imerss.org:PMLS:236"":null,""imerss.org:PMLS:290"":null,""imerss.org:PMLS:378"":null,""imerss.org:PMLS:624"":null,""imerss.org:PMLS:780"":null,""imerss.org:PMLS:858"":null,""imerss.org:PMLS:1013"":null,""imerss.org:PMLS:1219"":null,""imerss.org:PMLS:1383"":null,""imerss.org:PMLS:1473"":null,""imerss.org:PMLS:1572"":null,""imerss.org:PMLS:1670"":null,""imerss.org:PMLS:1841"":null,""imerss.org:PMLS:1996"":null,""imerss.org:PMLS:2086"":null,""imerss.org:PMLS:2190"":null,""imerss.org:PMLS:2390"":null,""imerss.org:PMLS:2489"":null,""imerss.org:PMLS:2570"":null,""imerss.org:PMLS:2662"":null,""imerss.org:PMLS:2870"":null,""imerss.org:PMLS:3013"":null,""imerss.org:PMLS:3114"":null,""imerss.org:PMLS:3196"":null,""imerss.org:PMLS:3398"":null,""imerss.org:PMLS:3530"":null,""imerss.org:PMLS:3997"":null,""imerss.org:PMLS:4220"":null,""imerss.org:PMLS:4420"":null,""imerss.org:PMLS:4510"":null,""imerss.org:PMLS:4725"":null,""imerss.org:PMLS:5294"":null,""imerss.org:PMLS:5374"":null,""imerss.org:PMLS:5653"":null,""imerss.org:PMLS:5852"":null,""imerss.org:PMLS:6743"":null,""imerss.org:PMLS:6856"":null,""imerss.org:PMLS:7280"":null,""imerss.org:PMLS:7822"":null,""imerss.org:PMLS:7913"":null,""imerss.org:PMLS:8011"":null,""imerss.org:PMLS:8118"":null,""imerss.org:PMLS:8574"":null,""imerss.org:PMLS:8663"":null,""imerss.org:PMLS:8845"":null,""imerss.org:PMLS:9082"":null,""imerss.org:PMLS:9529"":null,""imerss.org:PMLS:9637"":null,""imerss.org:PMLS:10553"":null,""imerss.org:PMLS:10968"":null,""imerss.org:PMLS:11419"":null,""imerss.org:PMLS:11612"":null,""imerss.org:PMLS:11809"":null,""imerss.org:PMLS:11904"":null,""imerss.org:PMLS:12445"":null,""imerss.org:PMLS:12630"":null,""imerss.org:PMLS:12711"":null,""imerss.org:PMLS:12828"":null,""imerss.org:PMLS:13154"":null,""imerss.org:PMLS:13284"":null,""imerss.org:PMLS:13396"":null,""imerss.org:PMLS:13564"":null,""imerss.org:PMLS:14179"":null,""imerss.org:PMLS:14367"":null,""imerss.org:PMLS:14638"":null,""imerss.org:PMLS:14740"":null,""imerss.org:PMLS:14841"":null,""imerss.org:PMLS:15159"":null,""imerss.org:PMLS:15255"":null,""imerss.org:PMLS:15799"":null,""imerss.org:PMLS:16044"":null,""imerss.org:PMLS:16587"":null,""imerss.org:PMLS:16905"":null,""imerss.org:PMLS:17283"":null,""imerss.org:PMLS:17477"":null,""imerss.org:PMLS:17585"":null,""imerss.org:PMLS:17706"":null,""imerss.org:PMLS:17823"":null}",Animalia,Cnidaria,,,Hydrozoa,Hydroidolina,,Leptothecata,,,Sertularioidea,Sertulariidae,,,Abietinaria,,Andy Lamb,,,,imerss.org:PMLS:236,1981-05-31T00:00:00.000Z,Andy Lamb,,,,imerss.org:PMLS:17823,2017-03-18T00:00:00.000Z
Aequorea victoria,325995,Aequorea victoria s.lat.,,17,"{""imerss.org:iNat:7648048"":null,""imerss.org:iNat:6391046"":null,""imerss.org:iNat:6570913"":null,""imerss.org:iNat:7647290"":null,""imerss.org:iNat:12970659"":null,""imerss.org:iNat:24714763"":null,""imerss.org:iNat:45326890"":null,""imerss.org:iNat:57225189"":null,""imerss.org:iNat:69845921"":null,""imerss.org:iNat:74605863"":null,""imerss.org:iNat:80006205"":null,""imerss.org:iNat:82260700"":null,""imerss.org:iNat:82346030"":null,""imerss.org:iNat:84398159"":null,""imerss.org:iNat:84493486"":null,""imerss.org:iNat:128747908"":null,""imerss.org:iNat:129488318"":null}",Animalia,Cnidaria,,,Hydrozoa,Hydroidolina,,Leptothecata,,,,Aequoreidae,,,Aequorea,victoria,Karolle Wall,,,,imerss.org:iNat:7648048,2017-05-26T00:00:00.000Z,Dave Zeuss Cochrane,,,,imerss.org:iNat:129488318,2022-08-04T00:00:00.000Z
Aglaophenia,51218,Aglaophenia spp.,,29,"{""imerss.org:PMLS:100"":null,""imerss.org:PMLS:289"":null,""imerss.org:PMLS:377"":null,""imerss.org:PMLS:476"":null,""imerss.org:PMLS:623"":null,""imerss.org:PMLS:702"":null,""imerss.org:PMLS:781"":null,""imerss.org:PMLS:857"":null,""imerss.org:PMLS:1220"":null,""imerss.org:PMLS:1382"":null,""imerss.org:PMLS:2744"":null,""imerss.org:PMLS:2869"":null,""imerss.org:PMLS:3195"":null,""imerss.org:PMLS:3904"":null,""imerss.org:PMLS:5755"":null,""imerss.org:PMLS:5983"":null,""imerss.org:PMLS:6080"":null,""imerss.org:PMLS:6484"":null,""imerss.org:PMLS:6742"":null,""imerss.org:PMLS:7515"":null,""imerss.org:PMLS:7821"":null,""imerss.org:PMLS:8844"":null,""imerss.org:PMLS:10181"":null,""imerss.org:PMLS:10814"":null,""imerss.org:PMLS:10967"":null,""imerss.org:PMLS:13283"":null,""imerss.org:PMLS:15158"":null,""imerss.org:PMLS:15466"":null,""imerss.org:PMLS:17282"":null}",Animalia,Cnidaria,,,Hydrozoa,Hydroidolina,,Leptothecata,,,Plumularioidea,Aglaopheniidae,,,Aglaophenia,,Andy Lamb,,,,imerss.org:PMLS:100,1971-08-21T00:00:00.000Z,Andy Lamb,,,,imerss.org:PMLS:17282,2016-03-27T00:00:00.000Z
Alcyonium,338004,Alcyonium sp.,,98,"{""imerss.org:PMLS:474"":null,""imerss.org:PMLS:784"":null,""imerss.org:PMLS:855"":null,""imerss.org:PMLS:1224"":null,""imerss.org:PMLS:1380"":null,""imerss.org:PMLS:1570"":null,""imerss.org:PMLS:2193"":null,""imerss.org:PMLS:3116"":null,""imerss.org:PMLS:3396"":null,""imerss.org:PMLS:3527"":null,""imerss.org:PMLS:3668"":null,""imerss.org:PMLS:3781"":null,""imerss.org:PMLS:4219"":null,""imerss.org:PMLS:4336"":null,""imerss.org:PMLS:4616"":null,""imerss.org:PMLS:4723"":null,""imerss.org:PMLS:4851"":null,""imerss.org:PMLS:4953"":null,""imerss.org:PMLS:5048"":null,""imerss.org:PMLS:5182"":null,""imerss.org:PMLS:5651"":null,""imerss.org:PMLS:5752"":null,""imerss.org:PMLS:5850"":null,""imerss.org:PMLS:6200"":null,""imerss.org:PMLS:6296"":null,""imerss.org:PMLS:6389"":null,""imerss.org:PMLS:6564"":null,""imerss.org:PMLS:6978"":null,""imerss.org:PMLS:7119"":null,""imerss.org:PMLS:7277"":null,""imerss.org:PMLS:7397"":null,""imerss.org:PMLS:7514"":null,""imerss.org:PMLS:7609"":null,""imerss.org:PMLS:7721"":null,""imerss.org:PMLS:7912"":null,""imerss.org:PMLS:8115"":null,""imerss.org:PMLS:8211"":null,""imerss.org:PMLS:8292"":null,""imerss.org:PMLS:8479"":null,""imerss.org:PMLS:8661"":null,""imerss.org:PMLS:9177"":null,""imerss.org:PMLS:9326"":null,""imerss.org:PMLS:9527"":null,""imerss.org:PMLS:9635"":null,""imerss.org:PMLS:9759"":null,""imerss.org:PMLS:9877"":null,""imerss.org:PMLS:9982"":null,""imerss.org:PMLS:10091"":null,""imerss.org:PMLS:10414"":null,""imerss.org:PMLS:10550"":null,""imerss.org:PMLS:10675"":null,""imerss.org:PMLS:10811"":null,""imerss.org:PMLS:10964"":null,""imerss.org:PMLS:11107"":null,""imerss.org:PMLS:11191"":null,""imerss.org:PMLS:11281"":null,""imerss.org:PMLS:11417"":null,""imerss.org:PMLS:11514"":null,""imerss.org:PMLS:11610"":null,""imerss.org:PMLS:11714"":null,""imerss.org:PMLS:11806"":null,""imerss.org:PMLS:12098"":null,""imerss.org:PMLS:12197"":null,""imerss.org:PMLS:12288"":null,""imerss.org:PMLS:12524"":null,""imerss.org:PMLS:12627"":null,""imerss.org:PMLS:12708"":null,""imerss.org:PMLS:12825"":null,""imerss.org:PMLS:12952"":null,""imerss.org:PMLS:13049"":null,""imerss.org:PMLS:13152"":null,""imerss.org:PMLS:13281"":null,""imerss.org:PMLS:13481"":null,""imerss.org:PMLS:13561"":null,""imerss.org:PMLS:13661"":null,""imerss.org:PMLS:13782"":null,""imerss.org:PMLS:13864"":null,""imerss.org:PMLS:14364"":null,""imerss.org:PMLS:14544"":null,""imerss.org:PMLS:14637"":null,""imerss.org:PMLS:14738"":null,""imerss.org:PMLS:14838"":null,""imerss.org:PMLS:14953"":null,""imerss.org:PMLS:15048"":null,""imerss.org:PMLS:15578"":null,""imerss.org:PMLS:15696"":null,""imerss.org:PMLS:15798"":null,""imerss.org:PMLS:15914"":null,""imerss.org:PMLS:16043"":null,""imerss.org:PMLS:16584"":null,""imerss.org:PMLS:16902"":null,""imerss.org:iNat:2763485"":null,""imerss.org:PMLS:17052"":null,""imerss.org:PMLS:17103"":null,""imerss.org:PMLS:17280"":null,""imerss.org:PMLS:17476"":null,""imerss.org:PMLS:17583"":null,""imerss.org:PMLS:17968"":null}",Animalia,Cnidaria,,,Anthozoa,Octocorallia,,Malacalcyonacea,,,,Alcyoniidae,,,Alcyonium,,Andy Lamb,,,,imerss.org:PMLS:474,1985-12-07T00:00:00.000Z,Andy Lamb,,,,imerss.org:PMLS:17968,2017-06-30T00:00:00.000Z
Amphisbetia greenei,1353331,Amphisbetia greenei,"(Murray, 1860)",6,"{""imerss.org:PMLS:99"":null,""imerss.org:PMLS:383"":null,""imerss.org:PMLS:2874"":null,""imerss.org:PMLS:6746"":null,""imerss.org:PMLS:8847"":null,""imerss.org:PMLS:8925"":null}",Animalia,Cnidaria,,,Hydrozoa,Hydroidolina,,Leptothecata,,,Sertularioidea,Sertulariidae,,,Amphisbetia,greenei,Andy Lamb,,,,imerss.org:PMLS:99,1971-08-21T00:00:00.000Z,Andy Lamb,,,,imerss.org:PMLS:8925,2008-11-13T00:00:00.000Z
Anthopleura artemisia,51658,Anthopleura artemisia,"(Pickering in Dana, 1846)",43,"{""imerss.org:PMLS:2668"":null,""imerss.org:PMLS:4719"":null,""imerss.org:iNat:97205560"":null,""imerss.org:iNat:2976378"":null,""imerss.org:iNat:2976540"":null,""imerss.org:iNat:3325207"":null,""imerss.org:PMLS:16313"":null,""imerss.org:iNat:3706036"":null,""imerss.org:PMLS:17003"":null,""imerss.org:iNat:3910091"":null,""imerss.org:iNat:7648113"":null,""imerss.org:iNat:10279823"":null,""imerss.org:iNat:15702551"":null,""imerss.org:iNat:24237919"":null,""imerss.org:iNat:24518546"":null,""imerss.org:iNat:24631571"":null,""imerss.org:iNat:24689042"":null,""imerss.org:iNat:24713902"":null,""imerss.org:iNat:24714310"":null,""imerss.org:iNat:24714367"":null,""imerss.org:iNat:26064868"":null,""imerss.org:iNat:24697883"":null,""imerss.org:iNat:24771925"":null,""imerss.org:iNat:24870089"":null,""imerss.org:iNat:24915244"":null,""imerss.org:iNat:24941638"":null,""imerss.org:iNat:26683726"":null,""imerss.org:iNat:38737601"":null,""imerss.org:iNat:44950135"":null,""imerss.org:iNat:57301354"":null,""imerss.org:iNat:57789768"":null,""imerss.org:iNat:63401517"":null,""imerss.org:iNat:68195081"":null,""imerss.org:iNat:70072470"":null,""imerss.org:iNat:70798961"":null,""imerss.org:iNat:72245213"":null,""imerss.org:iNat:72245216"":null,""imerss.org:iNat:76342966"":null,""imerss.org:iNat:103178038"":null,""imerss.org:iNat:107703455"":null,""imerss.org:iNat:107704724"":null,""imerss.org:iNat:114358492"":null,""imerss.org:iNat:116239555"":null}",Animalia,Cnidaria,,,Anthozoa,Hexacorallia,,Actiniaria,Enthemonae,,Actinioidea,Actiniidae,,,Anthopleura,artemisia,Charlie Gibbs,,,,imerss.org:PMLS:2668,1996-09-29T00:00:00.000Z,Clare Kilgour,,,,imerss.org:iNat:116239555,2022-05-07T00:00:00.000Z
Anthopleura elegantissima,52564,Anthopleura elegantissima,"(Brandt, 1835)",54,"{""imerss.org:PMLS:472"":null,""imerss.org:PMLS:1009"":null,""imerss.org:PMLS:2785"":null,""imerss.org:PMLS:3192"":null,""imerss.org:PMLS:6561"":null,""imerss.org:PMLS:6975"":null,""imerss.org:PMLS:9755"":null,""imerss.org:PMLS:13657"":null,""imerss.org:PMLS:15154"":null,""imerss.org:iNat:3328198"":null,""imerss.org:iNat:2599298"":null,""imerss.org:iNat:2580645"":null,""imerss.org:iNat:3734802"":null,""imerss.org:PMLS:17276"":null,""imerss.org:iNat:3706035"":null,""imerss.org:iNat:4021633"":null,""imerss.org:iNat:4021634"":null,""imerss.org:iNat:6309359"":null,""imerss.org:iNat:7659297"":null,""imerss.org:iNat:21351413"":null,""imerss.org:iNat:21351431"":null,""imerss.org:iNat:24352848"":null,""imerss.org:iNat:24352860"":null,""imerss.org:iNat:24768184"":null,""imerss.org:iNat:24711797"":null,""imerss.org:iNat:43555559"":null,""imerss.org:iNat:44481410"":null,""imerss.org:iNat:47178343"":null,""imerss.org:iNat:63401513"":null,""imerss.org:iNat:71173036"":null,""imerss.org:iNat:77993508"":null,""imerss.org:iNat:83994121"":null,""imerss.org:iNat:83994390"":null,""imerss.org:iNat:84010440"":null,""imerss.org:iNat:84498458"":null,""imerss.org:iNat:84499477"":null,""imerss.org:iNat:84597952"":null,""imerss.org:iNat:84819120"":null,""imerss.org:iNat:86788011"":null,""imerss.org:iNat:89818408"":null,""imerss.org:iNat:91782163"":null,""imerss.org:iNat:92278426"":null,""imerss.org:iNat:101350849"":null,""imerss.org:iNat:102568770"":null,""imerss.org:iNat:102592136"":null,""imerss.org:iNat:105986649"":null,""imerss.org:iNat:106714624"":null,""imerss.org:iNat:107676332"":null,""imerss.org:iNat:107678563"":null,""imerss.org:iNat:111023655"":null,""imerss.org:iNat:120232149"":null,""imerss.org:iNat:124076147"":null,""imerss.org:iNat:132723829"":null,""imerss.org:iNat:137665814"":null}",Animalia,Cnidaria,,,Anthozoa,Hexacorallia,,Actiniaria,Enthemonae,,Actinioidea,Actiniidae,,,Anthopleura,elegantissima,Andy Lamb,,,,imerss.org:PMLS:472,1985-12-07T00:00:00.000Z,Paul Grieve,,,,imerss.org:iNat:137665814,2022-10-04T00:00:00.000Z
Aurelia labiata,130235,Aurelia labiata,"Chamisso & Eysenhardt, 1821",45,"{""imerss.org:PMLS:2490"":null,""imerss.org:PMLS:2664"":null,""imerss.org:PMLS:3016"":null,""imerss.org:PMLS:3312"":null,""imerss.org:PMLS:3402"":null,""imerss.org:PMLS:3786"":null,""imerss.org:PMLS:3999"":null,""imerss.org:PMLS:4112"":null,""imerss.org:PMLS:4511"":null,""imerss.org:PMLS:4728"":null,""imerss.org:PMLS:4854"":null,""imerss.org:PMLS:5049"":null,""imerss.org:PMLS:5188"":null,""imerss.org:PMLS:7827"":null,""imerss.org:PMLS:8016"":null,""imerss.org:PMLS:8218"":null,""imerss.org:PMLS:8298"":null,""imerss.org:PMLS:8386"":null,""imerss.org:PMLS:8481"":null,""imerss.org:PMLS:10560"":null,""imerss.org:PMLS:12101"":null,""imerss.org:PMLS:12448"":null,""imerss.org:PMLS:13482"":null,""imerss.org:PMLS:13568"":null,""imerss.org:PMLS:13669"":null,""imerss.org:PMLS:13788"":null,""imerss.org:PMLS:15803"":null,""imerss.org:PMLS:16227"":null,""imerss.org:PMLS:16397"":null,""imerss.org:iNat:3706338"":null,""imerss.org:iNat:3664554"":null,""imerss.org:PMLS:17482"":null,""imerss.org:iNat:7647283"":null,""imerss.org:PMLS:17972"":null,""imerss.org:iNat:7581730"":null,""imerss.org:PMLS:18137"":null,""imerss.org:iNat:14623292"":null,""imerss.org:iNat:26605367"":null,""imerss.org:iNat:69181290"":null,""imerss.org:iNat:82260706"":null,""imerss.org:iNat:96543069"":null,""imerss.org:iNat:92325161"":null,""imerss.org:iNat:100653657"":null,""imerss.org:iNat:103178057"":null,""imerss.org:iNat:124667634"":null}",Animalia,Cnidaria,,,Scyphozoa,Discomedusae,,Semaeostomeae,,,,Ulmaridae,Aureliinae,,Aurelia,labiata,Charlie Gibbs,,,,imerss.org:PMLS:2490,1996-09-28T00:00:00.000Z,,,,,imerss.org:iNat:124667634,2022-06-30T00:00:00.000Z
Balanophyllia elegans,51799,Balanophyllia (Balanophyllia) elegans,"Verrill, 1864",219,"{""imerss.org:PMLS:14"":null,""imerss.org:PMLS:102"":null,""imerss.org:PMLS:144"":null,""imerss.org:PMLS:195"":null,""imerss.org:PMLS:235"":null,""imerss.org:PMLS:374"":null,""imerss.org:PMLS:473"":null,""imerss.org:PMLS:561"":null,""imerss.org:PMLS:621"":null,""imerss.org:PMLS:706"":null,""imerss.org:PMLS:787"":null,""imerss.org:PMLS:854"":null,""imerss.org:PMLS:929"":null,""imerss.org:PMLS:1011"":null,""imerss.org:PMLS:1109"":null,""imerss.org:PMLS:1195"":null,""imerss.org:PMLS:1227"":null,""imerss.org:PMLS:1379"":null,""imerss.org:PMLS:1471"":null,""imerss.org:PMLS:1569"":null,""imerss.org:PMLS:1669"":null,""imerss.org:PMLS:1753"":null,""imerss.org:PMLS:1839"":null,""imerss.org:PMLS:1917"":null,""imerss.org:PMLS:1999"":null,""imerss.org:PMLS:2084"":null,""imerss.org:PMLS:2195"":null,""imerss.org:PMLS:2285"":null,""imerss.org:PMLS:2393"":null,""imerss.org:PMLS:2494"":null,""imerss.org:PMLS:2575"":null,""imerss.org:PMLS:2667"":null,""imerss.org:PMLS:2788"":null,""imerss.org:PMLS:2867"":null,""imerss.org:PMLS:3010"":null,""imerss.org:PMLS:3117"":null,""imerss.org:PMLS:3193"":null,""imerss.org:PMLS:3310"":null,""imerss.org:PMLS:3394"":null,""imerss.org:PMLS:3526"":null,""imerss.org:PMLS:3667"":null,""imerss.org:PMLS:3780"":null,""imerss.org:PMLS:3902"":null,""imerss.org:PMLS:3995"":null,""imerss.org:PMLS:4108"":null,""imerss.org:PMLS:4218"":null,""imerss.org:PMLS:4335"":null,""imerss.org:PMLS:4419"":null,""imerss.org:PMLS:4508"":null,""imerss.org:PMLS:4564"":null,""imerss.org:PMLS:4615"":null,""imerss.org:PMLS:4722"":null,""imerss.org:PMLS:4850"":null,""imerss.org:PMLS:4952"":null,""imerss.org:PMLS:5047"":null,""imerss.org:PMLS:5181"":null,""imerss.org:iNat:59908582"":null,""imerss.org:PMLS:5290"":null,""imerss.org:PMLS:5372"":null,""imerss.org:PMLS:5479"":null,""imerss.org:PMLS:5571"":null,""imerss.org:PMLS:5650"":null,""imerss.org:PMLS:5751"":null,""imerss.org:PMLS:5849"":null,""imerss.org:PMLS:5981"":null,""imerss.org:PMLS:6078"":null,""imerss.org:PMLS:6199"":null,""imerss.org:PMLS:6295"":null,""imerss.org:PMLS:6388"":null,""imerss.org:PMLS:6482"":null,""imerss.org:PMLS:6563"":null,""imerss.org:PMLS:6651"":null,""imerss.org:PMLS:6740"":null,""imerss.org:PMLS:6854"":null,""imerss.org:PMLS:6977"":null,""imerss.org:PMLS:7118"":null,""imerss.org:PMLS:7215"":null,""imerss.org:PMLS:7276"":null,""imerss.org:PMLS:7396"":null,""imerss.org:PMLS:7513"":null,""imerss.org:PMLS:7608"":null,""imerss.org:PMLS:7720"":null,""imerss.org:PMLS:7819"":null,""imerss.org:PMLS:7910"":null,""imerss.org:PMLS:8010"":null,""imerss.org:PMLS:8114"":null,""imerss.org:PMLS:8210"":null,""imerss.org:PMLS:8291"":null,""imerss.org:PMLS:8383"":null,""imerss.org:PMLS:8478"":null,""imerss.org:PMLS:8572"":null,""imerss.org:PMLS:8660"":null,""imerss.org:PMLS:8762"":null,""imerss.org:PMLS:8842"":null,""imerss.org:PMLS:9000"":null,""imerss.org:PMLS:9080"":null,""imerss.org:PMLS:9176"":null,""imerss.org:PMLS:9254"":null,""imerss.org:PMLS:9325"":null,""imerss.org:PMLS:9417"":null,""imerss.org:PMLS:9525"":null,""imerss.org:PMLS:9634"":null,""imerss.org:PMLS:9758"":null,""imerss.org:PMLS:9875"":null,""imerss.org:PMLS:9981"":null,""imerss.org:PMLS:10090"":null,""imerss.org:PMLS:10179"":null,""imerss.org:PMLS:10258"":null,""imerss.org:PMLS:10325"":null,""imerss.org:PMLS:10413"":null,""imerss.org:PMLS:10502"":null,""imerss.org:PMLS:10549"":null,""imerss.org:PMLS:10674"":null,""imerss.org:PMLS:10810"":null,""imerss.org:PMLS:10963"":null,""imerss.org:PMLS:11106"":null,""imerss.org:PMLS:11190"":null,""imerss.org:PMLS:11280"":null,""imerss.org:PMLS:11416"":null,""imerss.org:PMLS:11513"":null,""imerss.org:PMLS:11609"":null,""imerss.org:PMLS:11713"":null,""imerss.org:PMLS:11805"":null,""imerss.org:PMLS:11902"":null,""imerss.org:PMLS:12009"":null,""imerss.org:PMLS:12097"":null,""imerss.org:PMLS:12196"":null,""imerss.org:PMLS:12287"":null,""imerss.org:PMLS:12366"":null,""imerss.org:PMLS:12442"":null,""imerss.org:PMLS:12523"":null,""imerss.org:PMLS:12626"":null,""imerss.org:PMLS:12707"":null,""imerss.org:PMLS:12824"":null,""imerss.org:PMLS:12951"":null,""imerss.org:PMLS:13048"":null,""imerss.org:PMLS:13151"":null,""imerss.org:PMLS:13280"":null,""imerss.org:PMLS:13394"":null,""imerss.org:PMLS:13480"":null,""imerss.org:PMLS:13560"":null,""imerss.org:PMLS:13659"":null,""imerss.org:PMLS:13781"":null,""imerss.org:PMLS:13863"":null,""imerss.org:PMLS:13974"":null,""imerss.org:PMLS:14042"":null,""imerss.org:PMLS:14117"":null,""imerss.org:PMLS:14177"":null,""imerss.org:PMLS:14269"":null,""imerss.org:PMLS:14363"":null,""imerss.org:PMLS:14465"":null,""imerss.org:PMLS:14543"":null,""imerss.org:PMLS:14636"":null,""imerss.org:PMLS:14737"":null,""imerss.org:PMLS:14837"":null,""imerss.org:PMLS:14952"":null,""imerss.org:PMLS:15047"":null,""imerss.org:PMLS:15155"":null,""imerss.org:PMLS:15253"":null,""imerss.org:PMLS:15350"":null,""imerss.org:PMLS:15463"":null,""imerss.org:PMLS:15577"":null,""imerss.org:PMLS:15695"":null,""imerss.org:PMLS:15797"":null,""imerss.org:PMLS:15913"":null,""imerss.org:PMLS:16042"":null,""imerss.org:PMLS:16142"":null,""imerss.org:PMLS:16222"":null,""imerss.org:PMLS:16393"":null,""imerss.org:PMLS:16485"":null,""imerss.org:PMLS:16583"":null,""imerss.org:PMLS:16671"":null,""imerss.org:PMLS:16744"":null,""imerss.org:PMLS:16804"":null,""imerss.org:PMLS:16901"":null,""imerss.org:PMLS:17051"":null,""imerss.org:PMLS:17102"":null,""imerss.org:PMLS:17187"":null,""imerss.org:PMLS:17279"":null,""imerss.org:PMLS:17380"":null,""imerss.org:PMLS:17475"":null,""imerss.org:PMLS:17582"":null,""imerss.org:PMLS:17705"":null,""imerss.org:PMLS:17784"":null,""imerss.org:PMLS:17821"":null,""imerss.org:PMLS:17909"":null,""imerss.org:PMLS:17967"":null,""imerss.org:PMLS:18049"":null,""imerss.org:PMLS:18131"":null,""imerss.org:PMLS:18248"":null,""imerss.org:PMLS:18324"":null,""imerss.org:PMLS:18422"":null,""imerss.org:PMLS:18448"":null,""imerss.org:PMLS:18473"":null,""imerss.org:PMLS:18506"":null,""imerss.org:PMLS:18536"":null,""imerss.org:PMLS:18564"":null,""imerss.org:iNat:24792362"":null,""imerss.org:iNat:30012066"":null,""imerss.org:iNat:30012070"":null,""imerss.org:iNat:129150994"":null,""imerss.org:iNat:129284350"":null,""imerss.org:PMLS:18596"":null,""imerss.org:PMLS:18620"":null,""imerss.org:iNat:24796685"":null,""imerss.org:iNat:128527395"":null,""imerss.org:iNat:70486997"":null,""imerss.org:iNat:70487037"":null,""imerss.org:iNat:70790692"":null,""imerss.org:iNat:71173007"":null,""imerss.org:iNat:84819134"":null,""imerss.org:iNat:86784487"":null,""imerss.org:iNat:106689107"":null,""imerss.org:iNat:107422993"":null,""imerss.org:iNat:107457343"":null,""imerss.org:iNat:107457355"":null,""imerss.org:iNat:124076120"":null,""imerss.org:iNat:129639249"":null,""imerss.org:iNat:136884703"":null}",Animalia,Cnidaria,,,Anthozoa,Hexacorallia,,Scleractinia,,,,Dendrophylliidae,,,Balanophyllia,elegans,Andy Lamb,,,,imerss.org:PMLS:14,1969-02-21T00:00:00.000Z,Dave Zeuss Cochrane,,,,imerss.org:iNat:136884703,2022-09-28T00:00:00.000Z
Balticina willemoesi,1283181,Balticina willemoesi,"(KÃ¶lliker, 1880)",1,"{""imerss.org:PMLS:5293"":null}",Animalia,Cnidaria,,,Anthozoa,Octocorallia,,Scleralcyonacea,,,Pennatuloidea,Balticinidae,,,Balticina,willemoesi,Andy Lamb,,,,imerss.org:PMLS:5293,2007-12-09T00:00:00.000Z,Andy Lamb,,,,imerss.org:PMLS:5293,2007-12-09T00:00:00.000Z
Bougainvillia,247135,Bougainvillia sp.,,5,"{""imerss.org:PMLS:8017"":null,""imerss.org:PMLS:8219"":null,""imerss.org:PMLS:8299"":null,""imerss.org:PMLS:8387"":null,""imerss.org:PMLS:10986"":null}",Animalia,Cnidaria,,,Hydrozoa,Hydroidolina,,Anthoathecata,Filifera,,,Bougainvilliidae,,,Bougainvillia,,Andy Lamb,,,,imerss.org:PMLS:8017,2008-10-05T00:00:00.000Z,Andy Lamb,,,,imerss.org:PMLS:10986,2009-04-13T00:00:00.000Z
Caryophyllia alaskensis,459907,Caryophyllia (Caryophyllia) alaskensis,"Vaughan, 1941",3,"{""imerss.org:PMLS:9876"":null,""imerss.org:PMLS:13660"":null,""imerss.org:PMLS:18565"":null}",Animalia,Cnidaria,,,Anthozoa,Hexacorallia,,Scleractinia,,,,Caryophylliidae,,,Caryophyllia,alaskensis,Andy Lamb,,,,imerss.org:PMLS:9876,2009-02-14T00:00:00.000Z,Stefania Gorgopa,,,,imerss.org:PMLS:18565,2019-05-04T00:00:00.000Z
Catablema vesicarium nodulosum,888777,Catablema vesicarium nodulosum,"Bigelow, 1913",3,"{""imerss.org:iNat:73718029"":null,""imerss.org:iNat:74472240"":null,""imerss.org:iNat:74472282"":null}",Animalia,Cnidaria,,,Hydrozoa,Hydroidolina,,Anthoathecata,Filifera,,,Pandeidae,,,Catablema,vesicarium,Andrew Simon,,,,imerss.org:iNat:73718029,2021-04-11T00:00:00.000Z,Andrew Simon,,,,imerss.org:iNat:74472240,2021-04-18T00:00:00.000Z
Clytia gregaria,195428,Clytia gregaria,"(Agassiz, 1862)",27,"{""imerss.org:CMN:CMNI 1900-1132"":null,""imerss.org:PMLS:239"":null,""imerss.org:PMLS:390"":null,""imerss.org:PMLS:627"":null,""imerss.org:PMLS:2389"":null,""imerss.org:PMLS:2488"":null,""imerss.org:PMLS:3018"":null,""imerss.org:PMLS:4567"":null,""imerss.org:PMLS:4957"":null,""imerss.org:PMLS:5190"":null,""imerss.org:PMLS:8019"":null,""imerss.org:PMLS:8221"":null,""imerss.org:PMLS:8301"":null,""imerss.org:PMLS:8483"":null,""imerss.org:PMLS:8579"":null,""imerss.org:PMLS:8667"":null,""imerss.org:PMLS:10564"":null,""imerss.org:PMLS:10988"":null,""imerss.org:PMLS:15352"":null,""imerss.org:PMLS:15471"":null,""imerss.org:PMLS:15583"":null,""imerss.org:PMLS:15700"":null,""imerss.org:PMLS:15805"":null,""imerss.org:PMLS:15920"":null,""imerss.org:iNat:74472247"":null,""imerss.org:iNat:74711620"":null,""imerss.org:iNat:135278450"":null}",Animalia,Cnidaria,,,Hydrozoa,Hydroidolina,,Leptothecata,,,,Campanulariidae,,,Clytia,gregaria,"O'Clair, Rita M.",,,CMNI 1900-1132,imerss.org:CMN:CMNI 1900-1132,1976-06-19T00:00:00.000Z,Dave Zeuss Cochrane,,,,imerss.org:iNat:135278450,2022-09-14T00:00:00.000Z
Cribrinopsis fernaldi,465158,Cribrinopsis fernaldi,"Siebert & Spaulding, 1976",44,"{""imerss.org:PMLS:103"":null,""imerss.org:PMLS:707"":null,""imerss.org:PMLS:1007"":null,""imerss.org:PMLS:1104"":null,""imerss.org:PMLS:1664"":null,""imerss.org:PMLS:2394"":null,""imerss.org:PMLS:2576"":null,""imerss.org:PMLS:4215"":null,""imerss.org:PMLS:4846"":null,""imerss.org:PMLS:5369"":null,""imerss.org:PMLS:5476"":null,""imerss.org:PMLS:5647"":null,""imerss.org:PMLS:6737"":null,""imerss.org:PMLS:6849"":null,""imerss.org:CHU2010:87"":null,""imerss.org:CHU2010:88"":null,""imerss.org:CHU2010:89"":null,""imerss.org:CHU2010:90"":null,""imerss.org:CHU2010:91"":null,""imerss.org:CHU2010:92"":null,""imerss.org:PMLS:7389"":null,""imerss.org:PMLS:8007"":null,""imerss.org:PMLS:9171"":null,""imerss.org:PMLS:9251"":null,""imerss.org:PMLS:9413"":null,""imerss.org:PMLS:9520"":null,""imerss.org:PMLS:9630"":null,""imerss.org:PMLS:9977"":null,""imerss.org:PMLS:10323"":null,""imerss.org:PMLS:10805"":null,""imerss.org:PMLS:11510"":null,""imerss.org:PMLS:11800"":null,""imerss.org:CHU2010:93"":null,""imerss.org:PMLS:12703"":null,""imerss.org:PMLS:13477"":null,""imerss.org:PMLS:13859"":null,""imerss.org:PMLS:14113"":null,""imerss.org:PMLS:14462"":null,""imerss.org:PMLS:14633"":null,""imerss.org:PMLS:14733"":null,""imerss.org:PMLS:15572"":null,""imerss.org:PMLS:16039"":null,""imerss.org:PMLS:16898"":null,""imerss.org:PMLS:17473"":null}",Animalia,Cnidaria,,,Anthozoa,Hexacorallia,,Actiniaria,Enthemonae,,Actinioidea,Actiniidae,,,Cribrinopsis,fernaldi,Andy Lamb,,,,imerss.org:PMLS:103,1971-08-21T00:00:00.000Z,Andy Lamb,,,,imerss.org:PMLS:17473,2016-07-24T00:00:00.000Z
Cribrinopsis rubens,936577,Cribrinopsis rubens,"Sanamyan, Sanamyan, McDaniel, Martynov, Korshunova & Bocharova, 2019",19,"{""imerss.org:PMLS:4105"":null,""imerss.org:PMLS:5845"":null,""imerss.org:PMLS:6194"":null,""imerss.org:PMLS:6385"":null,""imerss.org:PMLS:6558"":null,""imerss.org:PMLS:6972"":null,""imerss.org:PMLS:7510"":null,""imerss.org:PMLS:7718"":null,""imerss.org:PMLS:7906"":null,""imerss.org:PMLS:8996"":null,""imerss.org:PMLS:9752"":null,""imerss.org:PMLS:10667"":null,""imerss.org:PMLS:11275"":null,""imerss.org:PMLS:11411"":null,""imerss.org:PMLS:11606"":null,""imerss.org:PMLS:11708"":null,""imerss.org:PMLS:12364"":null,""imerss.org:PMLS:12520"":null,""imerss.org:PMLS:13147"":null}",Animalia,Cnidaria,,,Anthozoa,Hexacorallia,,Actiniaria,Enthemonae,,Actinioidea,Actiniidae,,,Cribrinopsis,rubens,Andy Lamb,,,,imerss.org:PMLS:4105,2006-11-11T00:00:00.000Z,Andy Lamb,,,,imerss.org:PMLS:13147,2010-07-17T00:00:00.000Z
Cyanea ferruginea,786996,Cyanea ferruginea,"Eschscholtz, 1829",44,"{""imerss.org:PMLS:3015"":null,""imerss.org:PMLS:3115"":null,""imerss.org:iNat:97172675"":null,""imerss.org:PMLS:3671"":null,""imerss.org:PMLS:3785"":null,""imerss.org:PMLS:4566"":null,""imerss.org:PMLS:6753"":null,""imerss.org:PMLS:6981"":null,""imerss.org:PMLS:7826"":null,""imerss.org:PMLS:7916"":null,""imerss.org:PMLS:8015"":null,""imerss.org:PMLS:8217"":null,""imerss.org:PMLS:8297"":null,""imerss.org:PMLS:8385"":null,""imerss.org:PMLS:8577"":null,""imerss.org:PMLS:8665"":null,""imerss.org:PMLS:9882"":null,""imerss.org:PMLS:10559"":null,""imerss.org:PMLS:10985"":null,""imerss.org:PMLS:13567"":null,""imerss.org:PMLS:14640"":null,""imerss.org:PMLS:15918"":null,""imerss.org:iNat:77377159"":null,""imerss.org:iNat:2854871"":null,""imerss.org:iNat:3680731"":null,""imerss.org:iNat:3515341"":null,""imerss.org:iNat:4030052"":null,""imerss.org:iNat:4004835"":null,""imerss.org:PMLS:17910"":null,""imerss.org:iNat:41570521"":null,""imerss.org:iNat:9068207"":null,""imerss.org:iNat:14064388"":null,""imerss.org:iNat:29685247"":null,""imerss.org:iNat:49655927"":null,""imerss.org:iNat:73718016"":null,""imerss.org:iNat:73721931"":null,""imerss.org:iNat:80827327"":null,""imerss.org:iNat:82105816"":null,""imerss.org:iNat:83186493"":null,""imerss.org:iNat:85157309"":null,""imerss.org:iNat:123893599"":null,""imerss.org:iNat:129506080"":null,""imerss.org:iNat:131337465"":null,""imerss.org:iNat:138336694"":null}",Animalia,Cnidaria,,,Scyphozoa,Discomedusae,,Semaeostomeae,,,,Cyaneidae,,,Cyanea,ferruginea,Andy Lamb,,,,imerss.org:PMLS:3015,1999-10-02T00:00:00.000Z,,,,,imerss.org:iNat:138336694,2022-10-10T00:00:00.000Z
Diadumene lineata,81783,Diadumene lineata,"(Verrill, 1869)",7,"{""imerss.org:iNat:15156184"":null,""imerss.org:iNat:24520918"":null,""imerss.org:iNat:24689379"":null,""imerss.org:iNat:24708097"":null,""imerss.org:iNat:24714413"":null,""imerss.org:iNat:24743607"":null,""imerss.org:iNat:32125269"":null}",Animalia,Cnidaria,,,Anthozoa,Hexacorallia,,Actiniaria,Enthemonae,,Metridioidea,Diadumenidae,,,Diadumene,lineata,Nomadkris,,,,imerss.org:iNat:15156184,2018-08-05T00:00:00.000Z,Norah Brown,,,,imerss.org:iNat:24520918,2019-05-04T00:00:00.000Z
Discophyton rudyi,460061,Discophyton rudyi,"(Verseveldt & van Ofwegen, 1992)",3,"{""imerss.org:PMLS:1472"":null,""imerss.org:PMLS:2391"":null,""imerss.org:PMLS:2572"":null}",Animalia,Cnidaria,,,Anthozoa,Octocorallia,,Malacalcyonacea,,,,Discophytidae,,,Discophyton,rudyi,Charlie Gibbs,,,,imerss.org:PMLS:1472,1995-02-24T00:00:00.000Z,Charlie Gibbs,,,,imerss.org:PMLS:2572,1996-09-29T00:00:00.000Z
Ectopleura crocea,324497,Ectopleura crocea,"(Agassiz, 1862)",67,"{""imerss.org:PMLS:701"":null,""imerss.org:PMLS:1113"":null,""imerss.org:PMLS:3784"":null,""imerss.org:PMLS:3908"":null,""imerss.org:PMLS:4726"":null,""imerss.org:PMLS:4955"":null,""imerss.org:PMLS:5186"":null,""imerss.org:PMLS:5296"":null,""imerss.org:PMLS:5483"":null,""imerss.org:PMLS:5757"":null,""imerss.org:PMLS:5853"":null,""imerss.org:PMLS:5985"":null,""imerss.org:PMLS:6083"":null,""imerss.org:PMLS:6299"":null,""imerss.org:PMLS:6486"":null,""imerss.org:PMLS:6656"":null,""imerss.org:PMLS:6749"":null,""imerss.org:PMLS:6859"":null,""imerss.org:PMLS:7824"":null,""imerss.org:PMLS:7915"":null,""imerss.org:PMLS:8120"":null,""imerss.org:PMLS:8215"":null,""imerss.org:PMLS:8576"":null,""imerss.org:PMLS:8765"":null,""imerss.org:PMLS:8926"":null,""imerss.org:PMLS:9084"":null,""imerss.org:PMLS:9640"":null,""imerss.org:PMLS:9761"":null,""imerss.org:PMLS:9880"":null,""imerss.org:PMLS:10187"":null,""imerss.org:PMLS:10419"":null,""imerss.org:PMLS:10556"":null,""imerss.org:PMLS:10677"":null,""imerss.org:PMLS:10822"":null,""imerss.org:PMLS:10976"":null,""imerss.org:PMLS:11517"":null,""imerss.org:PMLS:11614"":null,""imerss.org:PMLS:11907"":null,""imerss.org:PMLS:12012"":null,""imerss.org:PMLS:12200"":null,""imerss.org:PMLS:12293"":null,""imerss.org:PMLS:12446"":null,""imerss.org:PMLS:12632"":null,""imerss.org:PMLS:12712"":null,""imerss.org:PMLS:12832"":null,""imerss.org:PMLS:12956"":null,""imerss.org:PMLS:13054"":null,""imerss.org:PMLS:13158"":null,""imerss.org:PMLS:13287"":null,""imerss.org:PMLS:13398"":null,""imerss.org:PMLS:13565"":null,""imerss.org:PMLS:13786"":null,""imerss.org:PMLS:14182"":null,""imerss.org:PMLS:14272"":null,""imerss.org:PMLS:14370"":null,""imerss.org:PMLS:14546"":null,""imerss.org:PMLS:14741"":null,""imerss.org:PMLS:14844"":null,""imerss.org:PMLS:15468"":null,""imerss.org:PMLS:15581"":null,""imerss.org:PMLS:16146"":null,""imerss.org:PMLS:16316"":null,""imerss.org:PMLS:17288"":null,""imerss.org:PMLS:17384"":null,""imerss.org:PMLS:17587"":null,""imerss.org:PMLS:18053"":null,""imerss.org:PMLS:18326"":null}",Animalia,Cnidaria,,,Hydrozoa,Hydroidolina,,Anthoathecata,Aplanulata,,,Tubulariidae,,,Ectopleura,crocea,Andy Lamb,,,,imerss.org:PMLS:701,1993-08-16T00:00:00.000Z,Andy Lamb,,,,imerss.org:PMLS:18326,2019-03-17T00:00:00.000Z
Ectopleura marina,492142,Ectopleura marina,"(Torrey, 1902)",22,"{""imerss.org:PMLS:238"":null,""imerss.org:PMLS:625"":null,""imerss.org:PMLS:859"":null,""imerss.org:PMLS:1015"":null,""imerss.org:PMLS:1216"":null,""imerss.org:PMLS:1386"":null,""imerss.org:PMLS:1475"":null,""imerss.org:PMLS:1845"":null,""imerss.org:PMLS:1993"":null,""imerss.org:PMLS:2088"":null,""imerss.org:PMLS:2188"":null,""imerss.org:PMLS:2487"":null,""imerss.org:PMLS:2877"":null,""imerss.org:PMLS:3200"":null,""imerss.org:PMLS:5572"":null,""imerss.org:PMLS:6487"":null,""imerss.org:PMLS:10977"":null,""imerss.org:PMLS:11286"":null,""imerss.org:PMLS:14044"":null,""imerss.org:PMLS:14273"":null,""imerss.org:PMLS:14371"":null,""imerss.org:PMLS:15916"":null}",Animalia,Cnidaria,,,Hydrozoa,Hydroidolina,,Anthoathecata,Aplanulata,,,Tubulariidae,,,Ectopleura,marina,Andy Lamb,,,,imerss.org:PMLS:238,1981-05-31T00:00:00.000Z,Andy Lamb,,,,imerss.org:PMLS:15916,2013-05-17T00:00:00.000Z
Epiactis lisbethae,429853,Epiactis lisbethae,"Fautin & Chia, 1986",6,"{""imerss.org:PMLS:2865"":null,""imerss.org:PMLS:5980"":null,""imerss.org:PMLS:6480"":null,""imerss.org:PMLS:8840"":null,""imerss.org:PMLS:16670"":null,""imerss.org:PMLS:17277"":null}",Animalia,Cnidaria,,,Anthozoa,Hexacorallia,,Actiniaria,Enthemonae,,Actinioidea,Actiniidae,,,Epiactis,lisbethae,Charlie Gibbs,,,,imerss.org:PMLS:2865,1999-07-31T00:00:00.000Z,Andy Lamb,,,,imerss.org:PMLS:17277,2016-03-27T00:00:00.000Z
Epiactis prolifera,49060,Epiactis prolifera,"Verrill, 1869",9,"{""imerss.org:PMLS:142"":null,""imerss.org:PMLS:1010"":null,""imerss.org:PMLS:1196"":null,""imerss.org:PMLS:2756"":null,""imerss.org:PMLS:3901"":null,""imerss.org:PMLS:7818"":null,""imerss.org:PMLS:10178"":null,""imerss.org:PMLS:10961"":null,""imerss.org:PMLS:17578"":null}",Animalia,Cnidaria,,,Anthozoa,Hexacorallia,,Actiniaria,Enthemonae,,Actinioidea,Actiniidae,,,Epiactis,prolifera,Andy Lamb,,,,imerss.org:PMLS:142,1973-09-20T00:00:00.000Z,Andy Lamb,,,,imerss.org:PMLS:17578,2016-07-24T00:00:00.000Z
Epizoanthus scotinus,429859,Epizoanthus scotinus,"Wood, 1957",108,"{""imerss.org:PMLS:234"":null,""imerss.org:PMLS:790"":null,""imerss.org:PMLS:928"":null,""imerss.org:PMLS:1108"":null,""imerss.org:PMLS:1199"":null,""imerss.org:PMLS:1378"":null,""imerss.org:PMLS:1470"":null,""imerss.org:PMLS:1568"":null,""imerss.org:PMLS:1668"":null,""imerss.org:PMLS:2083"":null,""imerss.org:PMLS:2199"":null,""imerss.org:PMLS:2289"":null,""imerss.org:PMLS:2399"":null,""imerss.org:PMLS:2581"":null,""imerss.org:PMLS:2787"":null,""imerss.org:PMLS:2866"":null,""imerss.org:PMLS:3393"":null,""imerss.org:PMLS:3666"":null,""imerss.org:PMLS:3779"":null,""imerss.org:PMLS:3994"":null,""imerss.org:PMLS:4107"":null,""imerss.org:PMLS:4217"":null,""imerss.org:PMLS:4334"":null,""imerss.org:PMLS:4418"":null,""imerss.org:PMLS:4507"":null,""imerss.org:PMLS:4721"":null,""imerss.org:PMLS:4849"":null,""imerss.org:PMLS:4951"":null,""imerss.org:PMLS:5180"":null,""imerss.org:PMLS:5289"":null,""imerss.org:PMLS:5371"":null,""imerss.org:PMLS:5478"":null,""imerss.org:PMLS:5649"":null,""imerss.org:PMLS:5750"":null,""imerss.org:PMLS:5848"":null,""imerss.org:PMLS:6198"":null,""imerss.org:PMLS:6294"":null,""imerss.org:PMLS:6387"":null,""imerss.org:PMLS:6481"":null,""imerss.org:PMLS:6562"":null,""imerss.org:PMLS:6739"":null,""imerss.org:PMLS:6853"":null,""imerss.org:PMLS:6976"":null,""imerss.org:PMLS:7117"":null,""imerss.org:PMLS:7275"":null,""imerss.org:PMLS:7395"":null,""imerss.org:PMLS:7607"":null,""imerss.org:PMLS:7719"":null,""imerss.org:PMLS:7909"":null,""imerss.org:PMLS:8009"":null,""imerss.org:PMLS:8113"":null,""imerss.org:PMLS:8209"":null,""imerss.org:PMLS:8290"":null,""imerss.org:PMLS:8382"":null,""imerss.org:PMLS:8477"":null,""imerss.org:PMLS:8571"":null,""imerss.org:PMLS:8659"":null,""imerss.org:PMLS:8761"":null,""imerss.org:PMLS:8841"":null,""imerss.org:PMLS:8999"":null,""imerss.org:PMLS:9079"":null,""imerss.org:PMLS:9175"":null,""imerss.org:PMLS:9253"":null,""imerss.org:PMLS:9324"":null,""imerss.org:PMLS:9416"":null,""imerss.org:PMLS:9757"":null,""imerss.org:PMLS:9874"":null,""imerss.org:PMLS:9980"":null,""imerss.org:PMLS:10089"":null,""imerss.org:PMLS:10257"":null,""imerss.org:PMLS:10548"":null,""imerss.org:PMLS:10673"":null,""imerss.org:PMLS:10809"":null,""imerss.org:PMLS:10962"":null,""imerss.org:PMLS:11105"":null,""imerss.org:PMLS:11189"":null,""imerss.org:PMLS:11279"":null,""imerss.org:PMLS:11415"":null,""imerss.org:PMLS:11512"":null,""imerss.org:PMLS:11608"":null,""imerss.org:PMLS:11712"":null,""imerss.org:PMLS:11804"":null,""imerss.org:PMLS:12522"":null,""imerss.org:PMLS:12625"":null,""imerss.org:PMLS:12706"":null,""imerss.org:PMLS:12823"":null,""imerss.org:PMLS:12950"":null,""imerss.org:PMLS:13047"":null,""imerss.org:PMLS:13279"":null,""imerss.org:PMLS:13862"":null,""imerss.org:PMLS:14041"":null,""imerss.org:PMLS:14116"":null,""imerss.org:PMLS:14362"":null,""imerss.org:PMLS:14736"":null,""imerss.org:PMLS:14836"":null,""imerss.org:PMLS:14951"":null,""imerss.org:PMLS:15576"":null,""imerss.org:PMLS:15796"":null,""imerss.org:PMLS:16392"":null,""imerss.org:PMLS:16900"":null,""imerss.org:PMLS:17186"":null,""imerss.org:PMLS:17278"":null,""imerss.org:PMLS:17379"":null,""imerss.org:PMLS:17581"":null,""imerss.org:PMLS:17966"":null,""imerss.org:PMLS:18130"":null,""imerss.org:PMLS:18323"":null,""imerss.org:iNat:70487014"":null}",Animalia,Cnidaria,,,Anthozoa,Hexacorallia,,Zoantharia,Macrocnemina,,,Epizoanthidae,,,Epizoanthus,scotinus,Andy Lamb,,,,imerss.org:PMLS:234,1981-05-31T00:00:00.000Z,Dave Zeuss Cochrane,,,,imerss.org:iNat:70487014,2021-03-02T00:00:00.000Z
Euphysa,247163,Euphysa spp.,,2,"{""imerss.org:PMLS:628"":null,""imerss.org:iNat:4052450"":null}",Animalia,Cnidaria,,,Hydrozoa,Hydroidolina,,Anthoathecata,Aplanulata,,,Corymorphidae,,,Euphysa,,Charlie Gibbs,,,,imerss.org:PMLS:628,1993-05-09T00:00:00.000Z,Karolle Wall,,,,imerss.org:iNat:4052450,2013-05-09T00:00:00.000Z
Eutonina indicans,348053,Eutonina indicans,"(Romanes, 1876)",21,"{""imerss.org:PMLS:2279"":null,""imerss.org:PMLS:2789"":null,""imerss.org:PMLS:6983"":null,""imerss.org:PMLS:8484"":null,""imerss.org:PMLS:8580"":null,""imerss.org:PMLS:8668"":null,""imerss.org:PMLS:10328"":null,""imerss.org:PMLS:10989"":null,""imerss.org:PMLS:11289"":null,""imerss.org:PMLS:13057"":null,""imerss.org:PMLS:13161"":null,""imerss.org:PMLS:13290"":null,""imerss.org:PMLS:14275"":null,""imerss.org:PMLS:15921"":null,""imerss.org:PMLS:18508"":null,""imerss.org:iNat:72235816"":null,""imerss.org:iNat:72245207"":null,""imerss.org:iNat:72245211"":null,""imerss.org:iNat:73721934"":null,""imerss.org:iNat:73721936"":null,""imerss.org:iNat:74472228"":null}",Animalia,Cnidaria,,,Hydrozoa,Hydroidolina,,Leptothecata,,,,Eirenidae,,,Eutonina,indicans,Charlie Gibbs,,,,imerss.org:PMLS:2279,1996-05-29T00:00:00.000Z,Andrew Simon,,,,imerss.org:iNat:74472228,2021-04-18T00:00:00.000Z
Garveia annulata,63662,Garveia annulata,"Nutting, 1901",23,"{""imerss.org:PMLS:384"":null,""imerss.org:PMLS:1217"":null,""imerss.org:PMLS:1843"":null,""imerss.org:PMLS:1995"":null,""imerss.org:PMLS:2743"":null,""imerss.org:PMLS:2875"":null,""imerss.org:PMLS:3907"":null,""imerss.org:PMLS:5984"":null,""imerss.org:PMLS:6081"":null,""imerss.org:PMLS:6485"":null,""imerss.org:PMLS:6654"":null,""imerss.org:PMLS:6747"":null,""imerss.org:PMLS:7823"":null,""imerss.org:iNat:130990318"":null,""imerss.org:PMLS:9639"":null,""imerss.org:PMLS:10185"":null,""imerss.org:PMLS:10418"":null,""imerss.org:PMLS:10820"":null,""imerss.org:PMLS:10974"":null,""imerss.org:PMLS:11906"":null,""imerss.org:PMLS:12830"":null,""imerss.org:PMLS:14181"":null,""imerss.org:PMLS:17286"":null}",Animalia,Cnidaria,,,Hydrozoa,Hydroidolina,,Anthoathecata,Filifera,,,Bougainvilliidae,,,Garveia,annulata,Andy Lamb,,,,imerss.org:PMLS:384,1985-08-02T00:00:00.000Z,Andy Lamb,,,,imerss.org:PMLS:17286,2016-03-27T00:00:00.000Z
Gonionemus vertens,501046,Gonionemus vertens,"A. Agassiz, 1862",2,"{""imerss.org:iNat:97205557"":null,""imerss.org:iNat:3706321"":null}",Animalia,Cnidaria,,,Hydrozoa,Trachylinae,,Limnomedusae,,,,Olindiidae,,,Gonionemus,vertens,Karolle Wall,,,,imerss.org:iNat:97205557,2009-07-09T00:00:00.000Z,Karolle Wall,,,,imerss.org:iNat:3706321,2013-07-07T00:00:00.000Z
Grammaria,874029,Grammaria spp.,,1,"{""imerss.org:PMLS:10983"":null}",Animalia,Cnidaria,,,Hydrozoa,Hydroidolina,,Leptothecata,,,,Lafoeidae,,,Grammaria,,Andy Lamb,,,,imerss.org:PMLS:10983,2009-04-13T00:00:00.000Z,Andy Lamb,,,,imerss.org:PMLS:10983,2009-04-13T00:00:00.000Z
Halcampa crypta,196729,Halcampa crypta,"Siebert & Hand, 1974",1,"{""imerss.org:iNat:136714426"":null}",Animalia,Cnidaria,,,Anthozoa,Hexacorallia,,Actiniaria,Enthemonae,,Metridioidea,Halcampidae,,,Halcampa,crypta,Dave Zeuss Cochrane,,,,imerss.org:iNat:136714426,2022-09-27T00:00:00.000Z,Dave Zeuss Cochrane,,,,imerss.org:iNat:136714426,2022-09-27T00:00:00.000Z
Halcampa decemtentaculata,124510,Halcampa decemtentaculata,"Hand, 1955",3,"{""imerss.org:PMLS:7273"":null,""imerss.org:PMLS:14949"":null,""imerss.org:PMLS:17579"":null}",Animalia,Cnidaria,,,Anthozoa,Hexacorallia,,Actiniaria,Enthemonae,,Metridioidea,Halcampidae,,,Halcampa,decemtentaculata,Andy Lamb,,,,imerss.org:PMLS:7273,2008-06-21T00:00:00.000Z,Andy Lamb,,,,imerss.org:PMLS:17579,2016-07-24T00:00:00.000Z
Halecium beanii,668120,Halecium beanii,"(Johnston, 1838)",1,"{""imerss.org:PMLS:12714"":null}",Animalia,Cnidaria,,,Hydrozoa,Hydroidolina,,Leptothecata,,,,Haleciidae,,,Halecium,beanii,Andy Lamb,,,,imerss.org:PMLS:12714,2010-04-18T00:00:00.000Z,Andy Lamb,,,,imerss.org:PMLS:12714,2010-04-18T00:00:00.000Z
Halecium densum,874028,Halecium densum,"Calkins, 1899",5,"{""imerss.org:PMLS:3536"":null,""imerss.org:PMLS:7122"":null,""imerss.org:PMLS:9643"":null,""imerss.org:PMLS:10827"":null,""imerss.org:PMLS:10984"":null}",Animalia,Cnidaria,,,Hydrozoa,Hydroidolina,,Leptothecata,,,,Haleciidae,,,Halecium,densum,Andy Lamb,,,,imerss.org:PMLS:3536,2006-06-30T00:00:00.000Z,Andy Lamb,,,,imerss.org:PMLS:10984,2009-04-13T00:00:00.000Z
Hydractinia,203798,Hydractinia sp.,,2,"{""imerss.org:PMLS:6655"":null,""imerss.org:PMLS:6748"":null}",Animalia,Cnidaria,,,Hydrozoa,Hydroidolina,,Anthoathecata,Filifera,,,Hydractiniidae,,,Hydractinia,,Andy Lamb,,,,imerss.org:PMLS:6655,2008-03-22T00:00:00.000Z,Andy Lamb,,,,imerss.org:PMLS:6748,2008-04-27T00:00:00.000Z
Hydrallmania franciscana,873899,Hydrallmania franciscana,"(Trask, 1857)",2,"{""imerss.org:PMLS:3535"":null,""imerss.org:PMLS:4111"":null}",Animalia,Cnidaria,,,Hydrozoa,Hydroidolina,,Leptothecata,,,Sertularioidea,Sertulariidae,,,Hydrallmania,franciscana,Andy Lamb,,,,imerss.org:PMLS:3535,2006-06-30T00:00:00.000Z,Andy Lamb,,,,imerss.org:PMLS:4111,2006-11-11T00:00:00.000Z
Lafoea dumosa,423721,Lafoea dumosa,"(Fleming, 1820)",24,"{""imerss.org:PMLS:388"":null,""imerss.org:PMLS:3014"":null,""imerss.org:PMLS:3202"":null,""imerss.org:PMLS:3311"":null,""imerss.org:PMLS:4617"":null,""imerss.org:PMLS:5378"":null,""imerss.org:PMLS:5485"":null,""imerss.org:PMLS:5655"":null,""imerss.org:PMLS:6860"":null,""imerss.org:PMLS:7121"":null,""imerss.org:PMLS:7614"":null,""imerss.org:PMLS:8014"":null,""imerss.org:PMLS:8928"":null,""imerss.org:PMLS:9086"":null,""imerss.org:PMLS:9419"":null,""imerss.org:PMLS:10826"":null,""imerss.org:PMLS:10982"":null,""imerss.org:PMLS:12014"":null,""imerss.org:PMLS:13978"":null,""imerss.org:PMLS:14184"":null,""imerss.org:PMLS:15470"":null,""imerss.org:PMLS:15802"":null,""imerss.org:PMLS:16396"":null,""imerss.org:PMLS:16488"":null}",Animalia,Cnidaria,,,Hydrozoa,Hydroidolina,,Leptothecata,,,,Lafoeidae,,,Lafoea,dumosa,Andy Lamb,,,,imerss.org:PMLS:388,1985-08-02T00:00:00.000Z,Andy Lamb,,,,imerss.org:PMLS:16396,2013-10-23T00:00:00.000Z
Leuckartiara longicalcar,776381,Leuckartiara longicalcar,"Schuchert, 2018",2,"{""imerss.org:iNat:57175835"":null,""imerss.org:iNat:58218778"":null}",Animalia,Cnidaria,,,Hydrozoa,Hydroidolina,,Anthoathecata,Filifera,,,Pandeidae,,,Leuckartiara,longicalcar,Catiemac,,,,imerss.org:iNat:57175835,2020-05-09T00:00:00.000Z,Karen Stan,,,,imerss.org:iNat:58218778,2020-05-26T00:00:00.000Z
Melicertum octocostatum,550154,Melicertum octocostatum,"(M. Sars, 1835)",2,"{""imerss.org:PMLS:10992"":null,""imerss.org:PMLS:15923"":null}",Animalia,Cnidaria,,,Hydrozoa,Hydroidolina,,Leptothecata,,,,Melicertidae,,,Melicertum,octocostatum,Andy Lamb,,,,imerss.org:PMLS:10992,2009-04-13T00:00:00.000Z,Andy Lamb,,,,imerss.org:PMLS:15923,2013-05-17T00:00:00.000Z
Metridium farcimen,51812,Metridium farcimen,"(Brandt, 1835)",201,"{""imerss.org:PMLS:193"":null,""imerss.org:PMLS:373"":null,""imerss.org:PMLS:471"":null,""imerss.org:PMLS:558"":null,""fb69890f-93e8-4a1e-b906-a336b16409ad"":null,""imerss.org:PMLS:789"":null,""imerss.org:PMLS:850"":null,""imerss.org:PMLS:924"":null,""imerss.org:PMLS:1006"":null,""imerss.org:PMLS:1103"":null,""imerss.org:PMLS:1198"":null,""imerss.org:PMLS:1230"":null,""imerss.org:PMLS:1376"":null,""imerss.org:PMLS:1466"":null,""imerss.org:PMLS:1563"":null,""imerss.org:PMLS:1663"":null,""imerss.org:PMLS:1838"":null,""imerss.org:PMLS:1915"":null,""imerss.org:PMLS:2002"":null,""imerss.org:PMLS:2080"":null,""imerss.org:PMLS:2198"":null,""imerss.org:PMLS:2288"":null,""imerss.org:PMLS:2398"":null,""imerss.org:PMLS:2497"":null,""imerss.org:PMLS:2580"":null,""imerss.org:PMLS:2671"":null,""imerss.org:PMLS:2863"":null,""imerss.org:PMLS:3007"":null,""imerss.org:PMLS:3118"":null,""imerss.org:PMLS:3190"":null,""imerss.org:PMLS:3305"":null,""imerss.org:PMLS:3389"":null,""imerss.org:PMLS:3521"":null,""imerss.org:PMLS:3664"":null,""imerss.org:PMLS:3776"":null,""imerss.org:PMLS:3899"":null,""imerss.org:PMLS:3991"":null,""imerss.org:PMLS:4104"":null,""imerss.org:PMLS:4214"":null,""imerss.org:PMLS:4330"":null,""imerss.org:PMLS:4416"":null,""imerss.org:PMLS:4504"":null,""imerss.org:PMLS:4563"":null,""imerss.org:PMLS:4611"":null,""imerss.org:PMLS:4717"":null,""imerss.org:PMLS:4845"":null,""imerss.org:PMLS:4947"":null,""imerss.org:PMLS:5044"":null,""imerss.org:PMLS:5176"":null,""imerss.org:PMLS:5287"":null,""imerss.org:PMLS:5368"":null,""imerss.org:PMLS:5475"":null,""imerss.org:PMLS:5646"":null,""imerss.org:PMLS:5748"":null,""imerss.org:PMLS:5844"":null,""imerss.org:PMLS:5978"":null,""imerss.org:PMLS:6076"":null,""imerss.org:PMLS:6193"":null,""imerss.org:PMLS:6293"":null,""imerss.org:PMLS:6384"":null,""imerss.org:PMLS:6478"":null,""imerss.org:PMLS:6557"":null,""imerss.org:PMLS:6649"":null,""imerss.org:PMLS:6736"":null,""imerss.org:PMLS:6848"":null,""imerss.org:PMLS:6971"":null,""imerss.org:PMLS:7114"":null,""imerss.org:PMLS:7213"":null,""imerss.org:PMLS:7272"":null,""imerss.org:PMLS:7388"":null,""imerss.org:PMLS:7509"":null,""imerss.org:PMLS:7603"":null,""imerss.org:PMLS:7717"":null,""imerss.org:PMLS:7816"":null,""imerss.org:PMLS:7905"":null,""imerss.org:PMLS:8006"":null,""imerss.org:PMLS:8110"":null,""imerss.org:PMLS:8207"":null,""imerss.org:PMLS:8288"":null,""imerss.org:PMLS:8378"":null,""imerss.org:PMLS:8474"":null,""imerss.org:PMLS:8569"":null,""imerss.org:PMLS:8656"":null,""imerss.org:PMLS:8758"":null,""imerss.org:PMLS:8838"":null,""imerss.org:PMLS:8921"":null,""imerss.org:PMLS:8995"":null,""imerss.org:PMLS:9075"":null,""imerss.org:PMLS:9170"":null,""imerss.org:PMLS:9250"":null,""imerss.org:PMLS:9321"":null,""imerss.org:PMLS:9412"":null,""imerss.org:PMLS:9519"":null,""imerss.org:PMLS:9629"":null,""imerss.org:PMLS:9751"":null,""imerss.org:PMLS:9870"":null,""imerss.org:PMLS:9976"":null,""imerss.org:PMLS:10087"":null,""imerss.org:PMLS:10176"":null,""imerss.org:PMLS:10253"":null,""imerss.org:PMLS:10322"":null,""imerss.org:PMLS:10411"":null,""imerss.org:PMLS:10500"":null,""imerss.org:PMLS:10545"":null,""imerss.org:PMLS:10666"":null,""imerss.org:PMLS:10804"":null,""imerss.org:PMLS:10959"":null,""imerss.org:PMLS:11101"":null,""imerss.org:PMLS:11187"":null,""imerss.org:PMLS:11274"":null,""imerss.org:PMLS:11410"":null,""imerss.org:PMLS:11509"":null,""imerss.org:PMLS:11605"":null,""imerss.org:PMLS:11707"":null,""imerss.org:PMLS:11799"":null,""imerss.org:iNat:61341028"":null,""imerss.org:CHU2010:94"":null,""imerss.org:PMLS:11900"":null,""imerss.org:PMLS:12006"":null,""imerss.org:PMLS:12094"":null,""imerss.org:PMLS:12194"":null,""imerss.org:PMLS:12285"":null,""imerss.org:PMLS:12363"":null,""imerss.org:PMLS:12439"":null,""imerss.org:PMLS:12519"":null,""imerss.org:PMLS:12623"":null,""imerss.org:PMLS:12702"":null,""imerss.org:PMLS:12821"":null,""imerss.org:PMLS:12946"":null,""imerss.org:PMLS:13045"":null,""imerss.org:PMLS:13146"":null,""imerss.org:PMLS:13276"":null,""imerss.org:PMLS:13391"":null,""imerss.org:PMLS:13476"":null,""imerss.org:PMLS:13557"":null,""imerss.org:PMLS:13654"":null,""imerss.org:PMLS:13778"":null,""imerss.org:PMLS:13858"":null,""imerss.org:PMLS:13971"":null,""imerss.org:PMLS:14037"":null,""imerss.org:PMLS:14112"":null,""imerss.org:PMLS:14175"":null,""imerss.org:PMLS:14265"":null,""imerss.org:PMLS:14359"":null,""imerss.org:PMLS:14461"":null,""imerss.org:PMLS:14539"":null,""imerss.org:PMLS:14632"":null,""imerss.org:PMLS:14732"":null,""imerss.org:PMLS:14833"":null,""imerss.org:PMLS:14947"":null,""imerss.org:PMLS:15045"":null,""imerss.org:PMLS:15152"":null,""imerss.org:PMLS:15249"":null,""imerss.org:PMLS:15347"":null,""imerss.org:PMLS:15460"":null,""imerss.org:PMLS:15571"":null,""imerss.org:PMLS:15692"":null,""imerss.org:PMLS:15793"":null,""imerss.org:PMLS:15910"":null,""imerss.org:PMLS:16038"":null,""imerss.org:PMLS:16140"":null,""imerss.org:PMLS:16218"":null,""imerss.org:PMLS:16311"":null,""imerss.org:PMLS:16388"":null,""imerss.org:PMLS:16482"":null,""imerss.org:PMLS:16581"":null,""imerss.org:PMLS:16669"":null,""imerss.org:PMLS:16743"":null,""imerss.org:PMLS:16801"":null,""imerss.org:PMLS:16897"":null,""imerss.org:PMLS:17000"":null,""imerss.org:PMLS:17050"":null,""imerss.org:PMLS:17100"":null,""imerss.org:PMLS:17184"":null,""imerss.org:PMLS:17274"":null,""imerss.org:PMLS:17376"":null,""imerss.org:PMLS:17472"":null,""imerss.org:PMLS:17576"":null,""imerss.org:PMLS:17702"":null,""imerss.org:PMLS:17819"":null,""imerss.org:PMLS:17907"":null,""imerss.org:PMLS:17963"":null,""imerss.org:PMLS:18045"":null,""imerss.org:PMLS:18127"":null,""imerss.org:PMLS:18245"":null,""imerss.org:PMLS:18321"":null,""imerss.org:PMLS:18534"":null,""imerss.org:PMLS:18563"":null,""imerss.org:iNat:129284347"":null,""imerss.org:PMLS:18595"":null,""imerss.org:PMLS:18619"":null,""imerss.org:iNat:45326878"":null,""imerss.org:iNat:45326899"":null,""imerss.org:iNat:67837144"":null,""imerss.org:iNat:69181282"":null,""imerss.org:iNat:70790694"":null,""imerss.org:iNat:70790698"":null,""imerss.org:iNat:93764667"":null,""imerss.org:iNat:106766248"":null,""imerss.org:iNat:103178041"":null,""imerss.org:iNat:103178045"":null}",Animalia,Cnidaria,,,Anthozoa,Hexacorallia,,Actiniaria,Enthemonae,,Metridioidea,Metridiidae,,,Metridium,farcimen,Andy Lamb,,,,imerss.org:PMLS:193,1973-09-21T00:00:00.000Z,Andrew Simon,,,,imerss.org:iNat:103178041,2021-12-16T00:00:00.000Z
Metridium senile,49071,Metridium senile,"(Linnaeus, 1761)",42,"{""imerss.org:PMLS:1"":null,""imerss.org:PMLS:13"":null,""imerss.org:PMLS:57"":null,""imerss.org:PMLS:105"":null,""imerss.org:PMLS:140"":null,""imerss.org:PMLS:232"":null,""imerss.org:PMLS:287"":null,""imerss.org:PMLS:618"":null,""imerss.org:PMLS:709"":null,""imerss.org:PMLS:1837"":null,""imerss.org:PMLS:1914"":null,""imerss.org:PMLS:2001"":null,""imerss.org:PMLS:2079"":null,""imerss.org:PMLS:2197"":null,""imerss.org:PMLS:2287"":null,""imerss.org:PMLS:2397"":null,""imerss.org:PMLS:2496"":null,""imerss.org:PMLS:2579"":null,""imerss.org:PMLS:2670"":null,""imerss.org:PMLS:2754"":null,""imerss.org:PMLS:3189"":null,""imerss.org:PMLS:3898"":null,""imerss.org:PMLS:5175"":null,""imerss.org:PMLS:6648"":null,""imerss.org:iNat:6047558"":null,""imerss.org:iNat:22642730"":null,""imerss.org:iNat:129284388"":null,""imerss.org:iNat:24771938"":null,""imerss.org:iNat:24937213"":null,""imerss.org:iNat:32022381"":null,""imerss.org:iNat:72865137"":null,""imerss.org:iNat:75594218"":null,""imerss.org:iNat:84819139"":null,""imerss.org:iNat:86743429"":null,""imerss.org:iNat:102592163"":null,""imerss.org:iNat:102593862"":null,""imerss.org:iNat:103178035"":null,""imerss.org:iNat:103178040"":null,""imerss.org:iNat:103178052"":null,""imerss.org:iNat:103178053"":null,""imerss.org:iNat:103178056"":null,""imerss.org:iNat:124069840"":null}",Animalia,Cnidaria,,,Anthozoa,Hexacorallia,,Actiniaria,Enthemonae,,Metridioidea,Metridiidae,,,Metridium,senile,Andy Lamb,,,,imerss.org:PMLS:1,1968-08-02T00:00:00.000Z,Andrew Simon,,,,imerss.org:iNat:124069840,2022-06-26T00:00:00.000Z
Mitrocoma cellularia,493918,Mitrocoma cellularia,"(Agassiz, 1862)",16,"{""imerss.org:CMN:CMNI 2012-0102"":null,""imerss.org:PMLS:292"":null,""imerss.org:PMLS:1018"":null,""imerss.org:PMLS:1218"":null,""imerss.org:PMLS:2278"":null,""imerss.org:PMLS:7400"":null,""imerss.org:PMLS:7517"":null,""imerss.org:PMLS:7616"":null,""imerss.org:PMLS:11909"":null,""imerss.org:PMLS:12201"":null,""imerss.org:PMLS:13569"":null,""imerss.org:PMLS:17912"":null,""imerss.org:iNat:45326871"":null,""imerss.org:iNat:74472264"":null,""imerss.org:iNat:74711604"":null,""imerss.org:iNat:84859703"":null}",Animalia,Cnidaria,,,Hydrozoa,Hydroidolina,,Leptothecata,,,,Mitrocomidae,,,Mitrocoma,cellularia,"Fisheries Research Board of Canada, Nanaimo",,,CMNI 2012-0102,imerss.org:CMN:CMNI 2012-0102,1928-07-19T00:00:00.000Z,Dave Zeuss Cochrane,,,,imerss.org:iNat:84859703,2021-06-24T00:00:00.000Z
Muggiaea,201710,Muggiaea sp.,,3,"{""imerss.org:PMLS:10829"":null,""imerss.org:PMLS:10993"":null,""imerss.org:PMLS:11616"":null}",Animalia,Cnidaria,,,Hydrozoa,Hydroidolina,,Siphonophorae,Calycophorae,,,Diphyidae,Diphyinae,,Muggiaea,,Andy Lamb,,,,imerss.org:PMLS:10829,2009-04-11T00:00:00.000Z,Andy Lamb,,,,imerss.org:PMLS:11616,2009-07-04T00:00:00.000Z
Nanomia bijuga,506580,Nanomia bijuga,"(Delle Chiaje, 1844)",26,"{""imerss.org:PMLS:629"":null,""imerss.org:PMLS:705"":null,""imerss.org:PMLS:783"":null,""imerss.org:PMLS:932"":null,""imerss.org:PMLS:1573"":null,""imerss.org:PMLS:2281"":null,""imerss.org:PMLS:3404"":null,""imerss.org:PMLS:4422"":null,""imerss.org:PMLS:8020"":null,""imerss.org:PMLS:9088"":null,""imerss.org:PMLS:10567"":null,""imerss.org:PMLS:11290"":null,""imerss.org:PMLS:12296"":null,""imerss.org:PMLS:12958"":null,""imerss.org:PMLS:13058"":null,""imerss.org:PMLS:14957"":null,""imerss.org:PMLS:15924"":null,""imerss.org:iNat:4052157"":null,""imerss.org:PMLS:16807"":null,""imerss.org:PMLS:16909"":null,""imerss.org:iNat:7647295"":null,""imerss.org:iNat:69181295"":null,""imerss.org:iNat:71173039"":null,""imerss.org:iNat:71178872"":null,""imerss.org:iNat:74472249"":null,""imerss.org:iNat:74711621"":null}",Animalia,Cnidaria,,,Hydrozoa,Hydroidolina,,Siphonophorae,Physonectae,,,Agalmatidae,,,Nanomia,bijuga,Charlie Gibbs,,,,imerss.org:PMLS:629,1993-05-09T00:00:00.000Z,Andrew Simon,,,,imerss.org:iNat:74711621,2021-04-20T00:00:00.000Z
Neoturris breviconis,491131,Neoturris breviconis,"(Murbach & Shearer, 1902)",17,"{""imerss.org:PMLS:4730"":null,""imerss.org:PMLS:6755"":null,""imerss.org:PMLS:6861"":null,""imerss.org:PMLS:6984"":null,""imerss.org:PMLS:10565"":null,""imerss.org:PMLS:10991"":null,""imerss.org:PMLS:11113"":null,""imerss.org:iNat:3706339"":null,""imerss.org:PMLS:15922"":null,""imerss.org:iNat:2854949"":null,""imerss.org:iNat:7647301"":null,""imerss.org:iNat:24771932"":null,""imerss.org:iNat:24819297"":null,""imerss.org:iNat:45326884"":null,""imerss.org:iNat:73718037"":null,""imerss.org:iNat:73721928"":null,""imerss.org:iNat:74014934"":null}",Animalia,Cnidaria,,,Hydrozoa,Hydroidolina,,Anthoathecata,Filifera,,,Pandeidae,,,Neoturris,breviconis,Andy Lamb,,,,imerss.org:PMLS:4730,2007-09-29T00:00:00.000Z,Andrew Simon,,,,imerss.org:iNat:74014934,2021-04-14T00:00:00.000Z
Obelia,49536,Obelia spp.,,26,"{""imerss.org:PMLS:2"":null,""imerss.org:PMLS:479"":null,""imerss.org:PMLS:1112"":null,""imerss.org:PMLS:1325"":null,""imerss.org:PMLS:3532"":null,""imerss.org:PMLS:4339"":null,""imerss.org:PMLS:4852"":null,""imerss.org:PMLS:5654"":null,""imerss.org:PMLS:6858"":null,""imerss.org:PMLS:8012"":null,""imerss.org:PMLS:8664"":null,""imerss.org:PMLS:11194"":null,""imerss.org:PMLS:11284"":null,""imerss.org:PMLS:11716"":null,""imerss.org:PMLS:13156"":null,""imerss.org:PMLS:13286"":null,""imerss.org:PMLS:15051"":null,""imerss.org:PMLS:15257"":null,""imerss.org:PMLS:16226"":null,""imerss.org:PMLS:16674"":null,""imerss.org:PMLS:17479"":null,""imerss.org:PMLS:17708"":null,""imerss.org:PMLS:17971"":null,""imerss.org:PMLS:18052"":null,""imerss.org:PMLS:18134"":null,""imerss.org:iNat:82260691"":null}",Animalia,Cnidaria,,,Hydrozoa,Hydroidolina,,Leptothecata,,,,Campanulariidae,,,Obelia,,Andy Lamb,,,,imerss.org:PMLS:2,1968-08-02T00:00:00.000Z,Andrew Simon,,,,imerss.org:iNat:82260691,2021-06-08T00:00:00.000Z
Aulacomnium,124387,Orthopyxis sp.,,14,"{""imerss.org:PMLS:1016"":null,""imerss.org:PMLS:3909"":null,""imerss.org:PMLS:4727"":null,""imerss.org:PMLS:5187"":null,""imerss.org:PMLS:6490"":null,""imerss.org:PMLS:6659"":null,""imerss.org:PMLS:6752"":null,""imerss.org:PMLS:7825"":null,""imerss.org:PMLS:10980"":null,""imerss.org:PMLS:11908"":null,""imerss.org:PMLS:12013"":null,""imerss.org:PMLS:14183"":null,""imerss.org:PMLS:15582"":null,""imerss.org:PMLS:17289"":null}",Plantae,Bryophyta,,,Bryopsida,,,Aulacomniales,,,,Aulacomniaceae,,,Aulacomnium,,Andy Lamb,,,,imerss.org:PMLS:1016,1994-09-10T00:00:00.000Z,Andy Lamb,,,,imerss.org:PMLS:17289,2016-03-27T00:00:00.000Z
Pachycerianthus fimbriatus,47702,Pachycerianthus fimbriatus,"McMurrich, 1910",167,"{""imerss.org:PMLS:143"":null,""imerss.org:PMLS:194"":null,""imerss.org:PMLS:560"":null,""imerss.org:PMLS:620"":null,""imerss.org:PMLS:786"":null,""imerss.org:PMLS:853"":null,""imerss.org:PMLS:927"":null,""imerss.org:PMLS:1107"":null,""imerss.org:PMLS:1194"":null,""imerss.org:PMLS:1226"":null,""imerss.org:PMLS:1323"":null,""imerss.org:PMLS:1377"":null,""imerss.org:PMLS:1469"":null,""imerss.org:PMLS:1567"":null,""imerss.org:PMLS:1752"":null,""imerss.org:PMLS:1916"":null,""imerss.org:PMLS:2082"":null,""imerss.org:PMLS:2284"":null,""imerss.org:PMLS:2392"":null,""imerss.org:PMLS:2493"":null,""imerss.org:PMLS:2574"":null,""imerss.org:PMLS:2666"":null,""imerss.org:PMLS:2786"":null,""imerss.org:PMLS:3009"":null,""imerss.org:PMLS:3309"":null,""imerss.org:PMLS:3392"":null,""imerss.org:PMLS:3525"":null,""imerss.org:PMLS:3665"":null,""imerss.org:PMLS:3778"":null,""imerss.org:PMLS:3993"":null,""imerss.org:PMLS:4216"":null,""imerss.org:PMLS:4333"":null,""imerss.org:PMLS:4417"":null,""imerss.org:PMLS:4506"":null,""imerss.org:PMLS:4614"":null,""imerss.org:PMLS:4720"":null,""imerss.org:PMLS:4848"":null,""imerss.org:PMLS:4950"":null,""imerss.org:PMLS:5046"":null,""imerss.org:PMLS:5179"":null,""imerss.org:PMLS:5288"":null,""imerss.org:PMLS:5370"":null,""imerss.org:PMLS:5477"":null,""imerss.org:PMLS:5570"":null,""imerss.org:PMLS:5648"":null,""imerss.org:PMLS:5749"":null,""imerss.org:PMLS:5847"":null,""imerss.org:PMLS:6197"":null,""imerss.org:PMLS:6386"":null,""imerss.org:PMLS:6852"":null,""imerss.org:PMLS:7116"":null,""imerss.org:PMLS:7214"":null,""imerss.org:PMLS:7274"":null,""imerss.org:PMLS:7394"":null,""imerss.org:PMLS:7606"":null,""imerss.org:PMLS:7908"":null,""imerss.org:PMLS:8112"":null,""imerss.org:PMLS:8208"":null,""imerss.org:PMLS:8289"":null,""imerss.org:PMLS:8381"":null,""imerss.org:PMLS:8476"":null,""imerss.org:PMLS:8658"":null,""imerss.org:PMLS:8760"":null,""imerss.org:PMLS:8998"":null,""imerss.org:PMLS:9078"":null,""imerss.org:PMLS:9174"":null,""imerss.org:PMLS:9252"":null,""imerss.org:PMLS:9323"":null,""imerss.org:PMLS:9415"":null,""imerss.org:PMLS:9524"":null,""imerss.org:PMLS:9633"":null,""imerss.org:PMLS:9756"":null,""imerss.org:PMLS:9873"":null,""imerss.org:PMLS:9979"":null,""imerss.org:PMLS:10088"":null,""imerss.org:PMLS:10256"":null,""imerss.org:PMLS:10412"":null,""imerss.org:PMLS:10501"":null,""imerss.org:PMLS:10547"":null,""imerss.org:PMLS:10672"":null,""imerss.org:PMLS:10808"":null,""imerss.org:PMLS:11104"":null,""imerss.org:PMLS:11188"":null,""imerss.org:PMLS:11278"":null,""imerss.org:PMLS:11414"":null,""imerss.org:PMLS:11511"":null,""imerss.org:PMLS:11607"":null,""imerss.org:PMLS:11711"":null,""imerss.org:PMLS:11803"":null,""imerss.org:PMLS:12008"":null,""imerss.org:PMLS:12096"":null,""imerss.org:PMLS:12195"":null,""imerss.org:PMLS:12286"":null,""imerss.org:PMLS:12441"":null,""imerss.org:PMLS:12521"":null,""imerss.org:PMLS:12624"":null,""imerss.org:PMLS:12705"":null,""imerss.org:PMLS:12822"":null,""imerss.org:PMLS:12949"":null,""imerss.org:PMLS:13046"":null,""imerss.org:PMLS:13150"":null,""imerss.org:PMLS:13278"":null,""imerss.org:PMLS:13393"":null,""imerss.org:PMLS:13479"":null,""imerss.org:PMLS:13559"":null,""imerss.org:PMLS:13658"":null,""imerss.org:PMLS:13780"":null,""imerss.org:PMLS:13861"":null,""imerss.org:PMLS:13973"":null,""imerss.org:PMLS:14040"":null,""imerss.org:PMLS:14115"":null,""imerss.org:PMLS:14268"":null,""imerss.org:PMLS:14361"":null,""imerss.org:PMLS:14464"":null,""imerss.org:PMLS:14542"":null,""imerss.org:PMLS:14635"":null,""imerss.org:PMLS:14735"":null,""imerss.org:PMLS:14835"":null,""imerss.org:PMLS:14950"":null,""imerss.org:PMLS:15046"":null,""imerss.org:PMLS:15252"":null,""imerss.org:PMLS:15349"":null,""imerss.org:PMLS:15462"":null,""imerss.org:PMLS:15575"":null,""imerss.org:PMLS:15694"":null,""imerss.org:PMLS:15912"":null,""imerss.org:PMLS:16041"":null,""imerss.org:PMLS:16141"":null,""imerss.org:PMLS:16221"":null,""imerss.org:PMLS:16314"":null,""imerss.org:PMLS:16391"":null,""imerss.org:PMLS:16484"":null,""imerss.org:PMLS:16582"":null,""imerss.org:PMLS:16803"":null,""imerss.org:PMLS:16899"":null,""imerss.org:PMLS:17004"":null,""imerss.org:iNat:2763393"":null,""imerss.org:PMLS:17101"":null,""imerss.org:PMLS:17185"":null,""imerss.org:PMLS:17378"":null,""imerss.org:iNat:4052594"":null,""imerss.org:PMLS:17474"":null,""imerss.org:PMLS:17580"":null,""imerss.org:PMLS:17704"":null,""imerss.org:PMLS:17783"":null,""imerss.org:PMLS:17820"":null,""imerss.org:PMLS:17908"":null,""imerss.org:PMLS:17965"":null,""imerss.org:PMLS:18048"":null,""imerss.org:PMLS:18129"":null,""imerss.org:iNat:15702549"":null,""imerss.org:PMLS:18247"":null,""imerss.org:PMLS:18322"":null,""imerss.org:PMLS:18447"":null,""imerss.org:PMLS:18472"":null,""imerss.org:PMLS:18535"":null,""imerss.org:iNat:24792367"":null,""imerss.org:iNat:30012088"":null,""imerss.org:iNat:129150988"":null,""imerss.org:iNat:129284398"":null,""imerss.org:iNat:69844522"":null,""imerss.org:iNat:69845916"":null,""imerss.org:iNat:88327896"":null,""imerss.org:iNat:107422998"":null,""imerss.org:iNat:124076115"":null,""imerss.org:iNat:128941863"":null,""imerss.org:iNat:136884707"":null}",Animalia,Cnidaria,,,Anthozoa,Ceriantharia,,Spirularia,,,,Cerianthidae,,,Pachycerianthus,fimbriatus,Andy Lamb,,,,imerss.org:PMLS:143,1973-09-20T00:00:00.000Z,Dave Zeuss Cochrane,,,,imerss.org:iNat:136884707,2022-09-28T00:00:00.000Z
Paracyathus stearnsii,293284,Paracyathus stearnsii,"Verrill, 1869",4,"{""imerss.org:PMLS:3395"":null,""imerss.org:PMLS:4109"":null,""imerss.org:PMLS:7911"":null,""imerss.org:PMLS:17381"":null}",Animalia,Cnidaria,,,Anthozoa,Hexacorallia,,Scleractinia,,,,Caryophylliidae,,,Paracyathus,stearnsii,Andy Lamb,,,,imerss.org:PMLS:3395,2006-06-23T00:00:00.000Z,Andy Lamb,,,,imerss.org:PMLS:17381,2016-03-27T00:00:00.000Z
Peachia quinquecapitata,47814,Peachia quinquecapitata,"McMurrich, 1913",4,"{""imerss.org:PMLS:3391"":null,""imerss.org:PMLS:7393"":null,""imerss.org:PMLS:14267"":null,""imerss.org:PMLS:15795"":null}",Animalia,Cnidaria,,,Anthozoa,Hexacorallia,,Actiniaria,Enthemonae,,Actinioidea,Haloclavidae,,,Peachia,quinquecapitata,Andy Lamb,,,,imerss.org:PMLS:3391,2006-06-23T00:00:00.000Z,Andy Lamb,,,,imerss.org:PMLS:15795,2012-10-09T00:00:00.000Z
Phacellophora camtschatica,52966,Phacellophora camtschatica,"Brandt, 1835",26,"{""imerss.org:PMLS:1017"":null,""imerss.org:PMLS:2282"":null,""imerss.org:PMLS:3401"":null,""imerss.org:PMLS:3537"":null,""imerss.org:PMLS:7615"":null,""imerss.org:PMLS:13159"":null,""imerss.org:PMLS:13288"":null,""imerss.org:PMLS:13668"":null,""imerss.org:PMLS:14467"":null,""imerss.org:PMLS:14547"":null,""imerss.org:iNat:3369535"":null,""imerss.org:iNat:3680726"":null,""imerss.org:PMLS:17481"":null,""imerss.org:PMLS:17589"":null,""imerss.org:PMLS:17911"":null,""imerss.org:PMLS:18136"":null,""imerss.org:iNat:26605378"":null,""imerss.org:iNat:30436643"":null,""imerss.org:iNat:50619930"":null,""imerss.org:iNat:68354929"":null,""imerss.org:iNat:74472235"":null,""imerss.org:iNat:80117238"":null,""imerss.org:iNat:80149558"":null,""imerss.org:iNat:80452749"":null,""imerss.org:iNat:81939579"":null,""imerss.org:iNat:82222214"":null}",Animalia,Cnidaria,,,Scyphozoa,Discomedusae,,Semaeostomeae,,,,Phacellophoridae,,,Phacellophora,camtschatica,Andy Lamb,,,,imerss.org:PMLS:1017,1994-09-10T00:00:00.000Z,Kevin Toomer,,,,imerss.org:iNat:82222214,2021-06-08T00:00:00.000Z
Plumularia setacea,209141,Plumularia setacea,"(Linnaeus, 1758)",38,"{""cd9fc981-c58d-41d2-88e4-cf8b94d3d80d"":null,""imerss.org:PMLS:237"":null,""imerss.org:PMLS:291"":null,""imerss.org:PMLS:381"":null,""imerss.org:PMLS:478"":null,""imerss.org:PMLS:1842"":null,""imerss.org:PMLS:1997"":null,""imerss.org:PMLS:2191"":null,""imerss.org:PMLS:2872"":null,""imerss.org:PMLS:3198"":null,""imerss.org:PMLS:3905"":null,""imerss.org:PMLS:5756"":null,""imerss.org:PMLS:7281"":null,""imerss.org:PMLS:7613"":null,""imerss.org:PMLS:8214"":null,""imerss.org:PMLS:8575"":null,""imerss.org:PMLS:8764"":null,""imerss.org:PMLS:8924"":null,""imerss.org:PMLS:10183"":null,""imerss.org:PMLS:10417"":null,""imerss.org:PMLS:10504"":null,""imerss.org:PMLS:10818"":null,""imerss.org:PMLS:10972"":null,""imerss.org:PMLS:11110"":null,""imerss.org:PMLS:11905"":null,""imerss.org:PMLS:13053"":null,""imerss.org:PMLS:13155"":null,""imerss.org:PMLS:13665"":null,""imerss.org:PMLS:14180"":null,""imerss.org:PMLS:14369"":null,""imerss.org:PMLS:15256"":null,""imerss.org:PMLS:16045"":null,""imerss.org:PMLS:16145"":null,""imerss.org:PMLS:16673"":null,""imerss.org:PMLS:17189"":null,""imerss.org:PMLS:17284"":null,""imerss.org:PMLS:17707"":null,""imerss.org:PMLS:18251"":null}",Animalia,Cnidaria,,,Hydrozoa,Hydroidolina,,Leptothecata,,,Plumularioidea,Plumulariidae,,,Plumularia,setacea,,Invertebrate Zoology,,976-00936-001,cd9fc981-c58d-41d2-88e4-cf8b94d3d80d,1913-06-06T00:00:00.000Z,Andy Lamb,,,,imerss.org:PMLS:18251,2019-03-11T00:00:00.000Z
Plumularia,60609,Plumularia sp.,,28,"{""imerss.org:PMLS:382"":null,""imerss.org:PMLS:1014"":null,""imerss.org:PMLS:2873"":null,""imerss.org:PMLS:3399"":null,""imerss.org:PMLS:3531"":null,""imerss.org:PMLS:3906"":null,""imerss.org:PMLS:3998"":null,""imerss.org:PMLS:4110"":null,""imerss.org:PMLS:4565"":null,""imerss.org:PMLS:5376"":null,""imerss.org:PMLS:6653"":null,""imerss.org:PMLS:6745"":null,""imerss.org:PMLS:6857"":null,""imerss.org:PMLS:8119"":null,""imerss.org:PMLS:10184"":null,""imerss.org:PMLS:10554"":null,""imerss.org:PMLS:10819"":null,""imerss.org:PMLS:10973"":null,""imerss.org:PMLS:11715"":null,""imerss.org:PMLS:12011"":null,""imerss.org:PMLS:12528"":null,""imerss.org:PMLS:15915"":null,""imerss.org:PMLS:16225"":null,""imerss.org:PMLS:16589"":null,""imerss.org:PMLS:16907"":null,""imerss.org:PMLS:17285"":null,""imerss.org:PMLS:17383"":null,""imerss.org:PMLS:17825"":null}",Animalia,Cnidaria,,,Hydrozoa,Hydroidolina,,Leptothecata,,,Plumularioidea,Plumulariidae,,,Plumularia,,Andy Lamb,,,,imerss.org:PMLS:382,1985-08-02T00:00:00.000Z,Andy Lamb,,,,imerss.org:PMLS:17825,2017-03-18T00:00:00.000Z
Polyorchis penicillatus,51640,Polyorchis penicillatus,"(Eschscholtz, 1829)",9,"{""imerss.org:iNat:97205565"":null,""imerss.org:PMLS:10563"":null,""imerss.org:iNat:97205568"":null,""imerss.org:iNat:3680720"":null,""imerss.org:iNat:103172048"":null,""imerss.org:PMLS:18567"":null,""imerss.org:iNat:32022373"":null,""imerss.org:iNat:129486750"":null,""imerss.org:iNat:135448675"":null}",Animalia,Cnidaria,,,Hydrozoa,Hydroidolina,,Anthoathecata,Capitata,,,Corynidae,,,Polyorchis,penicillatus,Karolle Wall,,,,imerss.org:iNat:97205565,2006-06-11T00:00:00.000Z,Dave Zeuss Cochrane,,,,imerss.org:iNat:135448675,2022-09-17T00:00:00.000Z
Ptilosarcus gurneyi,448320,Ptilosarcus gurneyi,"(Gray, 1860)",134,"{""56c297e6-ee2a-4bd2-a40b-859d55cbc0a7"":null,""imerss.org:PMLS:15"":null,""imerss.org:PMLS:101"":null,""imerss.org:PMLS:145"":null,""imerss.org:PMLS:196"":null,""imerss.org:PMLS:375"":null,""imerss.org:PMLS:475"":null,""imerss.org:PMLS:622"":null,""imerss.org:PMLS:785"":null,""imerss.org:PMLS:856"":null,""imerss.org:PMLS:930"":null,""imerss.org:PMLS:1110"":null,""imerss.org:PMLS:1225"":null,""imerss.org:PMLS:1324"":null,""imerss.org:PMLS:1381"":null,""imerss.org:PMLS:1751"":null,""imerss.org:PMLS:1918"":null,""imerss.org:PMLS:2085"":null,""imerss.org:PMLS:2194"":null,""imerss.org:PMLS:2283"":null,""imerss.org:PMLS:2492"":null,""imerss.org:PMLS:2573"":null,""imerss.org:PMLS:2665"":null,""imerss.org:PMLS:3011"":null,""imerss.org:PMLS:3397"":null,""imerss.org:PMLS:3528"":null,""imerss.org:PMLS:3669"":null,""imerss.org:PMLS:3782"":null,""imerss.org:PMLS:3996"":null,""imerss.org:PMLS:4337"":null,""imerss.org:PMLS:4509"":null,""imerss.org:PMLS:4724"":null,""imerss.org:PMLS:4954"":null,""imerss.org:PMLS:5183"":null,""imerss.org:PMLS:5291"":null,""imerss.org:PMLS:5373"":null,""imerss.org:PMLS:5480"":null,""imerss.org:PMLS:5652"":null,""imerss.org:PMLS:5753"":null,""imerss.org:PMLS:5851"":null,""imerss.org:PMLS:6297"":null,""imerss.org:PMLS:6390"":null,""imerss.org:PMLS:6565"":null,""imerss.org:PMLS:6855"":null,""imerss.org:PMLS:7120"":null,""imerss.org:PMLS:7278"":null,""imerss.org:PMLS:7610"":null,""imerss.org:PMLS:8116"":null,""imerss.org:PMLS:8212"":null,""imerss.org:PMLS:8293"":null,""imerss.org:PMLS:8384"":null,""imerss.org:PMLS:8480"":null,""imerss.org:PMLS:8662"":null,""imerss.org:PMLS:8763"":null,""imerss.org:PMLS:9081"":null,""imerss.org:PMLS:9255"":null,""imerss.org:PMLS:9327"":null,""imerss.org:PMLS:9528"":null,""imerss.org:PMLS:9636"":null,""imerss.org:PMLS:9760"":null,""imerss.org:PMLS:9878"":null,""imerss.org:PMLS:9983"":null,""imerss.org:PMLS:10092"":null,""imerss.org:PMLS:10259"":null,""imerss.org:PMLS:10415"":null,""imerss.org:PMLS:10503"":null,""imerss.org:PMLS:10551"":null,""imerss.org:PMLS:10812"":null,""imerss.org:PMLS:10965"":null,""imerss.org:PMLS:11108"":null,""imerss.org:PMLS:11192"":null,""imerss.org:PMLS:11282"":null,""imerss.org:PMLS:11418"":null,""imerss.org:PMLS:11515"":null,""imerss.org:PMLS:11611"":null,""imerss.org:PMLS:11807"":null,""imerss.org:PMLS:12198"":null,""imerss.org:PMLS:12289"":null,""imerss.org:PMLS:12443"":null,""imerss.org:PMLS:12525"":null,""imerss.org:PMLS:12628"":null,""imerss.org:PMLS:12709"":null,""imerss.org:PMLS:12826"":null,""imerss.org:PMLS:12953"":null,""imerss.org:PMLS:13050"":null,""imerss.org:PMLS:13153"":null,""imerss.org:PMLS:13395"":null,""imerss.org:PMLS:13562"":null,""imerss.org:PMLS:13662"":null,""imerss.org:PMLS:13783"":null,""imerss.org:PMLS:13865"":null,""imerss.org:PMLS:13975"":null,""imerss.org:PMLS:14043"":null,""imerss.org:PMLS:14270"":null,""imerss.org:PMLS:14365"":null,""imerss.org:PMLS:14466"":null,""imerss.org:PMLS:14739"":null,""imerss.org:PMLS:14839"":null,""imerss.org:PMLS:14954"":null,""imerss.org:PMLS:15049"":null,""imerss.org:PMLS:15254"":null,""imerss.org:PMLS:15464"":null,""imerss.org:PMLS:15697"":null,""imerss.org:PMLS:16143"":null,""imerss.org:iNat:2976007"":null,""imerss.org:PMLS:16223"":null,""imerss.org:PMLS:16394"":null,""imerss.org:PMLS:16486"":null,""imerss.org:PMLS:16585"":null,""imerss.org:PMLS:16745"":null,""imerss.org:PMLS:16805"":null,""imerss.org:PMLS:16903"":null,""imerss.org:PMLS:17005"":null,""imerss.org:iNat:2763461"":null,""imerss.org:PMLS:17104"":null,""imerss.org:PMLS:17188"":null,""imerss.org:PMLS:17382"":null,""imerss.org:PMLS:17584"":null,""imerss.org:PMLS:17822"":null,""imerss.org:PMLS:17969"":null,""imerss.org:PMLS:18050"":null,""imerss.org:PMLS:18132"":null,""imerss.org:PMLS:18249"":null,""imerss.org:PMLS:18449"":null,""imerss.org:PMLS:18537"":null,""imerss.org:PMLS:18566"":null,""imerss.org:iNat:30012055"":null,""imerss.org:iNat:129284356"":null,""imerss.org:PMLS:18597"":null,""imerss.org:PMLS:18621"":null,""imerss.org:iNat:128527382"":null,""imerss.org:iNat:84876453"":null,""imerss.org:iNat:96554106"":null,""imerss.org:iNat:124073097"":null}",Animalia,Cnidaria,,,Anthozoa,Octocorallia,,Scleralcyonacea,,,Pennatuloidea,Pennatulidae,,,Ptilosarcus,gurneyi,,Invertebrate Zoology,,976-01146-015,56c297e6-ee2a-4bd2-a40b-859d55cbc0a7,1923-06-18T00:00:00.000Z,Dave Zeuss Cochrane,,,,imerss.org:iNat:124073097,2022-06-26T00:00:00.000Z
Rhizocaulus verticillatus,127158,Rhizocaulus verticillatus,"(Linnaeus, 1758)",5,"{""imerss.org:PMLS:6652"":null,""imerss.org:PMLS:10817"":null,""imerss.org:PMLS:10971"":null,""imerss.org:PMLS:13285"":null,""imerss.org:PMLS:14843"":null}",Animalia,Cnidaria,,,Hydrozoa,Hydroidolina,,Leptothecata,,,,Campanulariidae,,,Rhizocaulus,verticillatus,Andy Lamb,,,,imerss.org:PMLS:6652,2008-03-22T00:00:00.000Z,Andy Lamb,,,,imerss.org:PMLS:14843,2011-11-18T00:00:00.000Z
Sarsia,51653,Sarsia spp.,,1,"{""imerss.org:PMLS:10990"":null}",Animalia,Cnidaria,,,Hydrozoa,Hydroidolina,,Anthoathecata,Capitata,,,Corynidae,,,Sarsia,,Andy Lamb,,,,imerss.org:PMLS:10990,2009-04-13T00:00:00.000Z,Andy Lamb,,,,imerss.org:PMLS:10990,2009-04-13T00:00:00.000Z
Sarsia tubulosa,448319,Sarsia tubulosa,"(M. Sars, 1835)",2,"{""5ffecf6f-6a90-4a0e-b6f8-bc440687b6d8"":null,""imerss.org:PMLS:10975"":null}",Animalia,Cnidaria,,,Hydrozoa,Hydroidolina,,Anthoathecata,Capitata,,,Corynidae,,,Sarsia,tubulosa,,Invertebrate Zoology,,976-00141-001,5ffecf6f-6a90-4a0e-b6f8-bc440687b6d8,1913-06-06T00:00:00.000Z,Andy Lamb,,,,imerss.org:PMLS:10975,2009-04-13T00:00:00.000Z
Schuchertinia allmanii,1118982,Schuchertinia allmanii,"(Bonnevie, 1898)",3,"{""imerss.org:PMLS:385"":null,""imerss.org:PMLS:2742"":null,""imerss.org:PMLS:4421"":null}",Animalia,Cnidaria,,,Hydrozoa,Hydroidolina,,Anthoathecata,Filifera,,,Hydractiniidae,,,Schuchertinia,allmanii,Andy Lamb,,,,imerss.org:PMLS:385,1985-08-02T00:00:00.000Z,Charlie Gibbs,,,,imerss.org:PMLS:4421,2006-12-02T00:00:00.000Z
Schuchertinia milleri,854771,Schuchertinia milleri,"(Torrey, 1902)",35,"{""imerss.org:PMLS:480"":null,""imerss.org:PMLS:1385"":null,""imerss.org:PMLS:1474"":null,""imerss.org:PMLS:1844"":null,""imerss.org:PMLS:1994"":null,""imerss.org:PMLS:2087"":null,""imerss.org:PMLS:2189"":null,""imerss.org:PMLS:2388"":null,""imerss.org:PMLS:2876"":null,""imerss.org:PMLS:3199"":null,""imerss.org:PMLS:3533"":null,""imerss.org:PMLS:4853"":null,""imerss.org:PMLS:5185"":null,""imerss.org:PMLS:5482"":null,""imerss.org:PMLS:6082"":null,""imerss.org:PMLS:6201"":null,""imerss.org:PMLS:7399"":null,""imerss.org:PMLS:9083"":null,""imerss.org:PMLS:10186"":null,""imerss.org:PMLS:10326"":null,""imerss.org:PMLS:10555"":null,""imerss.org:PMLS:10676"":null,""imerss.org:PMLS:10821"":null,""imerss.org:PMLS:11285"":null,""imerss.org:PMLS:11420"":null,""imerss.org:PMLS:11613"":null,""imerss.org:PMLS:12292"":null,""imerss.org:PMLS:12631"":null,""imerss.org:PMLS:12831"":null,""imerss.org:PMLS:13157"":null,""imerss.org:PMLS:13666"":null,""imerss.org:PMLS:15580"":null,""imerss.org:PMLS:17287"":null,""imerss.org:PMLS:17480"":null,""imerss.org:PMLS:18135"":null}",Animalia,Cnidaria,,,Hydrozoa,Hydroidolina,,Anthoathecata,Filifera,,,Hydractiniidae,,,Schuchertinia,milleri,Andy Lamb,,,,imerss.org:PMLS:480,1985-12-07T00:00:00.000Z,Andy Lamb,,,,imerss.org:PMLS:18135,2018-06-19T00:00:00.000Z
Sertularella,60656,Sertularella sp.,,1,"{""imerss.org:PMLS:379"":null}",Animalia,Cnidaria,,,Hydrozoa,Hydroidolina,,Leptothecata,,,Sertularioidea,Sertularellidae,,,Sertularella,,Andy Lamb,,,,imerss.org:PMLS:379,1985-08-02T00:00:00.000Z,Andy Lamb,,,,imerss.org:PMLS:379,1985-08-02T00:00:00.000Z
Similiclava nivea,873890,Similiclava nivea,"Calder, Choong & McDaniel, 2015",68,"{""imerss.org:PMLS:386"":null,""imerss.org:PMLS:481"":null,""imerss.org:PMLS:562"":null,""imerss.org:PMLS:782"":null,""imerss.org:PMLS:860"":null,""imerss.org:PMLS:1222"":null,""imerss.org:PMLS:1387"":null,""imerss.org:PMLS:2192"":null,""imerss.org:PMLS:2571"":null,""imerss.org:PMLS:3201"":null,""imerss.org:PMLS:3534"":null,""imerss.org:PMLS:5484"":null,""imerss.org:PMLS:5758"":null,""imerss.org:PMLS:5986"":null,""imerss.org:PMLS:6084"":null,""imerss.org:PMLS:6202"":null,""imerss.org:PMLS:6489"":null,""imerss.org:PMLS:6658"":null,""imerss.org:PMLS:6751"":null,""imerss.org:PMLS:8013"":null,""imerss.org:PMLS:8121"":null,""imerss.org:PMLS:8216"":null,""imerss.org:PMLS:8296"":null,""imerss.org:PMLS:8766"":null,""imerss.org:PMLS:9001"":null,""imerss.org:PMLS:9085"":null,""imerss.org:PMLS:9329"":null,""imerss.org:PMLS:9418"":null,""imerss.org:PMLS:9531"":null,""imerss.org:PMLS:9642"":null,""imerss.org:PMLS:9762"":null,""imerss.org:PMLS:9881"":null,""imerss.org:PMLS:10094"":null,""imerss.org:PMLS:10261"":null,""imerss.org:PMLS:10420"":null,""imerss.org:PMLS:10557"":null,""imerss.org:PMLS:10824"":null,""imerss.org:PMLS:10979"":null,""imerss.org:PMLS:11111"":null,""imerss.org:PMLS:11195"":null,""imerss.org:PMLS:11287"":null,""imerss.org:PMLS:11717"":null,""imerss.org:PMLS:11810"":null,""imerss.org:PMLS:12294"":null,""imerss.org:PMLS:12447"":null,""imerss.org:PMLS:12529"":null,""imerss.org:PMLS:12633"":null,""imerss.org:PMLS:12713"":null,""imerss.org:PMLS:12833"":null,""imerss.org:PMLS:13055"":null,""imerss.org:PMLS:13566"":null,""imerss.org:PMLS:13667"":null,""imerss.org:PMLS:13787"":null,""imerss.org:PMLS:13977"":null,""imerss.org:PMLS:14274"":null,""imerss.org:PMLS:14372"":null,""imerss.org:PMLS:14639"":null,""imerss.org:PMLS:14742"":null,""imerss.org:PMLS:14845"":null,""imerss.org:PMLS:14956"":null,""imerss.org:PMLS:15469"":null,""imerss.org:PMLS:15917"":null,""imerss.org:PMLS:16590"":null,""imerss.org:PMLS:16675"":null,""imerss.org:PMLS:16908"":null,""imerss.org:PMLS:17106"":null,""imerss.org:PMLS:17588"":null,""imerss.org:PMLS:18252"":null}",Animalia,Cnidaria,,,Hydrozoa,Hydroidolina,,Anthoathecata,Filifera,,,Similiclavidae,,,Similiclava,nivea,Andy Lamb,,,,imerss.org:PMLS:386,1985-08-02T00:00:00.000Z,Andy Lamb,,,,imerss.org:PMLS:18252,2019-03-11T00:00:00.000Z
Solmissus,247208,Solmissus spp.,,1,"{""imerss.org:PMLS:10561"":null}",Animalia,Cnidaria,,,Hydrozoa,Trachylinae,,Narcomedusae,,,,Cuninidae,,,Solmissus,,Andy Lamb,,,,imerss.org:PMLS:10561,2009-04-04T00:00:00.000Z,Andy Lamb,,,,imerss.org:PMLS:10561,2009-04-04T00:00:00.000Z
Solmundaegina nematophora,1156476,Solmundaegina nematophora,"Lindsay, 2017",2,"{""imerss.org:PMLS:10566"":null,""imerss.org:iNat:72245212"":null}",Animalia,Cnidaria,,,Hydrozoa,Trachylinae,,Narcomedusae,,,,Solmundaeginidae,,,Solmundaegina,nematophora,Andy Lamb,,,,imerss.org:PMLS:10566,2009-04-04T00:00:00.000Z,Dave Zeuss Cochrane,,,,imerss.org:iNat:72245212,2021-03-27T00:00:00.000Z
Stomotoca atra,255140,Stomotoca atra,"L. Agassiz, 1862",2,"{""imerss.org:iNat:4052412"":null,""imerss.org:iNat:7647297"":null}",Animalia,Cnidaria,,,Hydrozoa,Hydroidolina,,Anthoathecata,Filifera,,,Pandeidae,,,Stomotoca,atra,Karolle Wall,,,,imerss.org:iNat:4052412,2015-07-07T00:00:00.000Z,Karolle Wall,,,,imerss.org:iNat:7647297,2017-05-30T00:00:00.000Z
Stomphia coccinea,459981,Stomphia coccinea,"(MÃ¼ller, 1776)",2,"{""imerss.org:PMLS:6851"":null,""imerss.org:PMLS:10671"":null}",Animalia,Cnidaria,,,Anthozoa,Hexacorallia,,Actiniaria,Enthemonae,,Actinostoloidea,Actinostolidae,,,Stomphia,coccinea,Andy Lamb,,,,imerss.org:PMLS:6851,2008-04-27T00:00:00.000Z,Andy Lamb,,,,imerss.org:PMLS:10671,2009-04-04T00:00:00.000Z
Stomphia didemon,501276,Stomphia didemon,"Siebert, 1973",32,"{""imerss.org:PMLS:104"":null,""imerss.org:PMLS:1106"":null,""imerss.org:PMLS:1468"":null,""imerss.org:PMLS:1566"":null,""imerss.org:PMLS:1667"":null,""imerss.org:PMLS:3308"":null,""imerss.org:PMLS:3524"":null,""imerss.org:PMLS:3777"":null,""imerss.org:PMLS:4332"":null,""imerss.org:PMLS:4613"":null,""imerss.org:PMLS:6196"":null,""imerss.org:PMLS:6560"":null,""imerss.org:PMLS:7392"":null,""imerss.org:PMLS:7512"":null,""imerss.org:PMLS:7605"":null,""imerss.org:PMLS:8380"":null,""imerss.org:PMLS:8475"":null,""imerss.org:PMLS:9523"":null,""imerss.org:PMLS:9632"":null,""imerss.org:PMLS:9754"":null,""imerss.org:PMLS:10255"":null,""imerss.org:PMLS:10670"":null,""imerss.org:PMLS:10807"":null,""imerss.org:PMLS:11103"":null,""imerss.org:PMLS:11710"":null,""imerss.org:PMLS:11802"":null,""imerss.org:PMLS:12704"":null,""imerss.org:PMLS:13656"":null,""imerss.org:PMLS:14039"":null,""imerss.org:PMLS:14114"":null,""imerss.org:PMLS:14541"":null,""imerss.org:PMLS:18047"":null}",Animalia,Cnidaria,,,Anthozoa,Hexacorallia,,Actiniaria,Enthemonae,,Actinostoloidea,Actinostolidae,,,Stomphia,didemon,Andy Lamb,,,,imerss.org:PMLS:104,1971-08-21T00:00:00.000Z,Andy Lamb,,,,imerss.org:PMLS:18047,2017-08-22T00:00:00.000Z
Stylantheca papillosa,131205,Stylantheca papillosa,"(Dall, 1884)",75,"{""imerss.org:PMLS:376"":null,""imerss.org:PMLS:704"":null,""imerss.org:PMLS:1012"":null,""imerss.org:PMLS:1111"":null,""imerss.org:PMLS:1223"":null,""imerss.org:PMLS:1840"":null,""imerss.org:PMLS:1998"":null,""imerss.org:PMLS:2868"":null,""imerss.org:PMLS:3194"":null,""imerss.org:PMLS:3529"":null,""imerss.org:PMLS:3903"":null,""imerss.org:PMLS:5184"":null,""imerss.org:PMLS:5481"":null,""imerss.org:PMLS:5754"":null,""imerss.org:PMLS:5982"":null,""imerss.org:PMLS:6079"":null,""imerss.org:PMLS:6298"":null,""imerss.org:PMLS:6483"":null,""imerss.org:PMLS:6741"":null,""imerss.org:PMLS:7279"":null,""imerss.org:PMLS:7611"":null,""imerss.org:PMLS:7820"":null,""imerss.org:PMLS:8117"":null,""imerss.org:PMLS:8213"":null,""imerss.org:PMLS:8294"":null,""imerss.org:PMLS:8573"":null,""imerss.org:iNat:130991009"":null,""imerss.org:PMLS:8843"":null,""imerss.org:PMLS:8922"":null,""imerss.org:PMLS:9328"":null,""imerss.org:PMLS:9879"":null,""imerss.org:PMLS:10093"":null,""imerss.org:PMLS:10180"":null,""imerss.org:PMLS:10260"":null,""imerss.org:PMLS:10416"":null,""imerss.org:PMLS:10552"":null,""imerss.org:PMLS:10813"":null,""imerss.org:PMLS:10966"":null,""imerss.org:PMLS:11109"":null,""imerss.org:PMLS:11283"":null,""imerss.org:PMLS:11516"":null,""imerss.org:PMLS:11808"":null,""imerss.org:PMLS:11903"":null,""imerss.org:PMLS:12010"":null,""imerss.org:PMLS:12099"":null,""imerss.org:PMLS:12199"":null,""imerss.org:PMLS:12290"":null,""imerss.org:PMLS:12444"":null,""imerss.org:PMLS:12526"":null,""imerss.org:PMLS:12629"":null,""imerss.org:PMLS:12710"":null,""imerss.org:PMLS:12827"":null,""imerss.org:PMLS:12954"":null,""imerss.org:PMLS:13051"":null,""imerss.org:PMLS:13282"":null,""imerss.org:PMLS:13563"":null,""imerss.org:PMLS:13663"":null,""imerss.org:PMLS:13784"":null,""imerss.org:PMLS:13976"":null,""imerss.org:PMLS:14178"":null,""imerss.org:PMLS:14271"":null,""imerss.org:PMLS:14366"":null,""imerss.org:PMLS:14545"":null,""imerss.org:PMLS:14840"":null,""imerss.org:PMLS:15157"":null,""imerss.org:PMLS:15465"":null,""imerss.org:PMLS:16144"":null,""imerss.org:PMLS:16586"":null,""imerss.org:PMLS:16672"":null,""imerss.org:PMLS:16904"":null,""imerss.org:PMLS:17053"":null,""imerss.org:PMLS:17105"":null,""imerss.org:PMLS:17281"":null,""imerss.org:PMLS:18133"":null,""imerss.org:PMLS:18250"":null}",Animalia,Cnidaria,,,Hydrozoa,Hydroidolina,,Anthoathecata,Filifera,,,Stylasteridae,,,Stylantheca,papillosa,Andy Lamb,,,,imerss.org:PMLS:376,1985-08-02T00:00:00.000Z,Andy Lamb,,,,imerss.org:PMLS:18250,2019-03-11T00:00:00.000Z
Stylaster verrillii,459985,Stylaster verrillii,"(Dall, 1884)",2,"{""imerss.org:iNat:8624860"":null,""imerss.org:iNat:59908576"":null}",Animalia,Cnidaria,,,Hydrozoa,Hydroidolina,,Anthoathecata,Filifera,,,Stylasteridae,,,Stylaster,verrillii,Jackson W.F. Chu,,,,imerss.org:iNat:8624860,2007-10-23T00:00:00.000Z,Jackson W.F. Chu,,,,imerss.org:iNat:8624860,2007-10-23T00:00:00.000Z
Stylatula elongata,61459,Stylatula elongata,"Verrill, 1864",1,"{""imerss.org:PMLS:16806"":null}",Animalia,Cnidaria,,,Anthozoa,Octocorallia,,Scleralcyonacea,,,Pennatuloidea,Virgulariidae,,,Stylatula,elongata,Andy Lamb,,,,imerss.org:PMLS:16806,2016-01-23T00:00:00.000Z,Andy Lamb,,,,imerss.org:PMLS:16806,2016-01-23T00:00:00.000Z
Thrombophyton trachydermum,424307,Thrombophyton trachydermum,"McFadden & Hochberg, 2003",2,"{""imerss.org:PMLS:9526"":null,""imerss.org:PMLS:15156"":null}",Animalia,Cnidaria,,,Anthozoa,Octocorallia,,Malacalcyonacea,,,,Paramuriceidae,,,Thrombophyton,trachydermum,Andy Lamb,,,,imerss.org:PMLS:9526,2009-01-30T00:00:00.000Z,Andy Lamb,,,,imerss.org:PMLS:15156,2012-08-09T00:00:00.000Z
Thuiaria,514521,Thuiaria spp.,,63,"{""imerss.org:PMLS:3670"":null,""imerss.org:PMLS:3783"":null,""imerss.org:PMLS:4221"":null,""imerss.org:PMLS:4338"":null,""imerss.org:PMLS:5295"":null,""imerss.org:PMLS:5375"":null,""imerss.org:PMLS:6391"":null,""imerss.org:PMLS:6744"":null,""imerss.org:PMLS:6979"":null,""imerss.org:PMLS:7398"":null,""imerss.org:PMLS:7516"":null,""imerss.org:PMLS:7612"":null,""imerss.org:PMLS:7914"":null,""imerss.org:PMLS:10182"":null,""imerss.org:PMLS:10815"":null,""imerss.org:PMLS:10969"":null,""imerss.org:PMLS:11193"":null,""imerss.org:PMLS:12100"":null,""imerss.org:PMLS:12291"":null,""imerss.org:PMLS:12527"":null,""imerss.org:PMLS:13052"":null,""imerss.org:PMLS:13397"":null,""imerss.org:PMLS:13664"":null,""imerss.org:PMLS:13785"":null,""imerss.org:PMLS:13866"":null,""imerss.org:PMLS:14955"":null,""imerss.org:PMLS:15050"":null,""imerss.org:PMLS:15160"":null,""imerss.org:PMLS:15351"":null,""imerss.org:PMLS:15467"":null,""imerss.org:PMLS:15579"":null,""imerss.org:PMLS:15699"":null,""imerss.org:PMLS:15800"":null,""imerss.org:PMLS:16224"":null,""imerss.org:PMLS:16315"":null,""imerss.org:PMLS:16395"":null,""imerss.org:PMLS:16487"":null,""imerss.org:PMLS:16588"":null,""imerss.org:PMLS:17478"":null,""imerss.org:PMLS:17586"":null,""imerss.org:PMLS:17970"":null,""imerss.org:PMLS:18051"":null,""imerss.org:PMLS:18325"":null,""imerss.org:PMLS:380"":null,""imerss.org:PMLS:477"":null,""imerss.org:PMLS:703"":null,""imerss.org:PMLS:1384"":null,""imerss.org:PMLS:2745"":null,""imerss.org:PMLS:2871"":null,""imerss.org:PMLS:3197"":null,""imerss.org:PMLS:8295"":null,""imerss.org:PMLS:8846"":null,""imerss.org:PMLS:8923"":null,""imerss.org:PMLS:9638"":null,""imerss.org:PMLS:10816"":null,""imerss.org:PMLS:10970"":null,""imerss.org:PMLS:12829"":null,""imerss.org:PMLS:12955"":null,""imerss.org:PMLS:13867"":null,""imerss.org:PMLS:14368"":null,""imerss.org:PMLS:14842"":null,""imerss.org:PMLS:16906"":null,""imerss.org:PMLS:17824"":null}",Animalia,Cnidaria,,,Hydrozoa,Hydroidolina,,Leptothecata,,,Sertularioidea,Sertulariidae,,,Thuiaria,,Andy Lamb,,,,imerss.org:PMLS:380,1985-08-02T00:00:00.000Z,Andy Lamb,,,,imerss.org:PMLS:18325,2019-03-17T00:00:00.000Z
Thuiaria thuja,873882,Thuiaria thuja,"(Linnaeus, 1758)",9,"{""imerss.org:PMLS:387"":null,""imerss.org:PMLS:3400"":null,""imerss.org:PMLS:5377"":null,""imerss.org:PMLS:6980"":null,""imerss.org:PMLS:8927"":null,""imerss.org:PMLS:10558"":null,""imerss.org:PMLS:10825"":null,""imerss.org:PMLS:10981"":null,""imerss.org:PMLS:15801"":null}",Animalia,Cnidaria,,,Hydrozoa,Hydroidolina,,Leptothecata,,,Sertularioidea,Sertulariidae,,,Thuiaria,thuja,Andy Lamb,,,,imerss.org:PMLS:387,1985-08-02T00:00:00.000Z,Andy Lamb,,,,imerss.org:PMLS:15801,2012-10-09T00:00:00.000Z
Tubularia indivisa,461660,Tubularia indivisa,"Linnaeus, 1758",9,"{""imerss.org:PMLS:6488"":null,""imerss.org:PMLS:6657"":null,""imerss.org:PMLS:6750"":null,""imerss.org:PMLS:9530"":null,""imerss.org:PMLS:9641"":null,""imerss.org:PMLS:10188"":null,""imerss.org:PMLS:10823"":null,""imerss.org:PMLS:10978"":null,""imerss.org:PMLS:13868"":null}",Animalia,Cnidaria,,,Hydrozoa,Hydroidolina,,Anthoathecata,Aplanulata,,,Tubulariidae,,,Tubularia,indivisa,Andy Lamb,,,,imerss.org:PMLS:6488,2008-03-07T00:00:00.000Z,Andy Lamb,,,,imerss.org:PMLS:13868,2010-11-12T00:00:00.000Z
Urticina clandestina,898651,Urticina clandestina,"N. Sanamyan, K. Sanamyan & McDaniel, 2013",89,"{""imerss.org:PMLS:59"":null,""imerss.org:PMLS:559"":null,""imerss.org:PMLS:619"":null,""imerss.org:PMLS:788"":null,""imerss.org:PMLS:852"":null,""imerss.org:PMLS:926"":null,""imerss.org:PMLS:1228"":null,""imerss.org:PMLS:1322"":null,""imerss.org:PMLS:1467"":null,""imerss.org:PMLS:1565"":null,""imerss.org:PMLS:1666"":null,""imerss.org:PMLS:1754"":null,""imerss.org:PMLS:2081"":null,""imerss.org:PMLS:2196"":null,""imerss.org:PMLS:2395"":null,""imerss.org:PMLS:2495"":null,""imerss.org:PMLS:2577"":null,""imerss.org:PMLS:2669"":null,""imerss.org:PMLS:3008"":null,""imerss.org:PMLS:3307"":null,""imerss.org:PMLS:3390"":null,""imerss.org:PMLS:3523"":null,""imerss.org:PMLS:4331"":null,""imerss.org:PMLS:4505"":null,""imerss.org:PMLS:4718"":null,""imerss.org:PMLS:4949"":null,""imerss.org:PMLS:5178"":null,""imerss.org:PMLS:5846"":null,""imerss.org:PMLS:6974"":null,""imerss.org:PMLS:7391"":null,""imerss.org:PMLS:7604"":null,""imerss.org:PMLS:8759"":null,""imerss.org:PMLS:9077"":null,""imerss.org:PMLS:9173"":null,""imerss.org:PMLS:9522"":null,""imerss.org:PMLS:9872"":null,""imerss.org:PMLS:10669"":null,""imerss.org:PMLS:11102"":null,""imerss.org:PMLS:11277"":null,""imerss.org:PMLS:11413"":null,""imerss.org:PMLS:11801"":null,""imerss.org:PMLS:12095"":null,""imerss.org:PMLS:12440"":null,""imerss.org:PMLS:12948"":null,""imerss.org:PMLS:13149"":null,""imerss.org:PMLS:13277"":null,""imerss.org:PMLS:13392"":null,""imerss.org:PMLS:13558"":null,""imerss.org:PMLS:14266"":null,""imerss.org:PMLS:14360"":null,""imerss.org:PMLS:14734"":null,""imerss.org:PMLS:14834"":null,""imerss.org:PMLS:14948"":null,""imerss.org:PMLS:15251"":null,""imerss.org:PMLS:15348"":null,""imerss.org:PMLS:15574"":null,""imerss.org:PMLS:15693"":null,""imerss.org:PMLS:15794"":null,""imerss.org:PMLS:15911"":null,""imerss.org:iNat:2976318"":null,""imerss.org:iNat:2976389"":null,""imerss.org:PMLS:16220"":null,""imerss.org:PMLS:16312"":null,""imerss.org:PMLS:16390"":null,""imerss.org:PMLS:16483"":null,""imerss.org:PMLS:16802"":null,""imerss.org:PMLS:17002"":null,""imerss.org:iNat:2763452"":null,""imerss.org:PMLS:17577"":null,""imerss.org:PMLS:17703"":null,""imerss.org:iNat:7647277"":null,""imerss.org:PMLS:17964"":null,""imerss.org:PMLS:18046"":null,""imerss.org:iNat:12970638"":null,""imerss.org:PMLS:18128"":null,""imerss.org:iNat:128527383"":null,""imerss.org:iNat:32022395"":null,""imerss.org:iNat:68181740"":null,""imerss.org:iNat:69181289"":null,""imerss.org:iNat:69844520"":null,""imerss.org:iNat:70500152"":null,""imerss.org:iNat:70790685"":null,""imerss.org:iNat:72755667"":null,""imerss.org:iNat:107422991"":null,""imerss.org:iNat:128747899"":null,""imerss.org:iNat:128941873"":null,""imerss.org:iNat:143066388"":null,""imerss.org:iNat:143124181"":null,""imerss.org:iNat:143124355"":null}",Animalia,Cnidaria,,,Anthozoa,Hexacorallia,,Actiniaria,Enthemonae,,Actinioidea,Actiniidae,,,Urticina,clandestina,Andy Lamb,,,,imerss.org:PMLS:59,1969-02-22T00:00:00.000Z,Alex Niese,,,,imerss.org:iNat:143066388,2022-11-26T00:00:00.000Z
Urticina grebelnyi,492672,Urticina grebelnyi,"Sanamyan & Sanamyan, 2006",126,"{""imerss.org:PMLS:58"":null,""imerss.org:PMLS:141"":null,""imerss.org:PMLS:233"":null,""imerss.org:PMLS:288"":null,""c6913b4b-04ad-45f3-bc18-bfd48d56bf5f"":null,""6aaf66dd-7e08-4a35-bcdd-3c1c01b30f51"":null,""imerss.org:PMLS:708"":null,""imerss.org:PMLS:851"":null,""imerss.org:PMLS:925"":null,""imerss.org:PMLS:1008"":null,""imerss.org:PMLS:1105"":null,""imerss.org:PMLS:1197"":null,""imerss.org:PMLS:1229"":null,""imerss.org:PMLS:1564"":null,""imerss.org:PMLS:1665"":null,""imerss.org:PMLS:2000"":null,""imerss.org:PMLS:2286"":null,""imerss.org:PMLS:2396"":null,""imerss.org:PMLS:2578"":null,""imerss.org:PMLS:2755"":null,""imerss.org:PMLS:2784"":null,""imerss.org:PMLS:2864"":null,""imerss.org:PMLS:3191"":null,""imerss.org:PMLS:3306"":null,""imerss.org:iNat:97205558"":null,""imerss.org:PMLS:3522"":null,""imerss.org:PMLS:3900"":null,""imerss.org:PMLS:3992"":null,""imerss.org:PMLS:4106"":null,""imerss.org:PMLS:4612"":null,""imerss.org:PMLS:4847"":null,""imerss.org:PMLS:4948"":null,""imerss.org:PMLS:5045"":null,""imerss.org:PMLS:5177"":null,""imerss.org:PMLS:5979"":null,""imerss.org:PMLS:6077"":null,""imerss.org:PMLS:6195"":null,""imerss.org:PMLS:6479"":null,""imerss.org:PMLS:6559"":null,""imerss.org:PMLS:6650"":null,""imerss.org:PMLS:6738"":null,""imerss.org:PMLS:6850"":null,""imerss.org:PMLS:6973"":null,""imerss.org:PMLS:7115"":null,""imerss.org:PMLS:7390"":null,""imerss.org:PMLS:7511"":null,""imerss.org:PMLS:7817"":null,""imerss.org:PMLS:7907"":null,""imerss.org:PMLS:8008"":null,""imerss.org:PMLS:8111"":null,""imerss.org:PMLS:8379"":null,""imerss.org:PMLS:8570"":null,""imerss.org:PMLS:8657"":null,""imerss.org:PMLS:8839"":null,""imerss.org:PMLS:8997"":null,""imerss.org:PMLS:9076"":null,""imerss.org:PMLS:9172"":null,""imerss.org:PMLS:9322"":null,""imerss.org:PMLS:9414"":null,""imerss.org:PMLS:9521"":null,""imerss.org:PMLS:9631"":null,""imerss.org:PMLS:9753"":null,""imerss.org:PMLS:9871"":null,""imerss.org:PMLS:9978"":null,""imerss.org:PMLS:10177"":null,""imerss.org:PMLS:10254"":null,""imerss.org:PMLS:10324"":null,""imerss.org:PMLS:10546"":null,""imerss.org:PMLS:10668"":null,""imerss.org:PMLS:10806"":null,""imerss.org:PMLS:10960"":null,""imerss.org:PMLS:11276"":null,""imerss.org:PMLS:11412"":null,""imerss.org:PMLS:11709"":null,""imerss.org:PMLS:11901"":null,""imerss.org:PMLS:12007"":null,""imerss.org:PMLS:12365"":null,""imerss.org:PMLS:12947"":null,""imerss.org:PMLS:13148"":null,""imerss.org:PMLS:13478"":null,""imerss.org:PMLS:13655"":null,""imerss.org:PMLS:13779"":null,""imerss.org:PMLS:13860"":null,""imerss.org:PMLS:13972"":null,""imerss.org:PMLS:14038"":null,""imerss.org:PMLS:14176"":null,""imerss.org:PMLS:14463"":null,""imerss.org:PMLS:14540"":null,""imerss.org:PMLS:14634"":null,""imerss.org:PMLS:15153"":null,""imerss.org:PMLS:15250"":null,""imerss.org:PMLS:15461"":null,""imerss.org:PMLS:15573"":null,""imerss.org:PMLS:16040"":null,""imerss.org:iNat:2975837"":null,""imerss.org:PMLS:16219"":null,""imerss.org:PMLS:16389"":null,""imerss.org:PMLS:17001"":null,""imerss.org:PMLS:17275"":null,""imerss.org:PMLS:17377"":null,""imerss.org:iNat:3706034"":null,""imerss.org:iNat:6298901"":null,""imerss.org:iNat:6388837"":null,""imerss.org:iNat:6390283"":null,""imerss.org:iNat:7660200"":null,""imerss.org:iNat:12970658"":null,""imerss.org:PMLS:18246"":null,""imerss.org:iNat:32022339"":null,""imerss.org:iNat:32022412"":null,""imerss.org:iNat:45326902"":null,""imerss.org:iNat:46056992"":null,""imerss.org:iNat:49173804"":null,""imerss.org:iNat:70500153"":null,""imerss.org:iNat:71178855"":null,""imerss.org:iNat:75713378"":null,""imerss.org:iNat:75713549"":null,""imerss.org:iNat:75724517"":null,""imerss.org:iNat:84948264"":null,""imerss.org:iNat:102592171"":null,""imerss.org:iNat:103178044"":null,""imerss.org:iNat:108379338"":null,""imerss.org:iNat:120454719"":null,""imerss.org:iNat:126927805"":null,""imerss.org:iNat:128941872"":null,""imerss.org:iNat:136884689"":null,""imerss.org:iNat:143124279"":null}",Animalia,Cnidaria,,,Anthozoa,Hexacorallia,,Actiniaria,Enthemonae,,Actinioidea,Actiniidae,,,Urticina,grebelnyi,Andy Lamb,,,,imerss.org:PMLS:58,1969-02-22T00:00:00.000Z,Alex Niese,,,,imerss.org:iNat:143124279,2022-11-26T00:00:00.000Z
Virgularia,195571,Virgularia sp.,,7,"{""imerss.org:PMLS:1571"":null,""imerss.org:PMLS:2491"":null,""imerss.org:PMLS:3012"":null,""imerss.org:PMLS:5292"":null,""imerss.org:PMLS:15698"":null,""imerss.org:iNat:2975931"":null,""imerss.org:iNat:2975940"":null}",Animalia,Cnidaria,,,Anthozoa,Octocorallia,,Scleralcyonacea,,,Pennatuloidea,Virgulariidae,,,Virgularia,,Charlie Gibbs,,,,imerss.org:PMLS:1571,1995-02-25T00:00:00.000Z,Peter,,,,imerss.org:iNat:2975931,2013-10-13T00:00:00.000Z
