Check,Action,observationUrl,Taxon_Local_ID,occurrenceID,catalogNumber,occurrenceRemarks,recordedBy,individualCount,sex,occurrenceStatus,previousIdentifications,associatedReferences,taxonID,scientificName,kingdom,phylum,class,order,suborder,infraorder,superfamily,family,genus,subgenus,specificEpithet,infraspecificEpithet,taxonRank,island,country,countryCode,stateProvince,locality,verbatimDepth,decimalLatitude,decimalLongitude,coordinateUncertaintyInMeters,georeferencedBy,georeferenceProtocol,georeferenceVerificationStatus,georeferenceRemarks,identificationRemarks,identificationQualifier,samplingProtocol,eventDate,eventTime,year,month,day,fieldNumber,eventRemarks,bibliographicCitation,institutionCode,collectionCode,datasetName,basisOfRecord
1 apparent duplicate,remove,https://www.inaturalist.org/observations/2854812,63386,imerss.org:iNat:2854812,,,Peter,,,PRESENT,Sebastes maliger,,WoRMS:274815,Sebastes maliger,Animalia,Chordata,Actinopterygii,Scorpaeniformes,,,,Sebastidae,Sebastes,,maliger,,species,Galiano Island,Canada,CA,British Columbia,,,48.964565,-123.554564,174,Peter,,,,,,,2015-05-16,,2015,5,16,,,,iNaturalist,,,HumanObservation
1 apparent duplicate,retain,https://www.inaturalist.org/observations/2854883,63386,imerss.org:iNat:2854883,,,Peter,,,PRESENT,Sebastes maliger,,WoRMS:274815,Sebastes maliger,Animalia,Chordata,Actinopterygii,Scorpaeniformes,,,,Sebastidae,Sebastes,,maliger,,species,Galiano Island,Canada,CA,British Columbia,,,48.964565,-123.554564,174,Peter,,,,,,,2015-05-16,,2015,5,16,,,,iNaturalist,,,HumanObservation
1 apparent duplicate,retained,https://www.inaturalist.org/observations/84819115,69170,imerss.org:iNat:84819115,,,Andrew Simon,,,PRESENT,Hemigrapsus oregonensis,,WoRMS:444778,Hemigrapsus oregonensis,Animalia,Arthropoda,Malacostraca,Decapoda,Pleocyemata,Brachyura,Grapsoidea,Varunidae,Hemigrapsus,,oregonensis,,species,Galiano Island,Canada,CA,British Columbia,,,48.875897,-123.401226,77,Andrew Simon,,,,,,,2021-06-27,19:06:00,2021,6,27,,,,iNaturalist,,,HumanObservation
1 apparent duplicate,deleted,https://www.inaturalist.org/observations/84819125,69170,imerss.org:iNat:84819125,,,Andrew Simon,,,PRESENT,Hemigrapsus oregonensis,,WoRMS:444778,Hemigrapsus oregonensis,Animalia,Arthropoda,Malacostraca,Decapoda,Pleocyemata,Brachyura,Grapsoidea,Varunidae,Hemigrapsus,,oregonensis,,species,Galiano Island,Canada,CA,British Columbia,,,48.875897,-123.401226,77,Andrew Simon,,,,,,,2021-06-27,19:06:00,2021,6,27,,,,iNaturalist,,,HumanObservation
1 apparent duplicate,remove,https://www.inaturalist.org/observations/84943919,63382,imerss.org:iNat:84943919,,,Catiemac,,,PRESENT,Dermasterias imbricata,,WoRMS:240771,Dermasterias imbricata,Animalia,Echinodermata,Asteroidea,Valvatida,,,,Asteropseidae,Dermasterias,,imbricata,,species,Galiano Island,Canada,CA,British Columbia,,,48.903206,-123.447496,345,Catiemac,,,,,,,2021-06-28,19:00:00,2021,6,28,,,,iNaturalist,,,HumanObservation
2 not duplicate (time is not accounted for),retain,https://www.inaturalist.org/observations/2635258,41777,imerss.org:iNat:2635258,,,,,,PRESENT,Lontra canadensis,,WoRMS:159017,Lontra canadensis,Animalia,Chordata,Mammalia,Carnivora,,,,Mustelidae,Lontra,,canadensis,,species,Galiano Island,Canada,CA,British Columbia,,,48.920358,-123.450698,39,,,,,,,,2006-09-04,,2006,9,4,,,,iNaturalist,,,HumanObservation
2 not duplicate (time is not accounted for),retain,https://www.inaturalist.org/observations/2635269,41777,imerss.org:iNat:2635269,,,,,,PRESENT,Lontra canadensis,,WoRMS:159017,Lontra canadensis,Animalia,Chordata,Mammalia,Carnivora,,,,Mustelidae,Lontra,,canadensis,,species,Galiano Island,Canada,CA,British Columbia,,,48.920358,-123.450698,39,,,,,,,,2010-11-13,,2010,11,13,,,,iNaturalist,,,HumanObservation
2 not duplicate (time is not accounted for),retain,https://www.inaturalist.org/observations/2635275,41777,imerss.org:iNat:2635275,,,,,,PRESENT,Lontra canadensis,,WoRMS:159017,Lontra canadensis,Animalia,Chordata,Mammalia,Carnivora,,,,Mustelidae,Lontra,,canadensis,,species,Galiano Island,Canada,CA,British Columbia,,,48.920358,-123.450698,39,,,,,,,,2006-09-04,,2006,9,4,,,,iNaturalist,,,HumanObservation
2 not duplicate (time is not accounted for),retain,https://www.inaturalist.org/observations/2635284,41777,imerss.org:iNat:2635284,,,,,,PRESENT,Lontra canadensis,,WoRMS:159017,Lontra canadensis,Animalia,Chordata,Mammalia,Carnivora,,,,Mustelidae,Lontra,,canadensis,,species,Galiano Island,Canada,CA,British Columbia,,,48.920358,-123.450698,39,,,,,,,,2010-11-13,,2010,11,13,,,,iNaturalist,,,HumanObservation
2 not duplicate (time is not accounted for),retain,https://www.inaturalist.org/observations/2755468,52539,imerss.org:iNat:2755468,,,Peter,,,PRESENT,Ophiodon elongatus,,WoRMS:240745,Ophiodon elongatus,Animalia,Chordata,Actinopterygii,Scorpaeniformes,,,,Hexagrammidae,Ophiodon,,elongatus,,species,Galiano Island,Canada,CA,British Columbia,,,49.013577,-123.58778,661,Peter,,,,,,,2016-02-18,,2016,2,18,,,,iNaturalist,,,HumanObservation
2 not duplicate (time is not accounted for),retain,https://www.inaturalist.org/observations/2755473,52539,imerss.org:iNat:2755473,,,Peter,,,PRESENT,Ophiodon elongatus,,WoRMS:240745,Ophiodon elongatus,Animalia,Chordata,Actinopterygii,Scorpaeniformes,,,,Hexagrammidae,Ophiodon,,elongatus,,species,Galiano Island,Canada,CA,British Columbia,,,49.013577,-123.58778,661,Peter,,,,,,,2016-02-18,,2016,2,18,,,,iNaturalist,,,HumanObservation
2 not duplicate (time is not accounted for),retain,https://www.inaturalist.org/observations/2755503,52539,imerss.org:iNat:2755503,,,Peter,,,PRESENT,Ophiodon elongatus,,WoRMS:240745,Ophiodon elongatus,Animalia,Chordata,Actinopterygii,Scorpaeniformes,,,,Hexagrammidae,Ophiodon,,elongatus,,species,Galiano Island,Canada,CA,British Columbia,,,49.013577,-123.58778,661,Peter,,,,,,,2016-02-18,,2016,2,18,,,,iNaturalist,,,HumanObservation
2 not duplicate (time is not accounted for),retain,https://www.inaturalist.org/observations/2755508,52539,imerss.org:iNat:2755508,,,Peter,,,PRESENT,Ophiodon elongatus,,WoRMS:240745,Ophiodon elongatus,Animalia,Chordata,Actinopterygii,Scorpaeniformes,,,,Hexagrammidae,Ophiodon,,elongatus,,species,Galiano Island,Canada,CA,British Columbia,,,49.013577,-123.58778,661,Peter,,,,,,,2016-02-18,,2016,2,18,,,,iNaturalist,,,HumanObservation
2 not duplicate (time is not accounted for),retain,https://www.inaturalist.org/observations/2763393,47702,imerss.org:iNat:2763393,,,Peter,,,PRESENT,Pachycerianthus fimbriatus,,WoRMS:283820,Pachycerianthus fimbriatus,Animalia,Cnidaria,Anthozoa,Spirularia,,,,Cerianthidae,Pachycerianthus,,fimbriatus,,species,Galiano Island,Canada,CA,British Columbia,,,48.929052,-123.476028,174,Peter,,,,,,,2016-02-07,,2016,2,7,,,,iNaturalist,,,HumanObservation
2 not duplicate (time is not accounted for),retain,https://www.inaturalist.org/observations/2763409,47477,imerss.org:iNat:2763409,,,Peter,,,PRESENT,Dirona albolineata,,WoRMS:581837,Dirona albolineata,Animalia,Mollusca,Gastropoda,Nudibranchia,Cladobranchia,,Proctonotoidea,Dironidae,Dirona,,albolineata,,species,Galiano Island,Canada,CA,British Columbia,,,48.929052,-123.476028,174,Peter,,,,,,,2016-02-07,,2016,2,7,,,,iNaturalist,,,HumanObservation
2 not duplicate (time is not accounted for),retain,https://www.inaturalist.org/observations/2763421,47477,imerss.org:iNat:2763421,,,Peter,,,PRESENT,Dirona albolineata,,WoRMS:581837,Dirona albolineata,Animalia,Mollusca,Gastropoda,Nudibranchia,Cladobranchia,,Proctonotoidea,Dironidae,Dirona,,albolineata,,species,Galiano Island,Canada,CA,British Columbia,,,48.929052,-123.476028,174,Peter,,,,,,,2016-02-07,,2016,2,7,,,,iNaturalist,,,HumanObservation
2 not duplicate (time is not accounted for),retain,https://www.inaturalist.org/observations/2763425,47702,imerss.org:iNat:2763425,,,Peter,,,PRESENT,Pachycerianthus fimbriatus,,WoRMS:283820,Pachycerianthus fimbriatus,Animalia,Cnidaria,Anthozoa,Spirularia,,,,Cerianthidae,Pachycerianthus,,fimbriatus,,species,Galiano Island,Canada,CA,British Columbia,,,48.929052,-123.476028,174,Peter,,,,,,,2016-02-07,,2016,2,7,,,,iNaturalist,,,HumanObservation
2 not duplicate (time is not accounted for),retain,https://www.inaturalist.org/observations/2763457,459608,imerss.org:iNat:2763457,,,Peter,,,PRESENT,Lopholithodes mandtii,,WoRMS:550635,Lopholithodes mandtii,Animalia,Arthropoda,Malacostraca,Decapoda,Pleocyemata,Anomura,Lithodoidea,Lithodidae,Lopholithodes,,mandtii,,species,Galiano Island,Canada,CA,British Columbia,,,49.002339,-123.591042,697,Peter,,,,,,,2016-02-07,,2016,2,7,,,,iNaturalist,,,HumanObservation
2 not duplicate (time is not accounted for),retain,https://www.inaturalist.org/observations/2763473,459608,imerss.org:iNat:2763473,,,Peter,,,PRESENT,Lopholithodes mandtii,,WoRMS:550635,Lopholithodes mandtii,Animalia,Arthropoda,Malacostraca,Decapoda,Pleocyemata,Anomura,Lithodoidea,Lithodidae,Lopholithodes,,mandtii,,species,Galiano Island,Canada,CA,British Columbia,,,49.002339,-123.591042,697,Peter,,,,,,,2016-02-07,,2016,2,7,,,,iNaturalist,,,HumanObservation
2 not duplicate (time is not accounted for),retain,https://www.inaturalist.org/observations/2797286,47469,imerss.org:iNat:2797286,,,Peter,,,PRESENT,Doris montereyensis,,WoRMS:581816,Doris montereyensis,Animalia,Mollusca,Gastropoda,Nudibranchia,Doridina,Doridoidei,Doridoidea,Dorididae,Doris,,montereyensis,,species,Galiano Island,Canada,CA,British Columbia,,,49.013802,-123.590012,1137,Peter,,,,,,,2015-01-01,,2015,1,1,,,,iNaturalist,,,HumanObservation
2 not duplicate (time is not accounted for),retain,https://www.inaturalist.org/observations/2797298,47469,imerss.org:iNat:2797298,,,Peter,,,PRESENT,Doris montereyensis,,WoRMS:581816,Doris montereyensis,Animalia,Mollusca,Gastropoda,Nudibranchia,Doridina,Doridoidei,Doridoidea,Dorididae,Doris,,montereyensis,,species,Galiano Island,Canada,CA,British Columbia,,,49.013802,-123.590012,1137,Peter,,,,,,,2015-01-01,,2015,1,1,,,,iNaturalist,,,HumanObservation
2 not duplicate (time is not accounted for),retain,https://www.inaturalist.org/observations/2854085,47669,imerss.org:iNat:2854085,,,Peter,,,PRESENT,Orthasterias koehleri,,WoRMS:255048,Orthasterias koehleri,Animalia,Echinodermata,Asteroidea,Forcipulatida,,,,Asteriidae,Orthasterias,,koehleri,,species,Galiano Island,Canada,CA,British Columbia,,,48.964565,-123.554564,174,Peter,,,,,,,2015-05-16,,2015,5,16,,,,iNaturalist,,,HumanObservation
2 not duplicate (time is not accounted for),retain,https://www.inaturalist.org/observations/2854136,202640,imerss.org:iNat:2854136,,,Peter,,,PRESENT,Apostichopus californicus,,WoRMS:529363,Apostichopus californicus,Animalia,Echinodermata,Holothuroidea,Synallactida,,,,Stichopodidae,Apostichopus,,californicus,,species,Galiano Island,Canada,CA,British Columbia,,,48.964565,-123.554564,174,Peter,,,,"Accessioned in RBCM collections as Parastichopus californicus, an unaccepted synonym (WoRMS Editorial Board 2021).",,,2015-05-16,,2015,5,16,,,,iNaturalist,,,HumanObservation
2 not duplicate (time is not accounted for),retain,https://www.inaturalist.org/observations/2854408,47669,imerss.org:iNat:2854408,,,Peter,,,PRESENT,Orthasterias koehleri,,WoRMS:255048,Orthasterias koehleri,Animalia,Echinodermata,Asteroidea,Forcipulatida,,,,Asteriidae,Orthasterias,,koehleri,,species,Galiano Island,Canada,CA,British Columbia,,,48.964565,-123.554564,174,Peter,,,,,,,2015-05-16,,2015,5,16,,,,iNaturalist,,,HumanObservation
2 not duplicate (time is not accounted for),retain,https://www.inaturalist.org/observations/2854421,362749,imerss.org:iNat:2854421,,,Peter,,,PRESENT,Pagurus beringanus,,WoRMS:366657,Pagurus beringanus,Animalia,Arthropoda,Malacostraca,Decapoda,Pleocyemata,Anomura,Paguroidea,Paguridae,Pagurus,,beringanus,,species,Galiano Island,Canada,CA,British Columbia,,,48.964565,-123.554564,174,Peter,,,,,,,2015-05-16,,2015,5,16,,,,iNaturalist,,,HumanObservation
2 not duplicate (time is not accounted for),retain,https://www.inaturalist.org/observations/2854574,202640,imerss.org:iNat:2854574,,,Peter,,,PRESENT,Apostichopus californicus,,WoRMS:529363,Apostichopus californicus,Animalia,Echinodermata,Holothuroidea,Synallactida,,,,Stichopodidae,Apostichopus,,californicus,,species,Galiano Island,Canada,CA,British Columbia,,,48.964565,-123.554564,174,Peter,,,,"Accessioned in RBCM collections as Parastichopus californicus, an unaccepted synonym (WoRMS Editorial Board 2021).",,,2015-05-16,,2015,5,16,,,,iNaturalist,,,HumanObservation
2 not duplicate (time is not accounted for),retain,https://www.inaturalist.org/observations/2854824,1133369,imerss.org:iNat:2854824,,,Peter,,,PRESENT,Triopha modesta,,WoRMS:531268,Triopha modesta,Animalia,Mollusca,Gastropoda,Nudibranchia,Doridina,Doridoidei,Polyceroidea,Polyceridae,Triopha,,modesta,,species,Galiano Island,Canada,CA,British Columbia,,,48.964565,-123.554564,174,Peter,,,,"Triopha modesta is recognized as a trans-Pacific species, and is most likely to occur off the coast of British Columbia. Triopha catalinae has been determined to be an Eastern Pacific species (but there is overlap). See Jung et al. 2020",,,2015-05-16,,2015,5,16,,,,iNaturalist,,,HumanObservation
2 not duplicate (time is not accounted for),retain,https://www.inaturalist.org/observations/2854829,50146,imerss.org:iNat:2854829,,,Peter,,,PRESENT,Cadlina luteomarginata,,WoRMS:562476,Cadlina luteomarginata,Animalia,Mollusca,Gastropoda,Nudibranchia,Doridina,Doridoidei,Chromodoridoidea,Cadlinidae,Cadlina,,luteomarginata,,species,Galiano Island,Canada,CA,British Columbia,,,48.964565,-123.554564,174,Peter,,,,"PMLS records list Cadlina luteomarginata complex due to challenges in field identification. However, here we recognize both Cadlina klasmalmbergi and Cadlina luteomarginata based on other confirmed observations. True Cadlina luteomarginata have more conspicuous tubercles and lack yellow glands near the mantle edge. Cadlina klasmalmbergi is more common in BC than C. luteomarginata.",,,2015-05-16,,2015,5,16,,,,iNaturalist,,,HumanObservation
2 not duplicate (time is not accounted for),retain,https://www.inaturalist.org/observations/2854836,362749,imerss.org:iNat:2854836,,,Peter,,,PRESENT,Pagurus beringanus,,WoRMS:366657,Pagurus beringanus,Animalia,Arthropoda,Malacostraca,Decapoda,Pleocyemata,Anomura,Paguroidea,Paguridae,Pagurus,,beringanus,,species,Galiano Island,Canada,CA,British Columbia,,,48.964565,-123.554564,174,Peter,,,,,,,2015-05-16,,2015,5,16,,,,iNaturalist,,,HumanObservation
2 not duplicate (time is not accounted for),retain,https://www.inaturalist.org/observations/2854871,786996,imerss.org:iNat:2854871,,,Peter,,,PRESENT,Cyanea ferruginea,,WoRMS:287192,Cyanea ferruginea,Animalia,Cnidaria,Scyphozoa,Semaeostomeae,,,,Cyaneidae,Cyanea,,ferruginea,,species,Galiano Island,Canada,CA,British Columbia,,,48.964565,-123.554564,174,Peter,,,,,,,2015-05-16,,2015,5,16,,,,iNaturalist,,,HumanObservation
2 not duplicate (time is not accounted for),retain,https://www.inaturalist.org/observations/2854873,786996,imerss.org:iNat:2854873,,,Peter,,,PRESENT,Cyanea ferruginea,,WoRMS:287192,Cyanea ferruginea,Animalia,Cnidaria,Scyphozoa,Semaeostomeae,,,,Cyaneidae,Cyanea,,ferruginea,,species,Galiano Island,Canada,CA,British Columbia,,,48.964565,-123.554564,174,Peter,,,,,,,2015-05-16,,2015,5,16,,,,iNaturalist,,,HumanObservation
2 not duplicate (time is not accounted for),retain,https://www.inaturalist.org/observations/2854911,50146,imerss.org:iNat:2854911,,,Peter,,,PRESENT,Cadlina luteomarginata,,WoRMS:562476,Cadlina luteomarginata,Animalia,Mollusca,Gastropoda,Nudibranchia,Doridina,Doridoidei,Chromodoridoidea,Cadlinidae,Cadlina,,luteomarginata,,species,Galiano Island,Canada,CA,British Columbia,,,48.964565,-123.554564,174,Peter,,,,"PMLS records list Cadlina luteomarginata complex due to challenges in field identification. However, here we recognize both Cadlina klasmalmbergi and Cadlina luteomarginata based on other confirmed observations. True Cadlina luteomarginata have more conspicuous tubercles and lack yellow glands near the mantle edge. Cadlina klasmalmbergi is more common in BC than C. luteomarginata.",,,2015-05-16,,2015,5,16,,,,iNaturalist,,,HumanObservation
2 not duplicate (time is not accounted for),retain,https://www.inaturalist.org/observations/2854964,1133369,imerss.org:iNat:2854964,,,Peter,,,PRESENT,Triopha modesta,,WoRMS:531268,Triopha modesta,Animalia,Mollusca,Gastropoda,Nudibranchia,Doridina,Doridoidei,Polyceroidea,Polyceridae,Triopha,,modesta,,species,Galiano Island,Canada,CA,British Columbia,,,48.964565,-123.554564,174,Peter,,,,"Triopha modesta is recognized as a trans-Pacific species, and is most likely to occur off the coast of British Columbia. Triopha catalinae has been determined to be an Eastern Pacific species (but there is overlap). See Jung et al. 2020",,,2015-05-16,,2015,5,16,,,,iNaturalist,,,HumanObservation
2 not duplicate (time is not accounted for),retain,https://www.inaturalist.org/observations/3612817,49699,imerss.org:iNat:3612817,,,,,,PRESENT,Pisaster ochraceus,,WoRMS:240755,Pisaster ochraceus,Animalia,Echinodermata,Asteroidea,Forcipulatida,,,,Asteriidae,Pisaster,,ochraceus,,species,Galiano Island,Canada,CA,British Columbia,,,48.884828,-123.321018,74,,,,,,,,2016-07-03,,2016,7,3,,,,iNaturalist,,,HumanObservation
2 not duplicate (time is not accounted for),retain,https://www.inaturalist.org/observations/3612850,49699,imerss.org:iNat:3612850,,,,,,PRESENT,Pisaster ochraceus,,WoRMS:240755,Pisaster ochraceus,Animalia,Echinodermata,Asteroidea,Forcipulatida,,,,Asteriidae,Pisaster,,ochraceus,,species,Galiano Island,Canada,CA,British Columbia,,,48.884828,-123.321018,74,,,,,,,,2016-07-03,,2016,7,3,,,,iNaturalist,,,HumanObservation
2 not duplicate (time is not accounted for),retain,https://www.inaturalist.org/observations/3734969,127555,imerss.org:iNat:3734969,,,Lauren Magner,,,PRESENT,Pagurus granosimanus,,WoRMS:366694,Pagurus granosimanus,Animalia,Arthropoda,Malacostraca,Decapoda,Pleocyemata,Anomura,Paguroidea,Paguridae,Pagurus,,granosimanus,,species,Galiano Island,Canada,CA,British Columbia,,,48.929413,-123.475513,58,Lauren Magner,,,,,,,2015-08-28,,2015,8,28,,,,iNaturalist,,,HumanObservation
2 not duplicate (time is not accounted for),retain,https://www.inaturalist.org/observations/3735102,127555,imerss.org:iNat:3735102,,,Lauren Magner,,,PRESENT,Pagurus granosimanus,,WoRMS:366694,Pagurus granosimanus,Animalia,Arthropoda,Malacostraca,Decapoda,Pleocyemata,Anomura,Paguroidea,Paguridae,Pagurus,,granosimanus,,species,Galiano Island,Canada,CA,British Columbia,,,48.929413,-123.475513,58,Lauren Magner,,,,,,,2015-08-28,,2015,8,28,,,,iNaturalist,,,HumanObservation
2 not duplicate (time is not accounted for),retain,https://www.inaturalist.org/observations/63051919,424651,imerss.org:iNat:63051919,,,Jackson W.F. Chu,,,PRESENT,Aphrocallistes vastus,,WoRMS:171632,Aphrocallistes vastus,Animalia,Porifera,Hexactinellida,Sceptrulophora,,,,Aphrocallistidae,Aphrocallistes,,vastus,,species,Galiano Island,Canada,CA,British Columbia,,,48.911364,-123.325508,,Jackson W.F. Chu,,,,,,,2017-06-24,,2017,6,24,,,,iNaturalist,,,HumanObservation
2 not duplicate (time is not accounted for),retain,https://www.inaturalist.org/observations/63051920,424651,imerss.org:iNat:63051920,,,Jackson W.F. Chu,,,PRESENT,Aphrocallistes vastus,,WoRMS:171632,Aphrocallistes vastus,Animalia,Porifera,Hexactinellida,Sceptrulophora,,,,Aphrocallistidae,Aphrocallistes,,vastus,,species,Galiano Island,Canada,CA,British Columbia,,,48.911364,-123.325508,,Jackson W.F. Chu,,,,,,,2017-06-24,,2017,6,24,,,,iNaturalist,,,HumanObservation
3 same time; but multiple / separate individuals,retain,https://www.inaturalist.org/observations/17772044,41521,imerss.org:iNat:17772044,,,,,,PRESENT,Orcinus orca,,WoRMS:137102,Orcinus orca,Animalia,Chordata,Mammalia,Artiodactyla,Whippomorpha,Cetacea,,Delphinidae,Orcinus,,orca,,species,Galiano Island,Canada,CA,British Columbia,,,48.860064,-123.344854,13907,Andrew Simon,"interpretation of locality, and/or inference based on local knowledge and species ecology",corrected,location highly inaccurate; likely observed in Active Pass; coordinates not actually obscured on iNaturalist,,,,2018-09-01,09:21:00,2018,9,1,,,,iNaturalist,,,HumanObservation
3 same time; but multiple / separate individuals,retain,https://www.inaturalist.org/observations/17772045,41521,imerss.org:iNat:17772045,,,,,,PRESENT,Orcinus orca,,WoRMS:137102,Orcinus orca,Animalia,Chordata,Mammalia,Artiodactyla,Whippomorpha,Cetacea,,Delphinidae,Orcinus,,orca,,species,Galiano Island,Canada,CA,British Columbia,,,48.860064,-123.344854,13907,Andrew Simon,"interpretation of locality, and/or inference based on local knowledge and species ecology",corrected,location highly inaccurate; likely observed in Active Pass; coordinates not actually obscured on iNaturalist,,,,2018-09-01,09:21:00,2018,9,1,,,,iNaturalist,,,HumanObservation
3 same time; but multiple / separate individuals,retain,https://www.inaturalist.org/observations/24692041,69925,imerss.org:iNat:24692041,,,Kelly Fretwell,,,PRESENT,Clinocardium nuttallii,,WoRMS:381980,Clinocardium nuttallii,Animalia,Mollusca,Bivalvia,Cardiida,,,Cardioidea,Cardiidae,Clinocardium,,nuttallii,,species,Galiano Island,Canada,CA,British Columbia,,,48.890299,-123.389499,352,Kelly Fretwell,,,,,,,2019-05-04,13:35:00,2019,5,4,,,,iNaturalist,,,HumanObservation
3 same time; but multiple / separate individuals,retain,https://www.inaturalist.org/observations/24692042,69925,imerss.org:iNat:24692042,,,Kelly Fretwell,,,PRESENT,Clinocardium nuttallii,,WoRMS:381980,Clinocardium nuttallii,Animalia,Mollusca,Bivalvia,Cardiida,,,Cardioidea,Cardiidae,Clinocardium,,nuttallii,,species,Galiano Island,Canada,CA,British Columbia,,,48.890299,-123.389499,352,Kelly Fretwell,,,,,,,2019-05-04,13:35:00,2019,5,4,,,,iNaturalist,,,HumanObservation
3 same time; but multiple / separate individuals,retain,https://www.inaturalist.org/observations/24692043,430211,imerss.org:iNat:24692043,,,Kelly Fretwell,,,PRESENT,Nuttallia obscurata,,WoRMS:397157,Nuttallia obscurata,Animalia,Mollusca,Bivalvia,Cardiida,,,Tellinoidea,Psammobiidae,Nuttallia,,obscurata,,species,Galiano Island,Canada,CA,British Columbia,,,48.890299,-123.389499,352,Kelly Fretwell,,,,,,,2019-05-04,13:36:00,2019,5,4,,,,iNaturalist,,,HumanObservation
3 same time; but multiple / separate individuals,retain,https://www.inaturalist.org/observations/24692044,430211,imerss.org:iNat:24692044,,,Kelly Fretwell,,,PRESENT,Nuttallia obscurata,,WoRMS:397157,Nuttallia obscurata,Animalia,Mollusca,Bivalvia,Cardiida,,,Tellinoidea,Psammobiidae,Nuttallia,,obscurata,,species,Galiano Island,Canada,CA,British Columbia,,,48.890299,-123.389499,352,Kelly Fretwell,,,,,,,2019-05-04,13:36:00,2019,5,4,,,,iNaturalist,,,HumanObservation
3 same time; but multiple / separate individuals,retain,https://www.inaturalist.org/observations/24771930,126295,imerss.org:iNat:24771930,,,,,,PRESENT,Pentidotea wosnesenskii,,WoRMS:261982,Pentidotea wosnesenskii,Animalia,Arthropoda,Malacostraca,Isopoda,Valvifera,,,Idoteidae,Pentidotea,,wosnesenskii,,species,Galiano Island,Canada,CA,British Columbia,,,48.88462,-123.321132,39,,,,,,,,2019-05-05,22:15:00,2019,5,5,,,,iNaturalist,,,HumanObservation
3 same time; but multiple / separate individuals,retain,https://www.inaturalist.org/observations/24771934,126295,imerss.org:iNat:24771934,,,,,,PRESENT,Pentidotea wosnesenskii,,WoRMS:261982,Pentidotea wosnesenskii,Animalia,Arthropoda,Malacostraca,Isopoda,Valvifera,,,Idoteidae,Pentidotea,,wosnesenskii,,species,Galiano Island,Canada,CA,British Columbia,,,48.88462,-123.321132,39,,,,,,,,2019-05-05,22:15:00,2019,5,5,,,,iNaturalist,,,HumanObservation
3 same time; but multiple / separate individuals,retain,https://www.inaturalist.org/observations/4017128,343269,imerss.org:iNat:4017128,,,Andrew Simon,,,PRESENT,Ruditapes philippinarum,,WoRMS:231750,Ruditapes philippinarum,Animalia,Mollusca,Bivalvia,Venerida,,,Veneroidea,Veneridae,Ruditapes,,philippinarum,,species,Galiano Island,Canada,CA,British Columbia,,,48.876339,-123.31818,78,Andrew Simon,,,,,,,2016-09-01,,2016,9,1,,,,iNaturalist,,,HumanObservation
3 same time; but multiple / separate individuals,retain,https://www.inaturalist.org/observations/4017190,343269,imerss.org:iNat:4017190,,,Andrew Simon,,,PRESENT,Ruditapes philippinarum,,WoRMS:231750,Ruditapes philippinarum,Animalia,Mollusca,Bivalvia,Venerida,,,Veneroidea,Veneridae,Ruditapes,,philippinarum,,species,Galiano Island,Canada,CA,British Columbia,,,48.876339,-123.31818,78,Andrew Simon,,,,,,,2016-09-01,,2016,9,1,,,,iNaturalist,,,HumanObservation
3 same time; but multiple / separate individuals,retain,https://www.inaturalist.org/observations/4017301,333608,imerss.org:iNat:4017301,,,Andrew Simon,,,PRESENT,Leukoma staminea,,WoRMS:507737,Leukoma staminea,Animalia,Mollusca,Bivalvia,Venerida,,,Veneroidea,Veneridae,Leukoma,,staminea,,species,Galiano Island,Canada,CA,British Columbia,,,48.876319,-123.318282,64,Andrew Simon,,,,,,,2016-09-01,,2016,9,1,,,,iNaturalist,,,HumanObservation
3 same time; but multiple / separate individuals,retain,https://www.inaturalist.org/observations/4017343,333608,imerss.org:iNat:4017343,,,Andrew Simon,,,PRESENT,Leukoma staminea,,WoRMS:507737,Leukoma staminea,Animalia,Mollusca,Bivalvia,Venerida,,,Veneroidea,Veneridae,Leukoma,,staminea,,species,Galiano Island,Canada,CA,British Columbia,,,48.876319,-123.318282,64,Andrew Simon,,,,,,,2016-09-01,,2016,9,1,,,,iNaturalist,,,HumanObservation
3 same time; but multiple / separate individuals,retain,https://www.inaturalist.org/observations/56373895,49699,imerss.org:iNat:56373895,,,Andrew Simon,,,PRESENT,Pisaster ochraceus,,WoRMS:240755,Pisaster ochraceus,Animalia,Echinodermata,Asteroidea,Forcipulatida,,,,Asteriidae,Pisaster,,ochraceus,,species,Galiano Island,Canada,CA,British Columbia,,,48.900219,-123.341001,90,Andrew Simon,,,,,,,2020-08-13,17:30:00,2020,8,13,,,,iNaturalist,,,HumanObservation
3 same time; but multiple / separate individuals,retain,https://www.inaturalist.org/observations/56373899,49699,imerss.org:iNat:56373899,,,Andrew Simon,,,PRESENT,Pisaster ochraceus,,WoRMS:240755,Pisaster ochraceus,Animalia,Echinodermata,Asteroidea,Forcipulatida,,,,Asteriidae,Pisaster,,ochraceus,,species,Galiano Island,Canada,CA,British Columbia,,,48.900219,-123.341001,90,Andrew Simon,,,,,,,2020-08-13,17:30:00,2020,8,13,,,,iNaturalist,,,HumanObservation
3 same time; but multiple / separate individuals,retain,https://www.inaturalist.org/observations/57099105,98855,imerss.org:iNat:57099105,,,Andrew Simon,,,PRESENT,Cymatogaster aggregata,,WoRMS:280461,Cymatogaster aggregata,Animalia,Chordata,Actinopterygii,Perciformes,,,,Embiotocidae,Cymatogaster,,aggregata,,species,Galiano Island,Canada,CA,British Columbia,,,49.013393,-123.574474,78,Andrew Simon,,,,,,,2020-08-15,14:40:00,2020,8,15,,,,iNaturalist,,,HumanObservation
3 same time; but multiple / separate individuals,retain,https://www.inaturalist.org/observations/57099111,98855,imerss.org:iNat:57099111,,,Andrew Simon,,,PRESENT,Cymatogaster aggregata,,WoRMS:280461,Cymatogaster aggregata,Animalia,Chordata,Actinopterygii,Perciformes,,,,Embiotocidae,Cymatogaster,,aggregata,,species,Galiano Island,Canada,CA,British Columbia,,,49.013393,-123.574474,78,Andrew Simon,,,,,,,2020-08-15,14:40:00,2020,8,15,,,,iNaturalist,,,HumanObservation
3 same time; but multiple / separate individuals,retain,https://www.inaturalist.org/observations/68793491,631469,imerss.org:iNat:68793491,,,karin fletcher,,,PRESENT,Apata pricei,,WoRMS:1047455,Apata pricei,Animalia,Mollusca,Gastropoda,Nudibranchia,Cladobranchia,,Fionoidea,Apataidae,Apata,,pricei,,species,Galiano Island,Canada,CA,British Columbia,,,48.86,-123.35,,karin fletcher,,,,"Two subspecies are recognized: a Californian subspecies, Apata pricei pricei, as originally described from Monterey, California, and a Western Pacific subspecies, Apata pricei komandorica. No specimens have been sequenced to determine which subspecies are present in the Salish Sea. However, we do not appear to have the subspecies originally described in MacFarland, 1966.",,,2014-04-09,12:59:00,2014,4,9,,,,iNaturalist,,,HumanObservation
3 same time; but multiple / separate individuals,retain,https://www.inaturalist.org/observations/68793492,631469,imerss.org:iNat:68793492,,,karin fletcher,,,PRESENT,Apata pricei,,WoRMS:1047455,Apata pricei,Animalia,Mollusca,Gastropoda,Nudibranchia,Cladobranchia,,Fionoidea,Apataidae,Apata,,pricei,,species,Galiano Island,Canada,CA,British Columbia,,,48.86,-123.35,,karin fletcher,,,,"Two subspecies are recognized: a Californian subspecies, Apata pricei pricei, as originally described from Monterey, California, and a Western Pacific subspecies, Apata pricei komandorica. No specimens have been sequenced to determine which subspecies are present in the Salish Sea. However, we do not appear to have the subspecies originally described in MacFarland, 1966.",,,2014-04-09,12:59:00,2014,4,9,,,,iNaturalist,,,HumanObservation
3 same time; but multiple / separate individuals,retain,https://www.inaturalist.org/observations/69243372,764704,imerss.org:iNat:69243372,,,karin fletcher,,,PRESENT,Orienthella trilineata,,WoRMS:1049566,Orienthella trilineata,Animalia,Mollusca,Gastropoda,Nudibranchia,Cladobranchia,,Fionoidea,Coryphellidae,Orienthella,,trilineata,,species,Galiano Island,Canada,CA,British Columbia,,,48.939582,-123.502061,15,karin fletcher,,,,,,,2018-06-18,08:35:00,2018,6,18,,,,iNaturalist,,,HumanObservation
3 same time; but multiple / separate individuals,retain,https://www.inaturalist.org/observations/69243373,764704,imerss.org:iNat:69243373,,,karin fletcher,,,PRESENT,Orienthella trilineata,,WoRMS:1049566,Orienthella trilineata,Animalia,Mollusca,Gastropoda,Nudibranchia,Cladobranchia,,Fionoidea,Coryphellidae,Orienthella,,trilineata,,species,Galiano Island,Canada,CA,British Columbia,,,48.939582,-123.502061,15,karin fletcher,,,,,,,2018-06-18,08:35:00,2018,6,18,,,,iNaturalist,,,HumanObservation
3 same time; but multiple / separate individuals,retain,https://www.inaturalist.org/observations/70500139,992313,imerss.org:iNat:70500139,,,Andrew Simon,,,PRESENT,Mesocentrotus franciscanus,,WoRMS:591102,Mesocentrotus franciscanus,Animalia,Echinodermata,Echinoidea,Camarodonta,,Echinidea,Odontophora,Strongylocentrotidae,Mesocentrotus,,franciscanus,,species,Galiano Island,Canada,CA,British Columbia,,,48.967265,-123.556519,22,Andrew Simon,,,,,,,2021-03-02,14:33:00,2021,3,2,,,,iNaturalist,,,HumanObservation
3 same time; but multiple / separate individuals,retain,https://www.inaturalist.org/observations/70500140,992313,imerss.org:iNat:70500140,,,Andrew Simon,,,PRESENT,Mesocentrotus franciscanus,,WoRMS:591102,Mesocentrotus franciscanus,Animalia,Echinodermata,Echinoidea,Camarodonta,,Echinidea,Odontophora,Strongylocentrotidae,Mesocentrotus,,franciscanus,,species,Galiano Island,Canada,CA,British Columbia,,,48.967265,-123.556519,22,Andrew Simon,,,,,,,2021-03-02,14:33:00,2021,3,2,,,,iNaturalist,,,HumanObservation
3 same time; but multiple / separate individuals,retain,https://www.inaturalist.org/observations/70790698,51812,imerss.org:iNat:70790698,,,Dave Zeuss Cochrane,,,PRESENT,Metridium farcimen,,WoRMS:283704,Metridium farcimen,Animalia,Cnidaria,Anthozoa,Actiniaria,Enthemonae,,Metridioidea,Metridiidae,Metridium,,farcimen,,species,Galiano Island,Canada,CA,British Columbia,,,48.967773,-123.557319,4,Dave Zeuss Cochrane,,,,,,,2021-03-07,05:14:00,2021,3,7,,,,iNaturalist,,,HumanObservation
3 same time; but multiple / separate individuals,retain,https://www.inaturalist.org/observations/70790699,51812,imerss.org:iNat:70790699,,,Dave Zeuss Cochrane,,,PRESENT,Metridium farcimen,,WoRMS:283704,Metridium farcimen,Animalia,Cnidaria,Anthozoa,Actiniaria,Enthemonae,,Metridioidea,Metridiidae,Metridium,,farcimen,,species,Galiano Island,Canada,CA,British Columbia,,,48.967773,-123.557319,4,Dave Zeuss Cochrane,,,,,,,2021-03-07,05:14:00,2021,3,7,,,,iNaturalist,,,HumanObservation
3 same time; but multiple / separate individuals,retain,https://www.inaturalist.org/observations/70864445,117641,imerss.org:iNat:70864445,,,Andrew Simon,,,PRESENT,Nucella lamellosa,,WoRMS:404218,Nucella lamellosa,Animalia,Mollusca,Gastropoda,Neogastropoda,,,Muricoidea,Muricidae,Nucella,,lamellosa,,species,Galiano Island,Canada,CA,British Columbia,,,48.859868,-123.362774,86,Andrew Simon,,,,,,,2021-03-08,18:31:00,2021,3,8,,,,iNaturalist,,,HumanObservation
3 same time; but multiple / separate individuals,retain,https://www.inaturalist.org/observations/70864447,117641,imerss.org:iNat:70864447,,,Andrew Simon,,,PRESENT,Nucella lamellosa,,WoRMS:404218,Nucella lamellosa,Animalia,Mollusca,Gastropoda,Neogastropoda,,,Muricoidea,Muricidae,Nucella,,lamellosa,,species,Galiano Island,Canada,CA,British Columbia,,,48.859868,-123.362774,86,Andrew Simon,,,,,,,2021-03-08,18:31:00,2021,3,8,,,,iNaturalist,,,HumanObservation
3 same time; but multiple / separate individuals,retain,https://www.inaturalist.org/observations/71173019,47807,imerss.org:iNat:71173019,,,Andrew Simon,,,PRESENT,Cnemidocarpa finmarkiensis,,WoRMS:103870,Cnemidocarpa finmarkiensis,Animalia,Chordata,Ascidiacea,Stolidobranchia,,,,Styelidae,Cnemidocarpa,,finmarkiensis,,species,Galiano Island,Canada,CA,British Columbia,,,48.859871,-123.362481,26,Andrew Simon,,,,,,,2021-03-13,14:20:00,2021,3,13,,,,iNaturalist,,,HumanObservation
3 same time; but multiple / separate individuals,retain,https://www.inaturalist.org/observations/71173023,47807,imerss.org:iNat:71173023,,,Andrew Simon,,,PRESENT,Cnemidocarpa finmarkiensis,,WoRMS:103870,Cnemidocarpa finmarkiensis,Animalia,Chordata,Ascidiacea,Stolidobranchia,,,,Styelidae,Cnemidocarpa,,finmarkiensis,,species,Galiano Island,Canada,CA,British Columbia,,,48.859871,-123.362481,26,Andrew Simon,,,,,,,2021-03-13,14:20:00,2021,3,13,,,,iNaturalist,,,HumanObservation
3 same time; but multiple / separate individuals,retain,https://www.inaturalist.org/observations/71178855,492672,imerss.org:iNat:71178855,,,Dave Zeuss Cochrane,,,PRESENT,Urticina grebelnyi,,WoRMS:283442,Urticina grebelnyi,Animalia,Cnidaria,Anthozoa,Actiniaria,Enthemonae,,Actinioidea,Actiniidae,Urticina,,grebelnyi,,species,Galiano Island,Canada,CA,British Columbia,,,48.85996,-123.362657,8,Dave Zeuss Cochrane,,,,Reported as Urticina crassicornis in collections at the RBCM (986-00197-009). This European species concept is commonly misapplied to U. grebelnyi. See Sanamyan and Sanamyan (2006).,,,2021-03-13,05:34:00,2021,3,13,,,,iNaturalist,,,HumanObservation
3 same time; but multiple / separate individuals,retain,https://www.inaturalist.org/observations/71178856,492672,imerss.org:iNat:71178856,,,Dave Zeuss Cochrane,,,PRESENT,Urticina grebelnyi,,WoRMS:283442,Urticina grebelnyi,Animalia,Cnidaria,Anthozoa,Actiniaria,Enthemonae,,Actinioidea,Actiniidae,Urticina,,grebelnyi,,species,Galiano Island,Canada,CA,British Columbia,,,48.85996,-123.362657,8,Dave Zeuss Cochrane,,,,Reported as Urticina crassicornis in collections at the RBCM (986-00197-009). This European species concept is commonly misapplied to U. grebelnyi. See Sanamyan and Sanamyan (2006).,,,2021-03-13,05:34:00,2021,3,13,,,,iNaturalist,,,HumanObservation
3 same time; but multiple / separate individuals,retain,https://www.inaturalist.org/observations/72245213,51658,imerss.org:iNat:72245213,,,Dave Zeuss Cochrane,,,PRESENT,Anthopleura artemisia,,WoRMS:283337,Anthopleura artemisia,Animalia,Cnidaria,Anthozoa,Actiniaria,Enthemonae,,Actinioidea,Actiniidae,Anthopleura,,artemisia,,species,Galiano Island,Canada,CA,British Columbia,,,48.896838,-123.336478,8,Dave Zeuss Cochrane,,,,,,,2021-03-27,08:55:00,2021,3,27,,,,iNaturalist,,,HumanObservation
3 same time; but multiple / separate individuals,retain,https://www.inaturalist.org/observations/72245215,51658,imerss.org:iNat:72245215,,,Dave Zeuss Cochrane,,,PRESENT,Anthopleura artemisia,,WoRMS:283337,Anthopleura artemisia,Animalia,Cnidaria,Anthozoa,Actiniaria,Enthemonae,,Actinioidea,Actiniidae,Anthopleura,,artemisia,,species,Galiano Island,Canada,CA,British Columbia,,,48.896838,-123.336478,8,Dave Zeuss Cochrane,,,,,,,2021-03-27,08:55:00,2021,3,27,,,,iNaturalist,,,HumanObservation
3 same time; but multiple / separate individuals,retain,https://www.inaturalist.org/observations/74605873,132521,imerss.org:iNat:74605873,,,Andrew Simon,,,PRESENT,Rhinogobiops nicholsii,,WoRMS:282580,Rhinogobiops nicholsii,Animalia,Chordata,Actinopterygii,Perciformes,,,,Gobiidae,Rhinogobiops,,nicholsii,,species,Galiano Island,Canada,CA,British Columbia,,,48.922575,-123.456251,62,Andrew Simon,,,,,,,2021-04-19,19:26:00,2021,4,19,,,,iNaturalist,,,HumanObservation
3 same time; but multiple / separate individuals,retain,https://www.inaturalist.org/observations/74605874,132521,imerss.org:iNat:74605874,,,Andrew Simon,,,PRESENT,Rhinogobiops nicholsii,,WoRMS:282580,Rhinogobiops nicholsii,Animalia,Chordata,Actinopterygii,Perciformes,,,,Gobiidae,Rhinogobiops,,nicholsii,,species,Galiano Island,Canada,CA,British Columbia,,,48.922575,-123.456251,62,Andrew Simon,,,,,,,2021-04-19,19:26:00,2021,4,19,,,,iNaturalist,,,HumanObservation
3 same time; but multiple / separate individuals,retain,https://www.inaturalist.org/observations/84398165,49699,imerss.org:iNat:84398165,,,Andrew Simon,,,PRESENT,Pisaster ochraceus,,WoRMS:240755,Pisaster ochraceus,Animalia,Echinodermata,Asteroidea,Forcipulatida,,,,Asteriidae,Pisaster,,ochraceus,,species,Galiano Island,Canada,CA,British Columbia,,,48.877607,-123.39186,360,Andrew Simon,,,,,,,2021-06-24,20:07:00,2021,6,24,,,,iNaturalist,,,HumanObservation
3 same time; but multiple / separate individuals,retain,https://www.inaturalist.org/observations/84398166,49699,imerss.org:iNat:84398166,,,Andrew Simon,,,PRESENT,Pisaster ochraceus,,WoRMS:240755,Pisaster ochraceus,Animalia,Echinodermata,Asteroidea,Forcipulatida,,,,Asteriidae,Pisaster,,ochraceus,,species,Galiano Island,Canada,CA,British Columbia,,,48.877607,-123.39186,360,Andrew Simon,,,,,,,2021-06-24,20:07:00,2021,6,24,,,,iNaturalist,,,HumanObservation
3 same time; but multiple / separate individuals,retain,https://www.inaturalist.org/observations/84398428,49699,imerss.org:iNat:84398428,,,Andrew Simon,,,PRESENT,Pisaster ochraceus,,WoRMS:240755,Pisaster ochraceus,Animalia,Echinodermata,Asteroidea,Forcipulatida,,,,Asteriidae,Pisaster,,ochraceus,,species,Galiano Island,Canada,CA,British Columbia,,,48.874204,-123.390254,312,Andrew Simon,,,,,,,2021-06-24,20:21:00,2021,6,24,,,,iNaturalist,,,HumanObservation
3 same time; but multiple / separate individuals,retain,https://www.inaturalist.org/observations/84398430,49699,imerss.org:iNat:84398430,,,Andrew Simon,,,PRESENT,Pisaster ochraceus,,WoRMS:240755,Pisaster ochraceus,Animalia,Echinodermata,Asteroidea,Forcipulatida,,,,Asteriidae,Pisaster,,ochraceus,,species,Galiano Island,Canada,CA,British Columbia,,,48.874204,-123.390254,312,Andrew Simon,,,,,,,2021-06-24,20:21:00,2021,6,24,,,,iNaturalist,,,HumanObservation
3 same time; but multiple / separate individuals,retain,https://www.inaturalist.org/observations/84819120,52564,imerss.org:iNat:84819120,,,Andrew Simon,,,PRESENT,Anthopleura elegantissima,,WoRMS:283347,Anthopleura elegantissima,Animalia,Cnidaria,Anthozoa,Actiniaria,Enthemonae,,Actinioidea,Actiniidae,Anthopleura,,elegantissima,,species,Galiano Island,Canada,CA,British Columbia,,,48.875897,-123.401226,77,Andrew Simon,,,,,,,2021-06-27,19:04:00,2021,6,27,,,,iNaturalist,,,HumanObservation
3 same time; but multiple / separate individuals,retain,https://www.inaturalist.org/observations/84819121,52564,imerss.org:iNat:84819121,,,Andrew Simon,,,PRESENT,Anthopleura elegantissima,,WoRMS:283347,Anthopleura elegantissima,Animalia,Cnidaria,Anthozoa,Actiniaria,Enthemonae,,Actinioidea,Actiniidae,Anthopleura,,elegantissima,,species,Galiano Island,Canada,CA,British Columbia,,,48.875897,-123.401226,77,Andrew Simon,,,,,,,2021-06-27,19:04:00,2021,6,27,,,,iNaturalist,,,HumanObservation
3 same time; but multiple / separate individuals,retain,https://www.inaturalist.org/observations/84943920,63382,imerss.org:iNat:84943920,,,Catiemac,,,PRESENT,Dermasterias imbricata,,WoRMS:240771,Dermasterias imbricata,Animalia,Echinodermata,Asteroidea,Valvatida,,,,Asteropseidae,Dermasterias,,imbricata,,species,Galiano Island,Canada,CA,British Columbia,,,48.903206,-123.447496,345,Catiemac,,,,,,,2021-06-28,19:00:00,2021,6,28,,,,iNaturalist,,,HumanObservation
3 same time; but multiple / separate individuals,retain,https://www.inaturalist.org/observations/84943921,63382,imerss.org:iNat:84943921,,,Catiemac,,,PRESENT,Dermasterias imbricata,,WoRMS:240771,Dermasterias imbricata,Animalia,Echinodermata,Asteroidea,Valvatida,,,,Asteropseidae,Dermasterias,,imbricata,,species,Galiano Island,Canada,CA,British Columbia,,,48.903206,-123.447496,345,Catiemac,,,,,,,2021-06-28,19:00:00,2021,6,28,,,,iNaturalist,,,HumanObservation
3 same time; but multiple / separate individuals,retain,https://www.inaturalist.org/observations/84943925,63382,imerss.org:iNat:84943925,,,Catiemac,,,PRESENT,Dermasterias imbricata,,WoRMS:240771,Dermasterias imbricata,Animalia,Echinodermata,Asteroidea,Valvatida,,,,Asteropseidae,Dermasterias,,imbricata,,species,Galiano Island,Canada,CA,British Columbia,,,48.903206,-123.447496,345,Catiemac,,,,,,,2021-06-28,19:00:00,2021,6,28,,,,iNaturalist,,,HumanObservation
3 same time; but multiple / separate individuals,retain,https://www.inaturalist.org/observations/84943927,63382,imerss.org:iNat:84943927,,,Catiemac,,,PRESENT,Dermasterias imbricata,,WoRMS:240771,Dermasterias imbricata,Animalia,Echinodermata,Asteroidea,Valvatida,,,,Asteropseidae,Dermasterias,,imbricata,,species,Galiano Island,Canada,CA,British Columbia,,,48.903206,-123.447496,345,Catiemac,,,,,,,2021-06-28,19:00:00,2021,6,28,,,,iNaturalist,,,HumanObservation
3 same time; but multiple / separate individuals,retain,https://www.inaturalist.org/observations/84943929,63382,imerss.org:iNat:84943929,,,Catiemac,,,PRESENT,Dermasterias imbricata,,WoRMS:240771,Dermasterias imbricata,Animalia,Echinodermata,Asteroidea,Valvatida,,,,Asteropseidae,Dermasterias,,imbricata,,species,Galiano Island,Canada,CA,British Columbia,,,48.903206,-123.447496,345,Catiemac,,,,,,,2021-06-28,19:00:00,2021,6,28,,,,iNaturalist,,,HumanObservation
3 same time; but multiple / separate individuals,retain,https://www.inaturalist.org/observations/84943930,63382,imerss.org:iNat:84943930,,,Catiemac,,,PRESENT,Dermasterias imbricata,,WoRMS:240771,Dermasterias imbricata,Animalia,Echinodermata,Asteroidea,Valvatida,,,,Asteropseidae,Dermasterias,,imbricata,,species,Galiano Island,Canada,CA,British Columbia,,,48.903206,-123.447496,345,Catiemac,,,,,,,2021-06-28,19:00:00,2021,6,28,,,,iNaturalist,,,HumanObservation
3 same time; but multiple / separate individuals,retain,https://www.inaturalist.org/observations/84943932,63382,imerss.org:iNat:84943932,,,Catiemac,,,PRESENT,Dermasterias imbricata,,WoRMS:240771,Dermasterias imbricata,Animalia,Echinodermata,Asteroidea,Valvatida,,,,Asteropseidae,Dermasterias,,imbricata,,species,Galiano Island,Canada,CA,British Columbia,,,48.903206,-123.447496,345,Catiemac,,,,,,,2021-06-28,19:00:00,2021,6,28,,,,iNaturalist,,,HumanObservation
3 same time; but multiple / separate individuals,retain,https://www.inaturalist.org/observations/84943937,63382,imerss.org:iNat:84943937,,,Catiemac,,,PRESENT,Dermasterias imbricata,,WoRMS:240771,Dermasterias imbricata,Animalia,Echinodermata,Asteroidea,Valvatida,,,,Asteropseidae,Dermasterias,,imbricata,,species,Galiano Island,Canada,CA,British Columbia,,,48.903206,-123.447496,345,Catiemac,,,,,,,2021-06-28,19:00:00,2021,6,28,,,,iNaturalist,,,HumanObservation
3 same time; but multiple / separate individuals,retain,https://www.inaturalist.org/observations/84943941,63382,imerss.org:iNat:84943941,,,Catiemac,,,PRESENT,Dermasterias imbricata,,WoRMS:240771,Dermasterias imbricata,Animalia,Echinodermata,Asteroidea,Valvatida,,,,Asteropseidae,Dermasterias,,imbricata,,species,Galiano Island,Canada,CA,British Columbia,,,48.903206,-123.447496,345,Catiemac,,,,,,,2021-06-28,19:00:00,2021,6,28,,,,iNaturalist,,,HumanObservation
3 same time; but multiple / separate individuals,retain,https://www.inaturalist.org/observations/84943943,63382,imerss.org:iNat:84943943,,,Catiemac,,,PRESENT,Dermasterias imbricata,,WoRMS:240771,Dermasterias imbricata,Animalia,Echinodermata,Asteroidea,Valvatida,,,,Asteropseidae,Dermasterias,,imbricata,,species,Galiano Island,Canada,CA,British Columbia,,,48.903206,-123.447496,345,Catiemac,,,,,,,2021-06-28,19:00:00,2021,6,28,,,,iNaturalist,,,HumanObservation
3 same time; but multiple / separate individuals,retain,https://www.inaturalist.org/observations/84943947,49699,imerss.org:iNat:84943947,,,Catiemac,,,PRESENT,Pisaster ochraceus,,WoRMS:240755,Pisaster ochraceus,Animalia,Echinodermata,Asteroidea,Forcipulatida,,,,Asteriidae,Pisaster,,ochraceus,,species,Galiano Island,Canada,CA,British Columbia,,,48.903206,-123.447496,345,Catiemac,,,,,,,2021-06-28,19:00:00,2021,6,28,,,,iNaturalist,,,HumanObservation
3 same time; but multiple / separate individuals,retain,https://www.inaturalist.org/observations/84943949,49699,imerss.org:iNat:84943949,,,Catiemac,,,PRESENT,Pisaster ochraceus,,WoRMS:240755,Pisaster ochraceus,Animalia,Echinodermata,Asteroidea,Forcipulatida,,,,Asteriidae,Pisaster,,ochraceus,,species,Galiano Island,Canada,CA,British Columbia,,,48.903206,-123.447496,345,Catiemac,,,,,,,2021-06-28,19:00:00,2021,6,28,,,,iNaturalist,,,HumanObservation
3 same time; but multiple / separate individuals,retain,https://www.inaturalist.org/observations/84943956,49699,imerss.org:iNat:84943956,,,Catiemac,,,PRESENT,Pisaster ochraceus,,WoRMS:240755,Pisaster ochraceus,Animalia,Echinodermata,Asteroidea,Forcipulatida,,,,Asteriidae,Pisaster,,ochraceus,,species,Galiano Island,Canada,CA,British Columbia,,,48.903206,-123.447496,345,Catiemac,,,,,,,2021-06-28,19:00:00,2021,6,28,,,,iNaturalist,,,HumanObservation
3 same time; but multiple / separate individuals,retain,https://www.inaturalist.org/observations/84943967,63382,imerss.org:iNat:84943967,,,Catiemac,,,PRESENT,Dermasterias imbricata,,WoRMS:240771,Dermasterias imbricata,Animalia,Echinodermata,Asteroidea,Valvatida,,,,Asteropseidae,Dermasterias,,imbricata,,species,Galiano Island,Canada,CA,British Columbia,,,48.903206,-123.447496,345,Catiemac,,,,,,,2021-06-28,19:00:00,2021,6,28,,,,iNaturalist,,,HumanObservation
3 same time; but multiple / separate individuals,retain,https://www.inaturalist.org/observations/84943975,84265,imerss.org:iNat:84943975,,,Catiemac,,,PRESENT,Evasterias troschelii,,WoRMS:255040,Evasterias troschelii,Animalia,Echinodermata,Asteroidea,Forcipulatida,,,,Asteriidae,Evasterias,,troschelii,,species,Galiano Island,Canada,CA,British Columbia,,,48.903206,-123.447496,345,Catiemac,,,,,,,2021-06-28,19:00:00,2021,6,28,,,,iNaturalist,,,HumanObservation
3 same time; but multiple / separate individuals,retain,https://www.inaturalist.org/observations/84943979,84265,imerss.org:iNat:84943979,,,Catiemac,,,PRESENT,Evasterias troschelii,,WoRMS:255040,Evasterias troschelii,Animalia,Echinodermata,Asteroidea,Forcipulatida,,,,Asteriidae,Evasterias,,troschelii,,species,Galiano Island,Canada,CA,British Columbia,,,48.903206,-123.447496,345,Catiemac,,,,,,,2021-06-28,19:00:00,2021,6,28,,,,iNaturalist,,,HumanObservation
3 same time; but multiple / separate individuals,retain,https://www.inaturalist.org/observations/84943983,63382,imerss.org:iNat:84943983,,,Catiemac,,,PRESENT,Dermasterias imbricata,,WoRMS:240771,Dermasterias imbricata,Animalia,Echinodermata,Asteroidea,Valvatida,,,,Asteropseidae,Dermasterias,,imbricata,,species,Galiano Island,Canada,CA,British Columbia,,,48.903206,-123.447496,345,Catiemac,,,,,,,2021-06-28,19:00:00,2021,6,28,,,,iNaturalist,,,HumanObservation
3 same time; but multiple / separate individuals,retain,https://www.inaturalist.org/observations/84948266,49699,imerss.org:iNat:84948266,,,Andrew Simon,,,PRESENT,Pisaster ochraceus,,WoRMS:240755,Pisaster ochraceus,Animalia,Echinodermata,Asteroidea,Forcipulatida,,,,Asteriidae,Pisaster,,ochraceus,,species,Galiano Island,Canada,CA,British Columbia,,,48.875917,-123.401287,76,Andrew Simon,,,,,,,2021-06-28,19:25:00,2021,6,28,,,,iNaturalist,,,HumanObservation
3 same time; but multiple / separate individuals,retain,https://www.inaturalist.org/observations/84948267,49699,imerss.org:iNat:84948267,,,Andrew Simon,,,PRESENT,Pisaster ochraceus,,WoRMS:240755,Pisaster ochraceus,Animalia,Echinodermata,Asteroidea,Forcipulatida,,,,Asteriidae,Pisaster,,ochraceus,,species,Galiano Island,Canada,CA,British Columbia,,,48.875917,-123.401287,76,Andrew Simon,,,,,,,2021-06-28,19:25:00,2021,6,28,,,,iNaturalist,,,HumanObservation
X duplicated observation (see other X),retain,https://www.inaturalist.org/observations/2755465,52539,imerss.org:iNat:2755465,,,Peter,,,PRESENT,Ophiodon elongatus,,WoRMS:240745,Ophiodon elongatus,Animalia,Chordata,Actinopterygii,Scorpaeniformes,,,,Hexagrammidae,Ophiodon,,elongatus,,species,Galiano Island,Canada,CA,British Columbia,,,49.013577,-123.58778,661,Peter,,,,,,,2016-02-18,,2016,2,18,,,,iNaturalist,,,HumanObservation
X duplicated observation (see other X),remove,https://www.inaturalist.org/observations/2755465,52539,imerss.org:iNat:2755465,,,Peter,,,PRESENT,Ophiodon elongatus,,WoRMS:240745,Ophiodon elongatus,Animalia,Chordata,Actinopterygii,Scorpaeniformes,,,,Hexagrammidae,Ophiodon,,elongatus,,species,Galiano Island,Canada,CA,British Columbia,,,49.013577,-123.58778,661,Peter,,,,,,,2016-02-18,,2016,2,18,,,,iNaturalist,,,HumanObservation
X duplicated observation (see other X),remove,https://www.inaturalist.org/observations/2755465,52539,imerss.org:iNat:2755465,,,Peter,,,PRESENT,Ophiodon elongatus,,WoRMS:240745,Ophiodon elongatus,Animalia,Chordata,Actinopterygii,Scorpaeniformes,,,,Hexagrammidae,Ophiodon,,elongatus,,species,Galiano Island,Canada,CA,British Columbia,,,49.013577,-123.58778,661,Peter,,,,,,,2016-02-18,,2016,2,18,,,,iNaturalist,,,HumanObservation
X duplicated observation (see other X),remove,https://www.inaturalist.org/observations/2755465,52539,imerss.org:iNat:2755465,,,Peter,,,PRESENT,Ophiodon elongatus,,WoRMS:240745,Ophiodon elongatus,Animalia,Chordata,Actinopterygii,Scorpaeniformes,,,,Hexagrammidae,Ophiodon,,elongatus,,species,Galiano Island,Canada,CA,British Columbia,,,49.013577,-123.58778,661,Peter,,,,,,,2016-02-18,,2016,2,18,,,,iNaturalist,,,HumanObservation
XX duplicated observation (see other XX),retain,https://www.inaturalist.org/observations/72245214,51658,imerss.org:iNat:72245214,,,Dave Zeuss Cochrane,,,PRESENT,Anthopleura artemisia,,WoRMS:283337,Anthopleura artemisia,Animalia,Cnidaria,Anthozoa,Actiniaria,Enthemonae,,Actinioidea,Actiniidae,Anthopleura,,artemisia,,species,Galiano Island,Canada,CA,British Columbia,,,48.896838,-123.336478,8,Dave Zeuss Cochrane,,,,,,,2021-03-27,08:55:00,2021,3,27,,,,iNaturalist,,,HumanObservation
XX duplicated observation (see other XX),remove,https://www.inaturalist.org/observations/72245214,51658,imerss.org:iNat:72245214,,,Dave Zeuss Cochrane,,,PRESENT,Anthopleura artemisia,,WoRMS:283337,Anthopleura artemisia,Animalia,Cnidaria,Anthozoa,Actiniaria,Enthemonae,,Actinioidea,Actiniidae,Anthopleura,,artemisia,,species,Galiano Island,Canada,CA,British Columbia,,,48.896838,-123.336478,8,Dave Zeuss Cochrane,,,,,,,2021-03-27,08:55:00,2021,3,27,,,,iNaturalist,,,HumanObservation
XXX duplicated observation (see other XXX),retain,https://www.inaturalist.org/observations/84943985,49699,imerss.org:iNat:84943985,,,Catiemac,,,PRESENT,Pisaster ochraceus,,WoRMS:240755,Pisaster ochraceus,Animalia,Echinodermata,Asteroidea,Forcipulatida,,,,Asteriidae,Pisaster,,ochraceus,,species,Galiano Island,Canada,CA,British Columbia,,,48.903206,-123.447496,345,Catiemac,,,,,,,2021-06-28,19:00:00,2021,6,28,,,,iNaturalist,,,HumanObservation
XXX duplicated observation (see other XXX),remove,https://www.inaturalist.org/observations/84943985,49699,imerss.org:iNat:84943985,,,Catiemac,,,PRESENT,Pisaster ochraceus,,WoRMS:240755,Pisaster ochraceus,Animalia,Echinodermata,Asteroidea,Forcipulatida,,,,Asteriidae,Pisaster,,ochraceus,,species,Galiano Island,Canada,CA,British Columbia,,,48.903206,-123.447496,345,Catiemac,,,,,,,2021-06-28,19:00:00,2021,6,28,,,,iNaturalist,,,HumanObservation
XXX duplicated observation (see other XXX),remove,https://www.inaturalist.org/observations/84943985,49699,imerss.org:iNat:84943985,,,Catiemac,,,PRESENT,Pisaster ochraceus,,WoRMS:240755,Pisaster ochraceus,Animalia,Echinodermata,Asteroidea,Forcipulatida,,,,Asteriidae,Pisaster,,ochraceus,,species,Galiano Island,Canada,CA,British Columbia,,,48.903206,-123.447496,345,Catiemac,,,,,,,2021-06-28,19:00:00,2021,6,28,,,,iNaturalist,,,HumanObservation
XXXX duplicated observation (see other XXXX),retain,https://www.inaturalist.org/observations/84943916,63382,imerss.org:iNat:84943916,,,Catiemac,,,PRESENT,Dermasterias imbricata,,WoRMS:240771,Dermasterias imbricata,Animalia,Echinodermata,Asteroidea,Valvatida,,,,Asteropseidae,Dermasterias,,imbricata,,species,Galiano Island,Canada,CA,British Columbia,,,48.903206,-123.447496,345,Catiemac,,,,,,,2021-06-28,19:00:00,2021,6,28,,,,iNaturalist,,,HumanObservation
XXXX duplicated observation (see other XXXX),remove,https://www.inaturalist.org/observations/84943916,63382,imerss.org:iNat:84943916,,,Catiemac,,,PRESENT,Dermasterias imbricata,,WoRMS:240771,Dermasterias imbricata,Animalia,Echinodermata,Asteroidea,Valvatida,,,,Asteropseidae,Dermasterias,,imbricata,,species,Galiano Island,Canada,CA,British Columbia,,,48.903206,-123.447496,345,Catiemac,,,,,,,2021-06-28,19:00:00,2021,6,28,,,,iNaturalist,,,HumanObservation
XXXX duplicated observation (see other XXXX),remove,https://www.inaturalist.org/observations/84943916,63382,imerss.org:iNat:84943916,,,Catiemac,,,PRESENT,Dermasterias imbricata,,WoRMS:240771,Dermasterias imbricata,Animalia,Echinodermata,Asteroidea,Valvatida,,,,Asteropseidae,Dermasterias,,imbricata,,species,Galiano Island,Canada,CA,British Columbia,,,48.903206,-123.447496,345,Catiemac,,,,,,,2021-06-28,19:00:00,2021,6,28,,,,iNaturalist,,,HumanObservation
XXXX duplicated observation (see other XXXX),remove,https://www.inaturalist.org/observations/84943916,63382,imerss.org:iNat:84943916,,,Catiemac,,,PRESENT,Dermasterias imbricata,,WoRMS:240771,Dermasterias imbricata,Animalia,Echinodermata,Asteroidea,Valvatida,,,,Asteropseidae,Dermasterias,,imbricata,,species,Galiano Island,Canada,CA,British Columbia,,,48.903206,-123.447496,345,Catiemac,,,,,,,2021-06-28,19:00:00,2021,6,28,,,,iNaturalist,,,HumanObservation
XXXX duplicated observation (see other XXXX),remove,https://www.inaturalist.org/observations/84943916,63382,imerss.org:iNat:84943916,,,Catiemac,,,PRESENT,Dermasterias imbricata,,WoRMS:240771,Dermasterias imbricata,Animalia,Echinodermata,Asteroidea,Valvatida,,,,Asteropseidae,Dermasterias,,imbricata,,species,Galiano Island,Canada,CA,British Columbia,,,48.903206,-123.447496,345,Catiemac,,,,,,,2021-06-28,19:00:00,2021,6,28,,,,iNaturalist,,,HumanObservation
XXXX duplicated observation (see other XXXX),remove,https://www.inaturalist.org/observations/84943916,63382,imerss.org:iNat:84943916,,,Catiemac,,,PRESENT,Dermasterias imbricata,,WoRMS:240771,Dermasterias imbricata,Animalia,Echinodermata,Asteroidea,Valvatida,,,,Asteropseidae,Dermasterias,,imbricata,,species,Galiano Island,Canada,CA,British Columbia,,,48.903206,-123.447496,345,Catiemac,,,,,,,2021-06-28,19:00:00,2021,6,28,,,,iNaturalist,,,HumanObservation
XXXX duplicated observation (see other XXXX),remove,https://www.inaturalist.org/observations/84943916,63382,imerss.org:iNat:84943916,,,Catiemac,,,PRESENT,Dermasterias imbricata,,WoRMS:240771,Dermasterias imbricata,Animalia,Echinodermata,Asteroidea,Valvatida,,,,Asteropseidae,Dermasterias,,imbricata,,species,Galiano Island,Canada,CA,British Columbia,,,48.903206,-123.447496,345,Catiemac,,,,,,,2021-06-28,19:00:00,2021,6,28,,,,iNaturalist,,,HumanObservation
XXXX duplicated observation (see other XXXX),remove,https://www.inaturalist.org/observations/84943916,63382,imerss.org:iNat:84943916,,,Catiemac,,,PRESENT,Dermasterias imbricata,,WoRMS:240771,Dermasterias imbricata,Animalia,Echinodermata,Asteroidea,Valvatida,,,,Asteropseidae,Dermasterias,,imbricata,,species,Galiano Island,Canada,CA,British Columbia,,,48.903206,-123.447496,345,Catiemac,,,,,,,2021-06-28,19:00:00,2021,6,28,,,,iNaturalist,,,HumanObservation
XXXX duplicated observation (see other XXXX),remove,https://www.inaturalist.org/observations/84943916,63382,imerss.org:iNat:84943916,,,Catiemac,,,PRESENT,Dermasterias imbricata,,WoRMS:240771,Dermasterias imbricata,Animalia,Echinodermata,Asteroidea,Valvatida,,,,Asteropseidae,Dermasterias,,imbricata,,species,Galiano Island,Canada,CA,British Columbia,,,48.903206,-123.447496,345,Catiemac,,,,,,,2021-06-28,19:00:00,2021,6,28,,,,iNaturalist,,,HumanObservation
XXXX duplicated observation (see other XXXX),remove,https://www.inaturalist.org/observations/84943916,63382,imerss.org:iNat:84943916,,,Catiemac,,,PRESENT,Dermasterias imbricata,,WoRMS:240771,Dermasterias imbricata,Animalia,Echinodermata,Asteroidea,Valvatida,,,,Asteropseidae,Dermasterias,,imbricata,,species,Galiano Island,Canada,CA,British Columbia,,,48.903206,-123.447496,345,Catiemac,,,,,,,2021-06-28,19:00:00,2021,6,28,,,,iNaturalist,,,HumanObservation
XXXX duplicated observation (see other XXXX),remove,https://www.inaturalist.org/observations/84943916,63382,imerss.org:iNat:84943916,,,Catiemac,,,PRESENT,Dermasterias imbricata,,WoRMS:240771,Dermasterias imbricata,Animalia,Echinodermata,Asteroidea,Valvatida,,,,Asteropseidae,Dermasterias,,imbricata,,species,Galiano Island,Canada,CA,British Columbia,,,48.903206,-123.447496,345,Catiemac,,,,,,,2021-06-28,19:00:00,2021,6,28,,,,iNaturalist,,,HumanObservation
XXXX duplicated observation (see other XXXX),remove,https://www.inaturalist.org/observations/84943916,63382,imerss.org:iNat:84943916,,,Catiemac,,,PRESENT,Dermasterias imbricata,,WoRMS:240771,Dermasterias imbricata,Animalia,Echinodermata,Asteroidea,Valvatida,,,,Asteropseidae,Dermasterias,,imbricata,,species,Galiano Island,Canada,CA,British Columbia,,,48.903206,-123.447496,345,Catiemac,,,,,,,2021-06-28,19:00:00,2021,6,28,,,,iNaturalist,,,HumanObservation
XXXX duplicated observation (see other XXXX),remove,https://www.inaturalist.org/observations/84943916,63382,imerss.org:iNat:84943916,,,Catiemac,,,PRESENT,Dermasterias imbricata,,WoRMS:240771,Dermasterias imbricata,Animalia,Echinodermata,Asteroidea,Valvatida,,,,Asteropseidae,Dermasterias,,imbricata,,species,Galiano Island,Canada,CA,British Columbia,,,48.903206,-123.447496,345,Catiemac,,,,,,,2021-06-28,19:00:00,2021,6,28,,,,iNaturalist,,,HumanObservation
XXXXX duplicated observation (see other XXXXX),retain,https://www.inaturalist.org/observations/4017313,333608,imerss.org:iNat:4017313,,,Andrew Simon,,,PRESENT,Leukoma staminea,,WoRMS:507737,Leukoma staminea,Animalia,Mollusca,Bivalvia,Venerida,,,Veneroidea,Veneridae,Leukoma,,staminea,,species,Galiano Island,Canada,CA,British Columbia,,,48.876319,-123.318282,64,Andrew Simon,,,,,,,2016-09-01,,2016,9,1,,,,iNaturalist,,,HumanObservation
XXXXX duplicated observation (see other XXXXX),remove,https://www.inaturalist.org/observations/4017313,333608,imerss.org:iNat:4017313,,,Andrew Simon,,,PRESENT,Leukoma staminea,,WoRMS:507737,Leukoma staminea,Animalia,Mollusca,Bivalvia,Venerida,,,Veneroidea,Veneridae,Leukoma,,staminea,,species,Galiano Island,Canada,CA,British Columbia,,,48.876319,-123.318282,64,Andrew Simon,,,,,,,2016-09-01,,2016,9,1,,,,iNaturalist,,,HumanObservation